[2026-07-11T00:47:14.090Z] [LOG] ‚úÖ File .env caricato correttamente in server.js
[2026-07-11T00:47:14.106Z] [LOG] Server running on http://0.0.0.0:3000
[2026-07-11T00:47:17.127Z] [LOG] üì§ Invio dell'ordine a SheetDB...
[2026-07-11T00:47:21.479Z] [LOG] [BACKEND] Ricevuta richiesta POST su /api/lotto/archive per resettare e archiviare il lotto.
[2026-07-11T00:47:21.479Z] [LOG] [BACKEND] Contenuto di lotto.json PRIMA del reset: {
  "numero_totale_articoli": 3,
  "costo_totale_prodotti_usd": 0,
  "spedizione_corrente_usd": 4,
  "costo_complessivo_lotto_usd": 4
}
[2026-07-11T00:47:21.479Z] [LOG] [BACKEND] Lotto corrente aggiunto con successo in lotto_archive.json.
[2026-07-11T00:47:21.479Z] [LOG] [BACKEND] Scritto resetLotto in lotto.json: {
  "numero_totale_articoli": 0,
  "costo_totale_prodotti_usd": 0,
  "spedizione_corrente_usd": 4,
  "costo_complessivo_lotto_usd": 0
}
[2026-07-11T00:47:21.515Z] [LOG] [BACKEND] Recuperato tasso di cambio live USD/EUR: 0.874818
[2026-07-11T00:47:21.515Z] [LOG] [BACKEND] Eliminazione vecchia riga 'Lotto Corrente' da Google Sheets tramite SheetDB...
[2026-07-11T00:47:21.927Z] [LOG] [BACKEND] Risposta DELETE da SheetDB (Stato HTTP): 404
[2026-07-11T00:47:21.927Z] [LOG] [BACKEND] Inserimento nuova riga azzerata in Google Sheets via SheetDB...
[2026-07-11T00:47:22.305Z] [LOG] [BACKEND] Risposta POST da SheetDB (Stato HTTP): 404
[2026-07-11T00:47:22.307Z] [LOG] [BACKEND] Reset completato con successo. Lotto dopo il reset: {
  "numero_totale_articoli": 0,
  "costo_totale_prodotti_usd": 0,
  "spedizione_corrente_usd": 4,
  "costo_complessivo_lotto_usd": 0
}
[2026-07-16T11:01:06.505Z] [LOG] ‚úÖ File .env caricato correttamente in server.js
[2026-07-16T11:01:06.533Z] [LOG] üöÄ Server running on http://0.0.0.0:3000
[2026-07-16T11:01:06.533Z] [LOG] === INIZIO PULIZIA AUTOMATICA ARCHIVIO LOTTI ===
[2026-07-16T11:01:06.534Z] [LOG] [BACKEND CLEANUP] Pulizia lotti completata. Rimasti 3 lotti reali.
[2026-07-16T11:01:06.534Z] [LOG] === FINE PULIZIA AUTOMATICA ARCHIVIO LOTTI ===
[2026-07-16T11:01:06.535Z] [LOG] üìÇ Inizializzazione e unione automatica dati amministrativi estesi...
[2026-07-16T11:01:06.802Z] [LOG] üöö Servizio Sincronizzazione Automatica Tracking (17TRACK) avviato con successo.
[2026-07-16T11:01:09.621Z] [LOG] === CARICAMENTO IMPOSTAZIONI DA SUPABASE ALL'AVVIO ===
[2026-07-16T11:01:09.621Z] [LOG] [DEBUG] Syncing settings from Supabase table 'price_rules'...
[2026-07-16T11:01:09.663Z] [LOG] [DEBUG] Loaded settings from Supabase successfully (22 keys processed).
[2026-07-16T11:01:09.663Z] [LOG] === INIZIO STANDARDIZZAZIONE DATABASE SUPABASE ===
[2026-07-16T11:01:09.811Z] [LOG] === COMPLETATO STANDARDIZZAZIONE DATABASE SUPABASE ===
[2026-07-16T11:01:10.363Z] [LOG] [API /api/products] Batch 1 loaded: 1000 items (Range: 0-999)
[2026-07-16T11:01:10.466Z] [LOG] [API /api/products] Batch 2 loaded: 1000 items (Range: 1000-1999)
[2026-07-16T11:01:10.606Z] [LOG] [API /api/products] Batch 3 loaded: 487 items (Range: 2000-2999)
[2026-07-16T11:01:10.607Z] [LOG] [API /api/products] Successfully loaded 2487 products from Supabase in 344ms
[2026-07-16T11:01:23.330Z] [LOG] >>> ENTRATA GET /api/settings
[2026-07-16T11:01:23.331Z] [LOG] [DEBUG] Syncing settings from Supabase table 'price_rules'...
[2026-07-16T11:01:23.375Z] [LOG] [DEBUG] Loaded settings from Supabase successfully (22 keys processed).
[2026-07-16T11:02:32.916Z] [LOG] >>> ENTRATA GET /api/settings
[2026-07-16T11:02:32.917Z] [LOG] [DEBUG] Syncing settings from Supabase table 'price_rules'...
[2026-07-16T11:02:33.014Z] [LOG] [DEBUG] Loaded settings from Supabase successfully (22 keys processed).
[2026-07-16T11:03:06.803Z] [LOG] üöö Esecuzione sincronizzazione periodica tracking attiva...
[2026-07-16T11:05:06.803Z] [LOG] üöö Esecuzione sincronizzazione periodica tracking attiva...
[2026-07-16T11:07:06.803Z] [LOG] üöö Esecuzione sincronizzazione periodica tracking attiva...
[2026-07-16T11:08:09.247Z] [LOG] ‚úÖ File .env caricato correttamente in server.js
[2026-07-16T11:08:09.268Z] [LOG] üöÄ Server running on http://0.0.0.0:3000
[2026-07-16T11:08:09.268Z] [LOG] === INIZIO PULIZIA AUTOMATICA ARCHIVIO LOTTI ===
[2026-07-16T11:08:09.269Z] [LOG] [BACKEND CLEANUP] Pulizia lotti completata. Rimasti 3 lotti reali.
[2026-07-16T11:08:09.269Z] [LOG] === FINE PULIZIA AUTOMATICA ARCHIVIO LOTTI ===
[2026-07-16T11:08:09.270Z] [LOG] üìÇ Inizializzazione e unione automatica dati amministrativi estesi...
[2026-07-16T11:08:09.495Z] [LOG] üöö Servizio Sincronizzazione Automatica Tracking (17TRACK) avviato con successo.
[2026-07-16T11:08:12.330Z] [LOG] === CARICAMENTO IMPOSTAZIONI DA SUPABASE ALL'AVVIO ===
[2026-07-16T11:08:12.331Z] [LOG] [DEBUG] Syncing settings from Supabase table 'price_rules'...
[2026-07-16T11:08:12.389Z] [LOG] [DEBUG] Loaded settings from Supabase successfully (22 keys processed).
[2026-07-16T11:08:12.390Z] [LOG] === INIZIO STANDARDIZZAZIONE DATABASE SUPABASE ===
[2026-07-16T11:08:12.588Z] [LOG] === COMPLETATO STANDARDIZZAZIONE DATABASE SUPABASE ===
[2026-07-16T11:08:17.924Z] [LOG] ‚úÖ File .env caricato correttamente in server.js
[2026-07-16T11:08:17.944Z] [LOG] üöÄ Server running on http://0.0.0.0:3000
[2026-07-16T11:08:17.945Z] [LOG] === INIZIO PULIZIA AUTOMATICA ARCHIVIO LOTTI ===
[2026-07-16T11:08:17.945Z] [LOG] [BACKEND CLEANUP] Pulizia lotti completata. Rimasti 3 lotti reali.
[2026-07-16T11:08:17.946Z] [LOG] === FINE PULIZIA AUTOMATICA ARCHIVIO LOTTI ===
[2026-07-16T11:08:17.946Z] [LOG] üìÇ Inizializzazione e unione automatica dati amministrativi estesi...
[2026-07-16T11:08:18.136Z] [LOG] üöö Servizio Sincronizzazione Automatica Tracking (17TRACK) avviato con successo.
[2026-07-16T11:08:21.004Z] [LOG] === CARICAMENTO IMPOSTAZIONI DA SUPABASE ALL'AVVIO ===
[2026-07-16T11:08:21.005Z] [LOG] [DEBUG] Syncing settings from Supabase table 'price_rules'...
[2026-07-16T11:08:21.041Z] [LOG] [DEBUG] Loaded settings from Supabase successfully (22 keys processed).
[2026-07-16T11:08:21.041Z] [LOG] === INIZIO STANDARDIZZAZIONE DATABASE SUPABASE ===
[2026-07-16T11:08:21.191Z] [LOG] === COMPLETATO STANDARDIZZAZIONE DATABASE SUPABASE ===
[2026-07-16T11:08:26.682Z] [LOG] [API /api/products] Batch 1 loaded: 1000 items (Range: 0-999)
[2026-07-16T11:08:26.777Z] [LOG] [API /api/products] Batch 2 loaded: 1000 items (Range: 1000-1999)
[2026-07-16T11:08:26.853Z] [LOG] [API /api/products] Batch 3 loaded: 487 items (Range: 2000-2999)
[2026-07-16T11:08:26.853Z] [LOG] [API /api/products] Successfully loaded 2487 products from Supabase in 314ms
[2026-07-16T11:08:39.463Z] [LOG] >>> ENTRATA GET /api/settings
[2026-07-16T11:08:39.463Z] [LOG] [DEBUG] Syncing settings from Supabase table 'price_rules'...
[2026-07-16T11:08:39.507Z] [LOG] [DEBUG] Loaded settings from Supabase successfully (22 keys processed).
[2026-07-16T11:09:17.063Z] [LOG] >>> ENTRATA GET /api/settings
[2026-07-16T11:09:17.063Z] [LOG] [DEBUG] Syncing settings from Supabase table 'price_rules'...
[2026-07-16T11:09:17.203Z] [LOG] [DEBUG] Loaded settings from Supabase successfully (22 keys processed).
[2026-07-16T11:10:18.139Z] [LOG] üöö Esecuzione sincronizzazione periodica tracking attiva...
[2026-07-16T11:12:18.139Z] [LOG] üöö Esecuzione sincronizzazione periodica tracking attiva...
[2026-07-16T11:14:18.140Z] [LOG] üöö Esecuzione sincronizzazione periodica tracking attiva...
[2026-07-16T11:16:18.140Z] [LOG] üöö Esecuzione sincronizzazione periodica tracking attiva...
[2026-07-16T11:17:35.732Z] [LOG] [BACKEND] Avvio procedura 'Chiudi Lotto' con snapshot e archiviazione automatica.
[2026-07-16T11:17:36.278Z] [LOG] [BACKEND Chiudi Lotto] Trovati 1 ordini attivi.
[2026-07-16T11:17:36.279Z] [LOG] üì• Downloading template.xlsx from Google Sheets...
[2026-07-16T11:17:37.188Z] [LOG] ‚úÖ template.xlsx downloaded successfully.
[2026-07-16T11:17:37.436Z] [LOG] [GENERA EXCEL] Compilazione di 1 articoli per il Lotto #1
[2026-07-16T11:17:37.583Z] [LOG] ‚úÖ Excel generato con successo in: /app/applet/lotti/LOTTO_0001.xlsx
[2026-07-16T11:17:37.583Z] [LOG] [BACKEND Chiudi Lotto] Excel generato correttamente: /lotti/LOTTO_0001.xlsx
[2026-07-16T11:17:37.709Z] [LOG] ‚úÖ Lotto #1 inserito correttamente nel database Supabase 'lotti'.
[2026-07-16T11:17:37.709Z] [LOG] [BACKEND Chiudi Lotto] Snapshot archiviato con successo per Lotto #1
[2026-07-16T11:17:37.756Z] [LOG] ‚úÖ 1 ordini contrassegnati come archiviati su Supabase.
[2026-07-16T11:17:37.756Z] [LOG] [BACKEND Chiudi Lotto] Reset lotto.json eseguito.
[2026-07-16T11:17:37.756Z] [LOG] [BACKEND Chiudi Lotto] Completato con successo. Lotto resettato: {"numero_totale_articoli":0,"costo_totale_prodotti_usd":0,"spedizione_corrente_usd":4,"costo_complessivo_lotto_usd":0}
[2026-07-16T11:17:38.189Z] [LOG] [BACKEND] Avvio procedura 'Chiudi Lotto' con snapshot e archiviazione automatica.
[2026-07-16T11:17:38.293Z] [LOG] [BACKEND Chiudi Lotto] Trovati 0 ordini attivi.
[2026-07-16T11:18:18.140Z] [LOG] üöö Esecuzione sincronizzazione periodica tracking attiva...
[2026-07-16T11:20:09.669Z] [LOG] ‚úÖ File .env caricato correttamente in server.js
[2026-07-16T11:20:09.692Z] [LOG] üöÄ Server running on http://0.0.0.0:3000
[2026-07-16T11:20:09.692Z] [LOG] === INIZIO PULIZIA AUTOMATICA ARCHIVIO LOTTI ===
[2026-07-16T11:20:09.693Z] [LOG] [BACKEND CLEANUP] Pulizia lotti completata. Rimasti 3 lotti reali.
[2026-07-16T11:20:09.693Z] [LOG] === FINE PULIZIA AUTOMATICA ARCHIVIO LOTTI ===
[2026-07-16T11:20:09.694Z] [LOG] üìÇ Inizializzazione e unione automatica dati amministrativi estesi...
[2026-07-16T11:20:10.175Z] [LOG] üöö Servizio Sincronizzazione Automatica Tracking (17TRACK) avviato con successo.
[2026-07-16T11:20:12.754Z] [LOG] === CARICAMENTO IMPOSTAZIONI DA SUPABASE ALL'AVVIO ===
[2026-07-16T11:20:12.755Z] [LOG] [DEBUG] Syncing settings from Supabase table 'price_rules'...
[2026-07-16T11:20:12.844Z] [LOG] [DEBUG] Loaded settings from Supabase successfully (22 keys processed).
[2026-07-16T11:20:12.844Z] [LOG] === INIZIO STANDARDIZZAZIONE DATABASE SUPABASE ===
[2026-07-16T11:20:13.065Z] [LOG] === COMPLETATO STANDARDIZZAZIONE DATABASE SUPABASE ===
[2026-07-16T11:20:19.585Z] [LOG] [API /api/products] Batch 1 loaded: 1000 items (Range: 0-999)
[2026-07-16T11:20:19.719Z] [LOG] [API /api/products] Batch 2 loaded: 1000 items (Range: 1000-1999)
[2026-07-16T11:20:19.800Z] [LOG] [API /api/products] Batch 3 loaded: 487 items (Range: 2000-2999)
[2026-07-16T11:20:19.800Z] [LOG] [API /api/products] Successfully loaded 2487 products from Supabase in 367ms
[2026-07-16T11:20:47.731Z] [LOG] >>> ENTRATA GET /api/settings
[2026-07-16T11:20:47.731Z] [LOG] [DEBUG] Syncing settings from Supabase table 'price_rules'...
[2026-07-16T11:20:47.810Z] [LOG] [DEBUG] Loaded settings from Supabase successfully (22 keys processed).
[2026-07-16T11:21:01.193Z] [LOG] >>> ENTRATA GET /api/settings
[2026-07-16T11:21:01.194Z] [LOG] [DEBUG] Syncing settings from Supabase table 'price_rules'...
[2026-07-16T11:21:01.252Z] [LOG] [DEBUG] Loaded settings from Supabase successfully (22 keys processed).
[2026-07-16T11:21:53.378Z] [LOG] >>> ENTRATA GET /api/settings
[2026-07-16T11:21:53.378Z] [LOG] [DEBUG] Syncing settings from Supabase table 'price_rules'...
[2026-07-16T11:21:53.439Z] [LOG] [DEBUG] Loaded settings from Supabase successfully (22 keys processed).
[2026-07-16T11:22:10.176Z] [LOG] üöö Esecuzione sincronizzazione periodica tracking attiva...
[2026-07-16T11:24:10.176Z] [LOG] üöö Esecuzione sincronizzazione periodica tracking attiva...
[2026-07-16T11:26:10.177Z] [LOG] üöö Esecuzione sincronizzazione periodica tracking attiva...
[2026-07-16T11:28:10.178Z] [LOG] üöö Esecuzione sincronizzazione periodica tracking attiva...
[2026-07-16T11:30:10.179Z] [LOG] üöö Esecuzione sincronizzazione periodica tracking attiva...
[2026-07-16T11:32:06.658Z] [LOG] ‚úÖ File .env caricato correttamente in server.js
[2026-07-16T11:32:06.682Z] [LOG] üöÄ Server running on http://0.0.0.0:3000
[2026-07-16T11:32:06.682Z] [LOG] === INIZIO PULIZIA AUTOMATICA ARCHIVIO LOTTI ===
[2026-07-16T11:32:06.683Z] [LOG] [BACKEND CLEANUP] Pulizia lotti completata. Rimasti 3 lotti reali.
[2026-07-16T11:32:06.683Z] [LOG] === FINE PULIZIA AUTOMATICA ARCHIVIO LOTTI ===
[2026-07-16T11:32:06.683Z] [LOG] üìÇ Inizializzazione e unione automatica dati amministrativi estesi...
[2026-07-16T11:32:07.317Z] [LOG] üöö Servizio Sincronizzazione Automatica Tracking (17TRACK) avviato con successo.
[2026-07-16T11:32:09.744Z] [LOG] === CARICAMENTO IMPOSTAZIONI DA SUPABASE ALL'AVVIO ===
[2026-07-16T11:32:09.746Z] [LOG] [DEBUG] Syncing settings from Supabase table 'price_rules'...
[2026-07-16T11:32:09.801Z] [LOG] [DEBUG] Loaded settings from Supabase successfully (22 keys processed).
[2026-07-16T11:32:09.801Z] [LOG] === INIZIO STANDARDIZZAZIONE DATABASE SUPABASE ===
[2026-07-16T11:32:09.981Z] [LOG] === COMPLETATO STANDARDIZZAZIONE DATABASE SUPABASE ===
[2026-07-16T11:32:18.370Z] [LOG] [API /api/products] Batch 1 loaded: 1000 items (Range: 0-999)
[2026-07-16T11:32:18.470Z] [LOG] [API /api/products] Batch 2 loaded: 1000 items (Range: 1000-1999)
[2026-07-16T11:32:18.550Z] [LOG] [API /api/products] Batch 3 loaded: 487 items (Range: 2000-2999)
[2026-07-16T11:32:18.550Z] [LOG] [API /api/products] Successfully loaded 2487 products from Supabase in 313ms
[2026-07-16T11:34:07.319Z] [LOG] üöö Esecuzione sincronizzazione periodica tracking attiva...
[2026-07-16T11:36:07.319Z] [LOG] üöö Esecuzione sincronizzazione periodica tracking attiva...
[2026-07-16T11:38:07.319Z] [LOG] üöö Esecuzione sincronizzazione periodica tracking attiva...
[2026-07-16T11:40:07.319Z] [LOG] üöö Esecuzione sincronizzazione periodica tracking attiva...
[2026-07-16T11:42:07.320Z] [LOG] üöö Esecuzione sincronizzazione periodica tracking attiva...
[2026-07-16T11:44:07.321Z] [LOG] üöö Esecuzione sincronizzazione periodica tracking attiva...
[2026-07-16T11:46:07.321Z] [LOG] üöö Esecuzione sincronizzazione periodica tracking attiva...
[2026-07-16T11:48:07.321Z] [LOG] üöö Esecuzione sincronizzazione periodica tracking attiva...
[2026-07-16T11:50:07.322Z] [LOG] üöö Esecuzione sincronizzazione periodica tracking attiva...
[2026-07-16T11:52:07.323Z] [LOG] üöö Esecuzione sincronizzazione periodica tracking attiva...
[2026-07-16T11:54:07.323Z] [LOG] üöö Esecuzione sincronizzazione periodica tracking attiva...
[2026-07-16T11:55:08.633Z] [LOG] >>> ENTRATA GET /api/settings
[2026-07-16T11:55:08.633Z] [LOG] [DEBUG] Syncing settings from Supabase table 'price_rules'...
[2026-07-16T11:55:08.713Z] [LOG] [DEBUG] Loaded settings from Supabase successfully (22 keys processed).
[2026-07-16T11:55:15.704Z] [LOG] >>> ENTRATA GET /api/settings
[2026-07-16T11:55:15.704Z] [LOG] [DEBUG] Syncing settings from Supabase table 'price_rules'...
[2026-07-16T11:55:15.751Z] [LOG] [DEBUG] Loaded settings from Supabase successfully (22 keys processed).
[2026-07-16T11:55:44.154Z] [LOG] >>> ENTRATA GET /api/settings
[2026-07-16T11:55:44.154Z] [LOG] [DEBUG] Syncing settings from Supabase table 'price_rules'...
[2026-07-16T11:55:44.223Z] [LOG] [DEBUG] Loaded settings from Supabase successfully (22 keys processed).
[2026-07-16T11:56:07.323Z] [LOG] üöö Esecuzione sincronizzazione periodica tracking attiva...
[2026-07-16T11:58:07.323Z] [LOG] üöö Esecuzione sincronizzazione periodica tracking attiva...
[2026-07-16T11:58:48.589Z] [LOG] >>> ENTRATA GET /api/settings
[2026-07-16T11:58:48.589Z] [LOG] [DEBUG] Syncing settings from Supabase table 'price_rules'...
[2026-07-16T11:58:48.627Z] [LOG] [DEBUG] Loaded settings from Supabase successfully (22 keys processed).
[2026-07-16T11:58:51.895Z] [LOG] >>> ENTRATA GET /api/settings
[2026-07-16T11:58:51.895Z] [LOG] [DEBUG] Syncing settings from Supabase table 'price_rules'...
[2026-07-16T11:58:51.932Z] [LOG] [DEBUG] Loaded settings from Supabase successfully (22 keys processed).
[2026-07-16T11:59:08.077Z] [LOG] [API /api/products] Batch 1 loaded: 1000 items (Range: 0-999)
[2026-07-16T11:59:08.185Z] [LOG] [API /api/products] Batch 2 loaded: 1000 items (Range: 1000-1999)
[2026-07-16T11:59:08.290Z] [LOG] [API /api/products] Batch 3 loaded: 487 items (Range: 2000-2999)
[2026-07-16T11:59:08.290Z] [LOG] [API /api/products] Successfully loaded 2487 products from Supabase in 346ms
[2026-07-16T11:59:20.931Z] [ERROR] ‚ö†Ô∏è Errore durante il proxy dell'immagine: fetch failed
[2026-07-16T11:59:20.932Z] [ERROR] ‚ö†Ô∏è Errore durante il proxy dell'immagine: fetch failed
[2026-07-16T11:59:20.934Z] [ERROR] ‚ö†Ô∏è Errore durante il proxy dell'immagine: fetch failed
[2026-07-16T11:59:20.937Z] [ERROR] ‚ö†Ô∏è Errore durante il proxy dell'immagine: fetch failed
[2026-07-16T11:59:20.938Z] [ERROR] ‚ö†Ô∏è Errore durante il proxy dell'immagine: fetch failed
[2026-07-16T11:59:20.940Z] [ERROR] ‚ö†Ô∏è Errore durante il proxy dell'immagine: fetch failed
[2026-07-16T11:59:20.941Z] [ERROR] ‚ö†Ô∏è Errore durante il proxy dell'immagine: fetch failed
[2026-07-16T11:59:20.943Z] [ERROR] ‚ö†Ô∏è Errore durante il proxy dell'immagine: fetch failed
[2026-07-16T11:59:20.945Z] [ERROR] ‚ö†Ô∏è Errore durante il proxy dell'immagine: fetch failed
[2026-07-16T11:59:20.947Z] [ERROR] ‚ö†Ô∏è Errore durante il proxy dell'immagine: fetch failed
[2026-07-16T11:59:20.948Z] [ERROR] ‚ö†Ô∏è Errore durante il proxy dell'immagine: fetch failed
[2026-07-16T11:59:20.949Z] [ERROR] ‚ö†Ô∏è Errore durante il proxy dell'immagine: fetch failed
[2026-07-16T11:59:20.951Z] [ERROR] ‚ö†Ô∏è Errore durante il proxy dell'immagine: fetch failed
[2026-07-16T11:59:20.953Z] [ERROR] ‚ö†Ô∏è Errore durante il proxy dell'immagine: fetch failed
[2026-07-16T11:59:20.955Z] [ERROR] ‚ö†Ô∏è Errore durante il proxy dell'immagine: fetch failed
[2026-07-16T11:59:20.956Z] [ERROR] ‚ö†Ô∏è Errore durante il proxy dell'immagine: fetch failed
[2026-07-16T11:59:20.957Z] [ERROR] ‚ö†Ô∏è Errore durante il proxy dell'immagine: fetch failed
[2026-07-16T11:59:20.960Z] [ERROR] ‚ö†Ô∏è Errore durante il proxy dell'immagine: fetch failed
[2026-07-16T11:59:20.962Z] [ERROR] ‚ö†Ô∏è Errore durante il proxy dell'immagine: fetch failed
[2026-07-16T11:59:20.963Z] [ERROR] ‚ö†Ô∏è Errore durante il proxy dell'immagine: fetch failed
[2026-07-16T11:59:20.965Z] [ERROR] ‚ö†Ô∏è Errore durante il proxy dell'immagine: fetch failed
[2026-07-16T11:59:20.966Z] [ERROR] ‚ö†Ô∏è Errore durante il proxy dell'immagine: fetch failed
[2026-07-16T11:59:20.968Z] [ERROR] ‚ö†Ô∏è Errore durante il proxy dell'immagine: fetch failed
[2026-07-16T11:59:20.970Z] [ERROR] ‚ö†Ô∏è Errore durante il proxy dell'immagine: fetch failed
[2026-07-16T11:59:20.971Z] [ERROR] ‚ö†Ô∏è Errore durante il proxy dell'immagine: fetch failed
[2026-07-16T11:59:20.973Z] [ERROR] ‚ö†Ô∏è Errore durante il proxy dell'immagine: fetch failed
[2026-07-16T11:59:20.974Z] [ERROR] ‚ö†Ô∏è Errore durante il proxy dell'immagine: fetch failed
[2026-07-16T11:59:20.976Z] [ERROR] ‚ö†Ô∏è Errore durante il proxy dell'immagine: fetch failed
[2026-07-16T11:59:20.978Z] [ERROR] ‚ö†Ô∏è Errore durante il proxy dell'immagine: fetch failed
[2026-07-16T11:59:20.980Z] [ERROR] ‚ö†Ô∏è Errore durante il proxy dell'immagine: fetch failed
[2026-07-16T11:59:20.981Z] [ERROR] ‚ö†Ô∏è Errore durante il proxy dell'immagine: fetch failed
[2026-07-16T11:59:20.983Z] [ERROR] ‚ö†Ô∏è Errore durante il proxy dell'immagine: fetch failed
[2026-07-16T11:59:20.984Z] [ERROR] ‚ö†Ô∏è Errore durante il proxy dell'immagine: fetch failed
[2026-07-16T11:59:20.986Z] [ERROR] ‚ö†Ô∏è Errore durante il proxy dell'immagine: fetch failed
[2026-07-16T11:59:20.988Z] [ERROR] ‚ö†Ô∏è Errore durante il proxy dell'immagine: fetch failed
[2026-07-16T11:59:20.989Z] [ERROR] ‚ö†Ô∏è Errore durante il proxy dell'immagine: fetch failed
[2026-07-16T11:59:20.990Z] [ERROR] ‚ö†Ô∏è Errore durante il proxy dell'immagine: fetch failed
[2026-07-16T11:59:20.991Z] [ERROR] ‚ö†Ô∏è Errore durante il proxy dell'immagine: fetch failed
[2026-07-16T11:59:20.994Z] [ERROR] ‚ö†Ô∏è Errore durante il proxy dell'immagine: fetch failed
[2026-07-16T11:59:20.995Z] [ERROR] ‚ö†Ô∏è Errore durante il proxy dell'immagine: fetch failed
[2026-07-16T11:59:20.997Z] [ERROR] ‚ö†Ô∏è Errore durante il proxy dell'immagine: fetch failed
[2026-07-16T11:59:20.998Z] [ERROR] ‚ö†Ô∏è Errore durante il proxy dell'immagine: fetch failed
[2026-07-16T11:59:20.999Z] [ERROR] ‚ö†Ô∏è Errore durante il proxy dell'immagine: fetch failed
[2026-07-16T11:59:21.001Z] [ERROR] ‚ö†Ô∏è Errore durante il proxy dell'immagine: fetch failed
[2026-07-16T11:59:21.002Z] [ERROR] ‚ö†Ô∏è Errore durante il proxy dell'immagine: fetch failed
[2026-07-16T11:59:21.004Z] [ERROR] ‚ö†Ô∏è Errore durante il proxy dell'immagine: fetch failed
[2026-07-16T11:59:21.006Z] [ERROR] ‚ö†Ô∏è Errore durante il proxy dell'immagine: fetch failed
[2026-07-16T11:59:21.008Z] [ERROR] ‚ö†Ô∏è Errore durante il proxy dell'immagine: fetch failed
[2026-07-16T11:59:21.010Z] [ERROR] ‚ö†Ô∏è Errore durante il proxy dell'immagine: fetch failed
[2026-07-16T11:59:21.012Z] [ERROR] ‚ö†Ô∏è Errore durante il proxy dell'immagine: fetch failed
[2026-07-16T11:59:21.013Z] [ERROR] ‚ö†Ô∏è Errore durante il proxy dell'immagine: fetch failed
[2026-07-16T11:59:21.014Z] [ERROR] ‚ö†Ô∏è Errore durante il proxy dell'immagine: fetch failed
[2026-07-16T11:59:52.926Z] [LOG] >>> ENTRATA GET /api/settings
[2026-07-16T11:59:52.926Z] [LOG] [DEBUG] Syncing settings from Supabase table 'price_rules'...
[2026-07-16T11:59:52.973Z] [LOG] [DEBUG] Loaded settings from Supabase successfully (22 keys processed).
[2026-07-16T11:59:54.073Z] [LOG] >>> ENTRATA GET /api/settings
[2026-07-16T11:59:54.073Z] [LOG] [DEBUG] Syncing settings from Supabase table 'price_rules'...
[2026-07-16T11:59:54.115Z] [LOG] [DEBUG] Loaded settings from Supabase successfully (22 keys processed).
[2026-07-16T12:00:07.323Z] [LOG] üöö Esecuzione sincronizzazione periodica tracking attiva...
[2026-07-16T12:02:07.324Z] [LOG] üöö Esecuzione sincronizzazione periodica tracking attiva...
[2026-07-16T12:04:07.324Z] [LOG] üöö Esecuzione sincronizzazione periodica tracking attiva...
[2026-07-16T12:04:16.832Z] [LOG] >>> ENTRATA GET /api/settings
[2026-07-16T12:04:16.833Z] [LOG] [DEBUG] Syncing settings from Supabase table 'price_rules'...
[2026-07-16T12:04:16.875Z] [LOG] [DEBUG] Loaded settings from Supabase successfully (22 keys processed).
[2026-07-16T12:06:07.325Z] [LOG] üöö Esecuzione sincronizzazione periodica tracking attiva...
[2026-07-16T12:07:21.766Z] [LOG] >>> ENTRATA GET /api/settings
[2026-07-16T12:07:21.766Z] [LOG] [DEBUG] Syncing settings from Supabase table 'price_rules'...
[2026-07-16T12:07:21.853Z] [LOG] [DEBUG] Loaded settings from Supabase successfully (22 keys processed).
[2026-07-16T12:08:07.326Z] [LOG] üöö Esecuzione sincronizzazione periodica tracking attiva...
[2026-07-16T12:10:07.327Z] [LOG] üöö Esecuzione sincronizzazione periodica tracking attiva...
[2026-07-16T12:12:07.328Z] [LOG] üöö Esecuzione sincronizzazione periodica tracking attiva...
[2026-07-16T12:14:02.994Z] [LOG] ‚úÖ File .env caricato correttamente in server.js
[2026-07-16T12:14:03.015Z] [LOG] üöÄ Server running on http://0.0.0.0:3000
[2026-07-16T12:14:03.015Z] [LOG] === INIZIO PULIZIA AUTOMATICA ARCHIVIO LOTTI ===
[2026-07-16T12:14:03.016Z] [LOG] [BACKEND CLEANUP] Pulizia lotti completata. Rimasti 3 lotti reali.
[2026-07-16T12:14:03.016Z] [LOG] === FINE PULIZIA AUTOMATICA ARCHIVIO LOTTI ===
[2026-07-16T12:14:03.016Z] [LOG] üìÇ Inizializzazione e unione automatica dati amministrativi estesi...
[2026-07-16T12:14:03.512Z] [LOG] üöö Servizio Sincronizzazione Automatica Tracking (17TRACK) avviato con successo.
[2026-07-16T12:14:06.083Z] [LOG] === CARICAMENTO IMPOSTAZIONI DA SUPABASE ALL'AVVIO ===
[2026-07-16T12:14:06.085Z] [LOG] [DEBUG] Syncing settings from Supabase table 'price_rules'...
[2026-07-16T12:14:06.198Z] [LOG] [DEBUG] Loaded settings from Supabase successfully (22 keys processed).
[2026-07-16T12:14:06.198Z] [LOG] === INIZIO STANDARDIZZAZIONE DATABASE SUPABASE ===
[2026-07-16T12:14:06.391Z] [LOG] === COMPLETATO STANDARDIZZAZIONE DATABASE SUPABASE ===
[2026-07-16T12:14:13.700Z] [LOG] [API /api/products] Batch 1 loaded: 1000 items (Range: 0-999)
[2026-07-16T12:14:13.814Z] [LOG] [API /api/products] Batch 2 loaded: 1000 items (Range: 1000-1999)
[2026-07-16T12:14:13.929Z] [LOG] [API /api/products] Batch 3 loaded: 487 items (Range: 2000-2999)
[2026-07-16T12:14:13.929Z] [LOG] [API /api/products] Successfully loaded 2487 products from Supabase in 602ms
[2026-07-16T12:15:09.491Z] [LOG] >>> ENTRATA GET /api/settings
[2026-07-16T12:15:09.492Z] [LOG] [DEBUG] Syncing settings from Supabase table 'price_rules'...
[2026-07-16T12:15:09.561Z] [LOG] [DEBUG] Loaded settings from Supabase successfully (22 keys processed).
[2026-07-16T12:15:10.385Z] [LOG] >>> ENTRATA GET /api/settings
[2026-07-16T12:15:10.385Z] [LOG] [DEBUG] Syncing settings from Supabase table 'price_rules'...
[2026-07-16T12:15:10.445Z] [LOG] [DEBUG] Loaded settings from Supabase successfully (22 keys processed).
[2026-07-16T12:15:11.942Z] [LOG] >>> ENTRATA GET /api/settings
[2026-07-16T12:15:11.942Z] [LOG] [DEBUG] Syncing settings from Supabase table 'price_rules'...
[2026-07-16T12:15:11.982Z] [LOG] [DEBUG] Loaded settings from Supabase successfully (22 keys processed).
[2026-07-16T12:16:03.514Z] [LOG] üöö Esecuzione sincronizzazione periodica tracking attiva...
[2026-07-16T12:18:03.524Z] [LOG] üöö Esecuzione sincronizzazione periodica tracking attiva...
[2026-07-16T12:18:26.113Z] [LOG] [IMPORT_BATCH] Auto-created 1 missing teams in Supabase teams table.
[2026-07-16T12:20:03.524Z] [LOG] üöö Esecuzione sincronizzazione periodica tracking attiva...
[2026-07-16T12:22:03.525Z] [LOG] üöö Esecuzione sincronizzazione periodica tracking attiva...
[2026-07-16T12:23:47.112Z] [LOG] [API /api/products] Batch 1 loaded: 1000 items (Range: 0-999)
[2026-07-16T12:23:47.202Z] [LOG] [API /api/products] Batch 2 loaded: 1000 items (Range: 1000-1999)
[2026-07-16T12:23:47.327Z] [LOG] [API /api/products] Batch 3 loaded: 1000 items (Range: 2000-2999)
[2026-07-16T12:23:47.462Z] [LOG] [API /api/products] Batch 4 loaded: 1000 items (Range: 3000-3999)
[2026-07-16T12:23:47.501Z] [LOG] [API /api/products] Batch 5 loaded: 19 items (Range: 4000-4999)
[2026-07-16T12:23:47.501Z] [LOG] [API /api/products] Successfully loaded 4019 products from Supabase in 993ms
[2026-07-16T12:24:03.526Z] [LOG] üöö Esecuzione sincronizzazione periodica tracking attiva...
[2026-07-16T12:26:03.527Z] [LOG] üöö Esecuzione sincronizzazione periodica tracking attiva...
[2026-07-16T12:28:03.527Z] [LOG] üöö Esecuzione sincronizzazione periodica tracking attiva...
[2026-07-16T12:28:18.351Z] [LOG] =========================================
[2026-07-16T12:28:18.351Z] [LOG] üì¨ [DEBUG SERVER] POST /api/orders RECEIVED!
[2026-07-16T12:28:18.351Z] [LOG] 1. Full Body sent by frontend: {
  "nome": "ewq",
  "telefono": "39321",
  "carrello": [
    {
      "squadra": "Versione Player 24/25 Brazil Trasferta",
      "infoPerso": "Nome: WEQW - Num: 312 (Con Patch)",
      "taglia": "M",
      "prezzo": 26.99,
      "imgUrl": "https://jerseys-catalog.com/upload/20240314/eb1061ca8f350613691844e8be6ed170.jpeg",
      "id": "261fec9d-e3cf-4037-aa5b-b9401759b599",
      "legacy_id": "2",
      "quantita": 1
    },
    {
      "squadra": "Spese di spedizione",
      "infoPerso": "Spedizione standard",
      "taglia": "-",
      "prezzo": 4,
      "quantita": 1,
      "imgUrl": ""
    }
  ],
  "user_id": "8313ed33-3330-4fdb-aaad-a4440bbd0a22",
  "access_token": "eyJhbGciOiJFUzI1NiIsImtpZCI6ImU0YmRmNTFhLTBkOWQtNDVkMC1iN2VmLTNmYjA1NjJlMjYzZCIsInR5cCI6IkpXVCJ9.eyJpc3MiOiJodHRwczovL3JjbnVlZGZ1ZWF5bWZwcGVzbmV0LnN1cGFiYXNlLmNvL2F1dGgvdjEiLCJzdWIiOiI4MzEzZWQzMy0zMzMwLTRmZGItYWFhZC1hNDQ0MGJiZDBhMjIiLCJhdWQiOiJhdXRoZW50aWNhdGVkIiwiZXhwIjoxNzg0MjA1ODc4LCJpYXQiOjE3ODQyMDIyNzgsImVtYWlsIjoic2VyZ2lvdHRvY2F0YW5pYUBnbWFpbC5jb20iLCJwaG9uZSI6IiIsImFwcF9tZXRhZGF0YSI6eyJwcm92aWRlciI6ImVtYWlsIiwicHJvdmlkZXJzIjpbImVtYWlsIl19LCJ1c2VyX21ldGFkYXRhIjp7ImNvZ25vbWUiOiJjYXRhbmlhIiwiZW1haWwiOiJzZXJnaW90dG9jYXRhbmlhQGdtYWlsLmNvbSIsImVtYWlsX3ZlcmlmaWVkIjp0cnVlLCJmaXJzdF9uYW1lIjoic2VyZ2lvIiwibGFzdF9uYW1lIjoiY2F0YW5pYSIsIm5vbWUiOiJzZXJnaW8iLCJwaG9uZV92ZXJpZmllZCI6ZmFsc2UsInN1YiI6IjgzMTNlZDMzLTMzMzAtNGZkYi1hYWFkLWE0NDQwYmJkMGEyMiIsInRlbGVmb25vIjoiIn0sInJvbGUiOiJhdXRoZW50aWNhdGVkIiwiYWFsIjoiYWFsMSIsImFtciI6W3sibWV0aG9kIjoicGFzc3dvcmQiLCJ0aW1lc3RhbXAiOjE3ODQxMzYzOTF9XSwic2Vzc2lvbl9pZCI6ImY2YjBkNDI1LTdkMDQtNDMwNC1iOTg1LTE4YTZlNWJlNTEyYiIsImlzX2Fub255bW91cyI6ZmFsc2V9.kUxJ3pvwP_npw_OvJLLapTHt1AoMEjD19utBjwZ0sUXeLrirSbPpXuy0NcKXTZAJG5aeYOOPz1bNoa_2K8RfFg"
}
[2026-07-16T12:28:18.351Z] [LOG] =========================================
[2026-07-16T12:28:18.623Z] [LOG] 2. Products in Cart:
[2026-07-16T12:28:18.624Z] [LOG] --- Cart Item #1 ---
[2026-07-16T12:28:18.624Z] [LOG] Item object: {
  "squadra": "Versione Player 24/25 Brazil Trasferta",
  "infoPerso": "Nome: WEQW - Num: 312 (Con Patch)",
  "taglia": "M",
  "prezzo": 26.99,
  "imgUrl": "https://jerseys-catalog.com/upload/20240314/eb1061ca8f350613691844e8be6ed170.jpeg",
  "id": "261fec9d-e3cf-4037-aa5b-b9401759b599",
  "legacy_id": "2",
  "quantita": 1
}
[2026-07-16T12:28:18.625Z] [LOG] 3. Prezzo (prezzo): 26.99 (Parsed as: 26.99)
[2026-07-16T12:28:18.625Z] [LOG]    Quantita (quantita): 1 (Parsed as: 1)
[2026-07-16T12:28:18.626Z] [LOG] 
================ MATCHING REPORT ================
[2026-07-16T12:28:18.626Z] [LOG] Prodotto nel carrello: "Versione Player 24/25 Brazil Trasferta" (id: 261fec9d-e3cf-4037-aa5b-b9401759b599, legacy_id: 2)
‚Üì
Prodotto trovato su Supabase: Nessuna corrispondenza trovata.
‚Üì
Prezzo fornitore recuperato: $0.00
‚Üì
Motivo dell'eventuale mancata corrispondenza: Nessun prodotto nel database corrisponde a id: "261fec9d-e3cf-4037-aa5b-b9401759b599" o legacy_id: "2". Nessun prodotto nel database corrisponde al nome/versione "Versione Player 24/25 Brazil Trasferta".
[2026-07-16T12:28:18.626Z] [LOG] =================================================

[2026-07-16T12:28:18.626Z] [LOG] --- Cart Item #2 ---
[2026-07-16T12:28:18.626Z] [LOG] Item object: {
  "squadra": "Spese di spedizione",
  "infoPerso": "Spedizione standard",
  "taglia": "-",
  "prezzo": 4,
  "quantita": 1,
  "imgUrl": ""
}
[2026-07-16T12:28:18.626Z] [LOG] 3. Prezzo (prezzo): 4 (Parsed as: 4)
[2026-07-16T12:28:18.626Z] [LOG]    Quantita (quantita): 1 (Parsed as: 0)
[2026-07-16T12:28:18.626Z] [LOG] 
================ MATCHING REPORT ================
[2026-07-16T12:28:18.626Z] [LOG] Prodotto nel carrello: "Spese di spedizione" (id: N/A, legacy_id: N/A)
‚Üì
Prodotto trovato su Supabase: Nessuna corrispondenza trovata.
‚Üì
Prezzo fornitore recuperato: $0.00
‚Üì
Motivo dell'eventuale mancata corrispondenza: Il frontend non ha inviato id o legacy_id per questo prodotto. Nessun prodotto nel database corrisponde al nome/versione "Spese di spedizione".
[2026-07-16T12:28:18.626Z] [LOG] =================================================

[2026-07-16T12:28:18.677Z] [LOG] === OVERALL CALCULATIONS & VALUES ===
[2026-07-16T12:28:18.678Z] [LOG] - totale_pagato_cliente: 30.99
[2026-07-16T12:28:18.678Z] [LOG] - costo_prodotti_usd: 0
[2026-07-16T12:28:18.678Z] [LOG] - order_shipping_usd (spedizione): 4
[2026-07-16T12:28:18.678Z] [LOG] - costo_totale_usd: 4
[2026-07-16T12:28:18.686Z] [LOG] - exchangeRate: 0.873427
[2026-07-16T12:28:18.689Z] [LOG] - costo_totale_eur: 3.493708
[2026-07-16T12:28:18.690Z] [LOG] - profitto_eur (5. Profitto calcolato): 27.496291999999997
[2026-07-16T12:28:18.692Z] [LOG] üì§ Registrazione dell'ordine nel database Supabase...
[2026-07-16T12:28:18.693Z] [LOG] 
================ ORDER DATA DA SALVARE ================
[2026-07-16T12:28:18.695Z] [LOG] {
  "data": "16/07/2026, 12:28:18",
  "nome": "ewq",
  "telefono": "39321",
  "squadra": "1x Versione Player 24/25 Brazil Trasferta / 1x Spese di spedizione",
  "personalizzazione": "1x [Nome: WEQW - Num: 312 (Con Patch)] | 1x [Spedizione standard]",
  "taglia": "1x [M] / 1x [-]",
  "totale": "30,99‚Ç¨",
  "foto": "=IMAGE(\"https://jerseys-catalog.com/upload/20240314/eb1061ca8f350613691844e8be6ed170.jpeg\")",
  "prezzo_fornitore": "1x - / 1x -",
  "costo_prodotti_usd": "0,00",
  "costo_spedizione_usd": "4,00",
  "costo_totale_usd": "4,00",
  "cambio_usd_eur": "0,8734",
  "costo_totale_eur": "3,49",
  "profitto_eur": "27,50",
  "is_archived": false,
  "carrello": [
    {
      "squadra": "Versione Player 24/25 Brazil Trasferta",
      "infoPerso": "Nome: WEQW - Num: 312 (Con Patch)",
      "taglia": "M",
      "prezzo": 26.99,
      "imgUrl": "https://jerseys-catalog.com/upload/20240314/eb1061ca8f350613691844e8be6ed170.jpeg",
      "id": "261fec9d-e3cf-4037-aa5b-b9401759b599",
      "legacy_id": "2",
      "quantita": 1
    },
    {
      "squadra": "Spese di spedizione",
      "infoPerso": "Spedizione standard",
      "taglia": "-",
      "prezzo": 4,
      "quantita": 1,
      "imgUrl": ""
    }
  ]
}
[2026-07-16T12:28:18.695Z] [LOG] =======================================================

[2026-07-16T12:28:18.865Z] [LOG] 
================ RIGA SALVATA SU SUPABASE ================
[2026-07-16T12:28:18.865Z] [LOG] [
  {
    "id": 31,
    "data": "16/07/2026, 12:28:18",
    "nome": "ewq",
    "telefono": "39321",
    "squadra": "1x Versione Player 24/25 Brazil Trasferta / 1x Spese di spedizione",
    "personalizzazione": "1x [Nome: WEQW - Num: 312 (Con Patch)] | 1x [Spedizione standard]",
    "taglia": "1x [M] / 1x [-]",
    "totale": "30,99‚Ç¨",
    "foto": "=IMAGE(\"https://jerseys-catalog.com/upload/20240314/eb1061ca8f350613691844e8be6ed170.jpeg\")",
    "prezzo_fornitore": "1x - / 1x -",
    "costo_prodotti_usd": "0,00",
    "costo_spedizione_usd": "4,00",
    "costo_totale_usd": "4,00",
    "cambio_usd_eur": "0,8734",
    "costo_totale_eur": "3,49",
    "profitto_eur": "27,50",
    "is_archived": false,
    "lotto_id": null,
    "carrello": [
      {
        "id": "261fec9d-e3cf-4037-aa5b-b9401759b599",
        "imgUrl": "https://jerseys-catalog.com/upload/20240314/eb1061ca8f350613691844e8be6ed170.jpeg",
        "prezzo": 26.99,
        "taglia": "M",
        "squadra": "Versione Player 24/25 Brazil Trasferta",
        "quantita": 1,
        "infoPerso": "Nome: WEQW - Num: 312 (Con Patch)",
        "legacy_id": "2"
      },
      {
        "imgUrl": "",
        "prezzo": 4,
        "taglia": "-",
        "squadra": "Spese di spedizione",
        "quantita": 1,
        "infoPerso": "Spedizione standard"
      }
    ],
    "created_at": "2026-07-16T12:28:18.824735+00:00"
  }
]
[2026-07-16T12:28:18.865Z] [LOG] ==========================================================

[2026-07-16T12:28:18.865Z] [LOG] ‚úÖ Order inserted successfully in Supabase 'orders' table.
[2026-07-16T12:28:18.865Z] [LOG] =================================
[2026-07-16T12:28:18.865Z] [LOG] DEBUG AREA CLIENTE
[2026-07-16T12:28:18.872Z] [LOG] insertedAdminOrder: {
  "id": 31,
  "data": "16/07/2026, 12:28:18",
  "nome": "ewq",
  "telefono": "39321",
  "squadra": "1x Versione Player 24/25 Brazil Trasferta / 1x Spese di spedizione",
  "personalizzazione": "1x [Nome: WEQW - Num: 312 (Con Patch)] | 1x [Spedizione standard]",
  "taglia": "1x [M] / 1x [-]",
  "totale": "30,99‚Ç¨",
  "foto": "=IMAGE(\"https://jerseys-catalog.com/upload/20240314/eb1061ca8f350613691844e8be6ed170.jpeg\")",
  "prezzo_fornitore": "1x - / 1x -",
  "costo_prodotti_usd": "0,00",
  "costo_spedizione_usd": "4,00",
  "costo_totale_usd": "4,00",
  "cambio_usd_eur": "0,8734",
  "costo_totale_eur": "3,49",
  "profitto_eur": "27,50",
  "is_archived": false,
  "lotto_id": null,
  "carrello": [
    {
      "id": "261fec9d-e3cf-4037-aa5b-b9401759b599",
      "imgUrl": "https://jerseys-catalog.com/upload/20240314/eb1061ca8f350613691844e8be6ed170.jpeg",
      "prezzo": 26.99,
      "taglia": "M",
      "squadra": "Versione Player 24/25 Brazil Trasferta",
      "quantita": 1,
      "infoPerso": "Nome: WEQW - Num: 312 (Con Patch)",
      "legacy_id": "2"
    },
    {
      "imgUrl": "",
      "prezzo": 4,
      "taglia": "-",
      "squadra": "Spese di spedizione",
      "quantita": 1,
      "infoPerso": "Spedizione standard"
    }
  ],
  "created_at": "2026-07-16T12:28:18.824735+00:00"
}
[2026-07-16T12:28:18.878Z] [LOG] user_id: 8313ed33-3330-4fdb-aaad-a4440bbd0a22
[2026-07-16T12:28:18.878Z] [LOG] access_token: PRESENTE
[2026-07-16T12:28:18.878Z] [LOG] =================================
[2026-07-16T12:28:18.878Z] [LOG] üë§ Utente autenticato rilevato (8313ed33-3330-4fdb-aaad-a4440bbd0a22). Associazione dell'ordine all'Area Cliente...
[2026-07-16T12:28:18.882Z] [LOG] üì§ Inserimento in customer_orders: {
  "user_id": "8313ed33-3330-4fdb-aaad-a4440bbd0a22",
  "order_number": "ORD-31",
  "admin_order_id": 31,
  "subtotal": 26.99,
  "shipping": 4,
  "total": 30.99,
  "payment_status": "pending",
  "status": "Ordine Ricevuto",
  "created_at": "2026-07-16T12:28:18.882Z",
  "updated_at": "2026-07-16T12:28:18.882Z"
}
[2026-07-16T12:28:18.989Z] [LOG] ‚úÖ Inserito in customer_orders con ID: e0f18201-de8c-4b65-981b-d0f5df91eee9
[2026-07-16T12:28:18.990Z] [LOG] üì§ Inserimento in customer_order_items: [
  {
    "order_id": "e0f18201-de8c-4b65-981b-d0f5df91eee9",
    "product_id": null,
    "nome": "Versione Player 24/25 Brazil Trasferta",
    "categoria": "Kit",
    "stagione": "2026/2027",
    "taglia": "M",
    "personalizzazione": "Nome: WEQW - Num: 312 (Con Patch)",
    "prezzo": 26.99,
    "quantita": 1
  }
]
[2026-07-16T12:28:19.041Z] [LOG] ‚úÖ Inseriti tutti i prodotti dell'ordine in customer_order_items!
[2026-07-16T12:28:19.041Z] [LOG] === DEBUG SERVER SUCCESS ===
[2026-07-16T12:30:03.528Z] [LOG] üöö Esecuzione sincronizzazione periodica tracking attiva...
[2026-07-16T12:31:06.699Z] [LOG] >>> ENTRATA GET /api/settings
[2026-07-16T12:31:06.700Z] [LOG] [DEBUG] Syncing settings from Supabase table 'price_rules'...
[2026-07-16T12:31:06.773Z] [LOG] [DEBUG] Loaded settings from Supabase successfully (22 keys processed).
[2026-07-16T12:31:44.908Z] [LOG] >>> ENTRATA GET /api/settings
[2026-07-16T12:31:44.908Z] [LOG] [DEBUG] Syncing settings from Supabase table 'price_rules'...
[2026-07-16T12:31:44.974Z] [LOG] [DEBUG] Loaded settings from Supabase successfully (22 keys processed).
[2026-07-16T12:32:03.529Z] [LOG] üöö Esecuzione sincronizzazione periodica tracking attiva...
[2026-07-16T12:32:10.164Z] [LOG] [API /api/products] Batch 1 loaded: 1000 items (Range: 0-999)
[2026-07-16T12:32:10.290Z] [LOG] [API /api/products] Batch 2 loaded: 1000 items (Range: 1000-1999)
[2026-07-16T12:32:10.416Z] [LOG] [API /api/products] Batch 3 loaded: 1000 items (Range: 2000-2999)
[2026-07-16T12:32:10.487Z] [LOG] [API /api/products] Batch 4 loaded: 1000 items (Range: 3000-3999)
[2026-07-16T12:32:10.526Z] [LOG] [API /api/products] Batch 5 loaded: 19 items (Range: 4000-4999)
[2026-07-16T12:32:10.526Z] [LOG] [API /api/products] Successfully loaded 4019 products from Supabase in 485ms
[2026-07-16T12:32:24.439Z] [LOG] =========================================
[2026-07-16T12:32:24.441Z] [LOG] üì¨ [DEBUG SERVER] POST /api/orders RECEIVED!
[2026-07-16T12:32:24.441Z] [LOG] 1. Full Body sent by frontend: {
  "nome": "weq",
  "telefono": "231",
  "carrello": [
    {
      "squadra": "Versione Player Casa Tottenham Hotspur",
      "infoPerso": "Nome: EQW - Num: 312",
      "taglia": "M",
      "prezzo": 25.99,
      "imgUrl": "https://jerseys-catalog.com/upload/20260713/6ec2161bea2ee5b33d167e025009439b.png#zoom=1.2&x=0&y=0",
      "id": "6d2c8ad7-4308-4ee6-8223-e05ca570dc70",
      "legacy_id": "1",
      "quantita": 1
    },
    {
      "squadra": "Spese di spedizione",
      "infoPerso": "Spedizione standard",
      "taglia": "-",
      "prezzo": 4,
      "quantita": 1,
      "imgUrl": ""
    }
  ],
  "user_id": "8313ed33-3330-4fdb-aaad-a4440bbd0a22",
  "access_token": "eyJhbGciOiJFUzI1NiIsImtpZCI6ImU0YmRmNTFhLTBkOWQtNDVkMC1iN2VmLTNmYjA1NjJlMjYzZCIsInR5cCI6IkpXVCJ9.eyJpc3MiOiJodHRwczovL3JjbnVlZGZ1ZWF5bWZwcGVzbmV0LnN1cGFiYXNlLmNvL2F1dGgvdjEiLCJzdWIiOiI4MzEzZWQzMy0zMzMwLTRmZGItYWFhZC1hNDQ0MGJiZDBhMjIiLCJhdWQiOiJhdXRoZW50aWNhdGVkIiwiZXhwIjoxNzg0MjA1ODc4LCJpYXQiOjE3ODQyMDIyNzgsImVtYWlsIjoic2VyZ2lvdHRvY2F0YW5pYUBnbWFpbC5jb20iLCJwaG9uZSI6IiIsImFwcF9tZXRhZGF0YSI6eyJwcm92aWRlciI6ImVtYWlsIiwicHJvdmlkZXJzIjpbImVtYWlsIl19LCJ1c2VyX21ldGFkYXRhIjp7ImNvZ25vbWUiOiJjYXRhbmlhIiwiZW1haWwiOiJzZXJnaW90dG9jYXRhbmlhQGdtYWlsLmNvbSIsImVtYWlsX3ZlcmlmaWVkIjp0cnVlLCJmaXJzdF9uYW1lIjoic2VyZ2lvIiwibGFzdF9uYW1lIjoiY2F0YW5pYSIsIm5vbWUiOiJzZXJnaW8iLCJwaG9uZV92ZXJpZmllZCI6ZmFsc2UsInN1YiI6IjgzMTNlZDMzLTMzMzAtNGZkYi1hYWFkLWE0NDQwYmJkMGEyMiIsInRlbGVmb25vIjoiIn0sInJvbGUiOiJhdXRoZW50aWNhdGVkIiwiYWFsIjoiYWFsMSIsImFtciI6W3sibWV0aG9kIjoicGFzc3dvcmQiLCJ0aW1lc3RhbXAiOjE3ODQxMzYzOTF9XSwic2Vzc2lvbl9pZCI6ImY2YjBkNDI1LTdkMDQtNDMwNC1iOTg1LTE4YTZlNWJlNTEyYiIsImlzX2Fub255bW91cyI6ZmFsc2V9.kUxJ3pvwP_npw_OvJLLapTHt1AoMEjD19utBjwZ0sUXeLrirSbPpXuy0NcKXTZAJG5aeYOOPz1bNoa_2K8RfFg"
}
[2026-07-16T12:32:24.441Z] [LOG] =========================================
[2026-07-16T12:32:24.622Z] [LOG] 2. Products in Cart:
[2026-07-16T12:32:24.622Z] [LOG] --- Cart Item #1 ---
[2026-07-16T12:32:24.622Z] [LOG] Item object: {
  "squadra": "Versione Player Casa Tottenham Hotspur",
  "infoPerso": "Nome: EQW - Num: 312",
  "taglia": "M",
  "prezzo": 25.99,
  "imgUrl": "https://jerseys-catalog.com/upload/20260713/6ec2161bea2ee5b33d167e025009439b.png#zoom=1.2&x=0&y=0",
  "id": "6d2c8ad7-4308-4ee6-8223-e05ca570dc70",
  "legacy_id": "1",
  "quantita": 1
}
[2026-07-16T12:32:24.622Z] [LOG] 3. Prezzo (prezzo): 25.99 (Parsed as: 25.99)
[2026-07-16T12:32:24.622Z] [LOG]    Quantita (quantita): 1 (Parsed as: 1)
[2026-07-16T12:32:24.623Z] [LOG] 
================ MATCHING REPORT ================
[2026-07-16T12:32:24.623Z] [LOG] Prodotto nel carrello: "Versione Player Casa Tottenham Hotspur" (id: 6d2c8ad7-4308-4ee6-8223-e05ca570dc70, legacy_id: 1)
‚Üì
Prodotto trovato su Supabase: "Versione Player Casa Tottenham Hotspur" (id: 6d2c8ad7-4308-4ee6-8223-e05ca570dc70, legacy_id: 1) tramite ID (6d2c8ad7-4308-4ee6-8223-e05ca570dc70)
‚Üì
Prezzo fornitore recuperato: $8.80
[2026-07-16T12:32:24.623Z] [LOG] =================================================

[2026-07-16T12:32:24.623Z] [LOG] --- Cart Item #2 ---
[2026-07-16T12:32:24.623Z] [LOG] Item object: {
  "squadra": "Spese di spedizione",
  "infoPerso": "Spedizione standard",
  "taglia": "-",
  "prezzo": 4,
  "quantita": 1,
  "imgUrl": ""
}
[2026-07-16T12:32:24.623Z] [LOG] 3. Prezzo (prezzo): 4 (Parsed as: 4)
[2026-07-16T12:32:24.623Z] [LOG]    Quantita (quantita): 1 (Parsed as: 0)
[2026-07-16T12:32:24.623Z] [LOG] 
================ MATCHING REPORT ================
[2026-07-16T12:32:24.623Z] [LOG] Prodotto nel carrello: "Spese di spedizione" (id: N/A, legacy_id: N/A)
‚Üì
Prodotto trovato su Supabase: Nessuna corrispondenza trovata.
‚Üì
Prezzo fornitore recuperato: $0.00
‚Üì
Motivo dell'eventuale mancata corrispondenza: Il frontend non ha inviato id o legacy_id per questo prodotto. Nessun prodotto nel database corrisponde al nome/versione "Spese di spedizione".
[2026-07-16T12:32:24.623Z] [LOG] =================================================

[2026-07-16T12:32:24.689Z] [LOG] === OVERALL CALCULATIONS & VALUES ===
[2026-07-16T12:32:24.690Z] [LOG] - totale_pagato_cliente: 29.99
[2026-07-16T12:32:24.690Z] [LOG] - costo_prodotti_usd: 8.8
[2026-07-16T12:32:24.690Z] [LOG] - order_shipping_usd (spedizione): 4
[2026-07-16T12:32:24.690Z] [LOG] - costo_totale_usd: 12.8
[2026-07-16T12:32:24.690Z] [LOG] - exchangeRate: 0.873427
[2026-07-16T12:32:24.690Z] [LOG] - costo_totale_eur: 11.1798656
[2026-07-16T12:32:24.690Z] [LOG] - profitto_eur (5. Profitto calcolato): 18.8101344
[2026-07-16T12:32:24.694Z] [LOG] üì§ Registrazione dell'ordine nel database Supabase...
[2026-07-16T12:32:24.694Z] [LOG] 
================ ORDER DATA DA SALVARE ================
[2026-07-16T12:32:24.694Z] [LOG] {
  "data": "16/07/2026, 12:32:24",
  "nome": "weq",
  "telefono": "231",
  "squadra": "1x Versione Player Casa Tottenham Hotspur / 1x Spese di spedizione",
  "personalizzazione": "1x [Nome: EQW - Num: 312] | 1x [Spedizione standard]",
  "taglia": "1x [M] / 1x [-]",
  "totale": "29,99‚Ç¨",
  "foto": "=IMAGE(\"https://jerseys-catalog.com/upload/20260713/6ec2161bea2ee5b33d167e025009439b.png#zoom=1.2&x=0&y=0\")",
  "prezzo_fornitore": "1x $8.80 / 1x -",
  "costo_prodotti_usd": "8,80",
  "costo_spedizione_usd": "4,00",
  "costo_totale_usd": "12,80",
  "cambio_usd_eur": "0,8734",
  "costo_totale_eur": "11,18",
  "profitto_eur": "18,81",
  "is_archived": false,
  "carrello": [
    {
      "squadra": "Versione Player Casa Tottenham Hotspur",
      "infoPerso": "Nome: EQW - Num: 312",
      "taglia": "M",
      "prezzo": 25.99,
      "imgUrl": "https://jerseys-catalog.com/upload/20260713/6ec2161bea2ee5b33d167e025009439b.png#zoom=1.2&x=0&y=0",
      "id": "6d2c8ad7-4308-4ee6-8223-e05ca570dc70",
      "legacy_id": "1",
      "quantita": 1
    },
    {
      "squadra": "Spese di spedizione",
      "infoPerso": "Spedizione standard",
      "taglia": "-",
      "prezzo": 4,
      "quantita": 1,
      "imgUrl": ""
    }
  ]
}
[2026-07-16T12:32:24.694Z] [LOG] =======================================================

[2026-07-16T12:32:24.827Z] [LOG] 
================ RIGA SALVATA SU SUPABASE ================
[2026-07-16T12:32:24.827Z] [LOG] [
  {
    "id": 32,
    "data": "16/07/2026, 12:32:24",
    "nome": "weq",
    "telefono": "231",
    "squadra": "1x Versione Player Casa Tottenham Hotspur / 1x Spese di spedizione",
    "personalizzazione": "1x [Nome: EQW - Num: 312] | 1x [Spedizione standard]",
    "taglia": "1x [M] / 1x [-]",
    "totale": "29,99‚Ç¨",
    "foto": "=IMAGE(\"https://jerseys-catalog.com/upload/20260713/6ec2161bea2ee5b33d167e025009439b.png#zoom=1.2&x=0&y=0\")",
    "prezzo_fornitore": "1x $8.80 / 1x -",
    "costo_prodotti_usd": "8,80",
    "costo_spedizione_usd": "4,00",
    "costo_totale_usd": "12,80",
    "cambio_usd_eur": "0,8734",
    "costo_totale_eur": "11,18",
    "profitto_eur": "18,81",
    "is_archived": false,
    "lotto_id": null,
    "carrello": [
      {
        "id": "6d2c8ad7-4308-4ee6-8223-e05ca570dc70",
        "imgUrl": "https://jerseys-catalog.com/upload/20260713/6ec2161bea2ee5b33d167e025009439b.png#zoom=1.2&x=0&y=0",
        "prezzo": 25.99,
        "taglia": "M",
        "squadra": "Versione Player Casa Tottenham Hotspur",
        "quantita": 1,
        "infoPerso": "Nome: EQW - Num: 312",
        "legacy_id": "1"
      },
      {
        "imgUrl": "",
        "prezzo": 4,
        "taglia": "-",
        "squadra": "Spese di spedizione",
        "quantita": 1,
        "infoPerso": "Spedizione standard"
      }
    ],
    "created_at": "2026-07-16T12:32:24.799889+00:00"
  }
]
[2026-07-16T12:32:24.827Z] [LOG] ==========================================================

[2026-07-16T12:32:24.827Z] [LOG] ‚úÖ Order inserted successfully in Supabase 'orders' table.
[2026-07-16T12:32:24.827Z] [LOG] =================================
[2026-07-16T12:32:24.827Z] [LOG] DEBUG AREA CLIENTE
[2026-07-16T12:32:24.828Z] [LOG] insertedAdminOrder: {
  "id": 32,
  "data": "16/07/2026, 12:32:24",
  "nome": "weq",
  "telefono": "231",
  "squadra": "1x Versione Player Casa Tottenham Hotspur / 1x Spese di spedizione",
  "personalizzazione": "1x [Nome: EQW - Num: 312] | 1x [Spedizione standard]",
  "taglia": "1x [M] / 1x [-]",
  "totale": "29,99‚Ç¨",
  "foto": "=IMAGE(\"https://jerseys-catalog.com/upload/20260713/6ec2161bea2ee5b33d167e025009439b.png#zoom=1.2&x=0&y=0\")",
  "prezzo_fornitore": "1x $8.80 / 1x -",
  "costo_prodotti_usd": "8,80",
  "costo_spedizione_usd": "4,00",
  "costo_totale_usd": "12,80",
  "cambio_usd_eur": "0,8734",
  "costo_totale_eur": "11,18",
  "profitto_eur": "18,81",
  "is_archived": false,
  "lotto_id": null,
  "carrello": [
    {
      "id": "6d2c8ad7-4308-4ee6-8223-e05ca570dc70",
      "imgUrl": "https://jerseys-catalog.com/upload/20260713/6ec2161bea2ee5b33d167e025009439b.png#zoom=1.2&x=0&y=0",
      "prezzo": 25.99,
      "taglia": "M",
      "squadra": "Versione Player Casa Tottenham Hotspur",
      "quantita": 1,
      "infoPerso": "Nome: EQW - Num: 312",
      "legacy_id": "1"
    },
    {
      "imgUrl": "",
      "prezzo": 4,
      "taglia": "-",
      "squadra": "Spese di spedizione",
      "quantita": 1,
      "infoPerso": "Spedizione standard"
    }
  ],
  "created_at": "2026-07-16T12:32:24.799889+00:00"
}
[2026-07-16T12:32:24.828Z] [LOG] user_id: 8313ed33-3330-4fdb-aaad-a4440bbd0a22
[2026-07-16T12:32:24.828Z] [LOG] access_token: PRESENTE
[2026-07-16T12:32:24.828Z] [LOG] =================================
[2026-07-16T12:32:24.828Z] [LOG] üë§ Utente autenticato rilevato (8313ed33-3330-4fdb-aaad-a4440bbd0a22). Associazione dell'ordine all'Area Cliente...
[2026-07-16T12:32:24.829Z] [LOG] üì§ Inserimento in customer_orders: {
  "user_id": "8313ed33-3330-4fdb-aaad-a4440bbd0a22",
  "order_number": "ORD-32",
  "admin_order_id": 32,
  "subtotal": 25.99,
  "shipping": 4,
  "total": 29.99,
  "payment_status": "pending",
  "status": "Ordine Ricevuto",
  "created_at": "2026-07-16T12:32:24.829Z",
  "updated_at": "2026-07-16T12:32:24.829Z"
}
[2026-07-16T12:32:24.899Z] [LOG] ‚úÖ Inserito in customer_orders con ID: 1ea24abf-b2eb-42b4-9251-3dfdc16f6f23
[2026-07-16T12:32:24.899Z] [LOG] üì§ Inserimento in customer_order_items: [
  {
    "order_id": "1ea24abf-b2eb-42b4-9251-3dfdc16f6f23",
    "product_id": 1,
    "nome": "Versione Player Casa Tottenham Hotspur",
    "categoria": "Player",
    "stagione": "2026/2027",
    "taglia": "M",
    "personalizzazione": "Nome: EQW - Num: 312",
    "prezzo": 25.99,
    "quantita": 1
  }
]
[2026-07-16T12:32:25.003Z] [LOG] ‚úÖ Inseriti tutti i prodotti dell'ordine in customer_order_items!
[2026-07-16T12:32:25.003Z] [LOG] === DEBUG SERVER SUCCESS ===
[2026-07-16T12:32:28.637Z] [LOG] >>> ENTRATA GET /api/settings
[2026-07-16T12:32:28.637Z] [LOG] [DEBUG] Syncing settings from Supabase table 'price_rules'...
[2026-07-16T12:32:28.680Z] [LOG] [DEBUG] Loaded settings from Supabase successfully (22 keys processed).
[2026-07-16T12:32:50.239Z] [LOG] >>> ENTRATA GET /api/settings
[2026-07-16T12:32:50.239Z] [LOG] [DEBUG] Syncing settings from Supabase table 'price_rules'...
[2026-07-16T12:32:50.300Z] [LOG] [DEBUG] Loaded settings from Supabase successfully (22 keys processed).
[2026-07-16T12:32:53.178Z] [LOG] >>> ENTRATA POST /api/settings
[2026-07-16T12:32:53.179Z] [LOG] Payload ricevuto: {
  "hasSettings": false,
  "targetPairsCount": 0
}
[2026-07-16T12:32:53.181Z] [LOG] [DEBUG] Salvo le impostazioni e regole in modo permanente su Supabase...
[2026-07-16T12:32:53.181Z] [LOG] [DEBUG] Upserting 23 impostazioni/regole in Supabase...
[2026-07-16T12:32:53.231Z] [LOG] ‚úÖ Impostazioni salvate permanentemente su Supabase.
[2026-07-16T12:32:53.232Z] [LOG] [DEBUG] Syncing settings from Supabase table 'price_rules'...
[2026-07-16T12:32:53.335Z] [LOG] [DEBUG] Loaded settings from Supabase successfully (32 keys processed).
[2026-07-16T12:32:53.335Z] [LOG] <<< USCITA POST /api/settings con successo
[2026-07-16T12:33:20.264Z] [LOG] [API /api/products] Batch 1 loaded: 1000 items (Range: 0-999)
[2026-07-16T12:33:20.389Z] [LOG] [API /api/products] Batch 2 loaded: 1000 items (Range: 1000-1999)
[2026-07-16T12:33:20.462Z] [LOG] [API /api/products] Batch 3 loaded: 1000 items (Range: 2000-2999)
[2026-07-16T12:33:20.582Z] [LOG] [API /api/products] Batch 4 loaded: 1000 items (Range: 3000-3999)
[2026-07-16T12:33:20.644Z] [LOG] [API /api/products] Batch 5 loaded: 19 items (Range: 4000-4999)
[2026-07-16T12:33:20.644Z] [LOG] [API /api/products] Successfully loaded 4019 products from Supabase in 749ms
[2026-07-16T12:34:03.530Z] [LOG] üöö Esecuzione sincronizzazione periodica tracking attiva...
[2026-07-16T12:36:03.530Z] [LOG] üöö Esecuzione sincronizzazione periodica tracking attiva...
[2026-07-16T12:38:03.531Z] [LOG] üöö Esecuzione sincronizzazione periodica tracking attiva...
[2026-07-16T12:40:03.531Z] [LOG] üöö Esecuzione sincronizzazione periodica tracking attiva...
[2026-07-16T12:42:03.531Z] [LOG] üöö Esecuzione sincronizzazione periodica tracking attiva...
[2026-07-16T12:44:03.532Z] [LOG] üöö Esecuzione sincronizzazione periodica tracking attiva...
[2026-07-16T12:46:03.531Z] [LOG] üöö Esecuzione sincronizzazione periodica tracking attiva...
[2026-07-16T12:46:58.025Z] [LOG] >>> ENTRATA GET /api/settings
[2026-07-16T12:46:58.026Z] [LOG] [DEBUG] Syncing settings from Supabase table 'price_rules'...
[2026-07-16T12:46:58.109Z] [LOG] [DEBUG] Loaded settings from Supabase successfully (32 keys processed).
[2026-07-16T12:47:01.212Z] [LOG] >>> ENTRATA GET /api/settings
[2026-07-16T12:47:01.212Z] [LOG] [DEBUG] Syncing settings from Supabase table 'price_rules'...
[2026-07-16T12:47:01.281Z] [LOG] [DEBUG] Loaded settings from Supabase successfully (32 keys processed).
[2026-07-16T12:48:03.531Z] [LOG] üöö Esecuzione sincronizzazione periodica tracking attiva...
[2026-07-16T12:50:03.532Z] [LOG] üöö Esecuzione sincronizzazione periodica tracking attiva...
[2026-07-16T12:52:03.532Z] [LOG] üöö Esecuzione sincronizzazione periodica tracking attiva...
[2026-07-16T12:53:38.581Z] [LOG] [API /api/products] Batch 1 loaded: 1000 items (Range: 0-999)
[2026-07-16T12:53:38.748Z] [LOG] [API /api/products] Batch 2 loaded: 1000 items (Range: 1000-1999)
[2026-07-16T12:53:38.897Z] [LOG] [API /api/products] Batch 3 loaded: 1000 items (Range: 2000-2999)
[2026-07-16T12:53:39.033Z] [LOG] [API /api/products] Batch 4 loaded: 1000 items (Range: 3000-3999)
[2026-07-16T12:53:39.086Z] [LOG] [API /api/products] Batch 5 loaded: 19 items (Range: 4000-4999)
[2026-07-16T12:53:39.087Z] [LOG] [API /api/products] Successfully loaded 4019 products from Supabase in 988ms
[2026-07-16T12:54:03.532Z] [LOG] üöö Esecuzione sincronizzazione periodica tracking attiva...
[2026-07-16T12:56:03.533Z] [LOG] üöö Esecuzione sincronizzazione periodica tracking attiva...
[2026-07-16T12:58:03.534Z] [LOG] üöö Esecuzione sincronizzazione periodica tracking attiva...
[2026-07-16T13:00:03.535Z] [LOG] üöö Esecuzione sincronizzazione periodica tracking attiva...
[2026-07-16T13:02:03.535Z] [LOG] üöö Esecuzione sincronizzazione periodica tracking attiva...
[2026-07-16T13:04:03.537Z] [LOG] üöö Esecuzione sincronizzazione periodica tracking attiva...
[2026-07-16T13:06:03.536Z] [LOG] üöö Esecuzione sincronizzazione periodica tracking attiva...
[2026-07-16T13:08:03.537Z] [LOG] üöö Esecuzione sincronizzazione periodica tracking attiva...
[2026-07-16T13:10:03.538Z] [LOG] üöö Esecuzione sincronizzazione periodica tracking attiva...
[2026-07-16T13:11:29.591Z] [LOG] ‚úÖ File .env caricato correttamente in server.js
[2026-07-16T13:11:29.614Z] [LOG] üöÄ Server running on http://0.0.0.0:3000
[2026-07-16T13:11:29.614Z] [LOG] === INIZIO PULIZIA AUTOMATICA ARCHIVIO LOTTI ===
[2026-07-16T13:11:29.615Z] [LOG] [BACKEND CLEANUP] Pulizia lotti completata. Rimasti 3 lotti reali.
[2026-07-16T13:11:29.615Z] [LOG] === FINE PULIZIA AUTOMATICA ARCHIVIO LOTTI ===
[2026-07-16T13:11:29.615Z] [LOG] üìÇ Inizializzazione e unione automatica dati amministrativi estesi...
[2026-07-16T13:11:29.881Z] [LOG] üöö Servizio Sincronizzazione Automatica Tracking (17TRACK) avviato con successo.
[2026-07-16T13:11:32.679Z] [LOG] === CARICAMENTO IMPOSTAZIONI DA SUPABASE ALL'AVVIO ===
[2026-07-16T13:11:32.680Z] [LOG] [DEBUG] Syncing settings from Supabase table 'price_rules'...
[2026-07-16T13:11:32.758Z] [LOG] [DEBUG] Loaded settings from Supabase successfully (32 keys processed).
[2026-07-16T13:11:32.759Z] [LOG] === INIZIO STANDARDIZZAZIONE DATABASE SUPABASE ===
[2026-07-16T13:11:32.982Z] [LOG] [STDB] Aggiorno regola: '__shipping___range1_min' -> 'Kit_range1_min'
[2026-07-16T13:11:33.215Z] [LOG] [STDB] Aggiorno regola: '__shipping___range1_max' -> 'Kit_range1_max'
[2026-07-16T13:11:33.359Z] [LOG] [STDB] Aggiorno regola: '__shipping___range1_cost' -> 'Kit_range1_cost'
[2026-07-16T13:11:33.470Z] [LOG] [STDB] Aggiorno regola: '__shipping___range2_min' -> 'Kit_range2_min'
[2026-07-16T13:11:33.574Z] [LOG] [STDB] Aggiorno regola: '__shipping___range2_max' -> 'Kit_range2_max'
[2026-07-16T13:11:33.648Z] [LOG] [STDB] Aggiorno regola: '__shipping___range2_cost' -> 'Kit_range2_cost'
[2026-07-16T13:11:33.765Z] [LOG] [STDB] Aggiorno regola: '__shipping___range3_min' -> 'Kit_range3_min'
[2026-07-16T13:11:33.837Z] [LOG] [STDB] Aggiorno regola: '__shipping___range3_cost' -> 'Kit_range3_cost'
[2026-07-16T13:11:33.953Z] [LOG] [STDB] Aggiorno regola: '__exchange___manual_rate' -> 'Kit_manual_rate'
[2026-07-16T13:11:34.030Z] [LOG] [STDB] Aggiorno regola: '__exchange___mode' -> 'Kit_mode'
[2026-07-16T13:11:34.118Z] [LOG] === COMPLETATO STANDARDIZZAZIONE DATABASE SUPABASE ===
[2026-07-16T13:11:38.901Z] [LOG] [API /api/products] Batch 1 loaded: 1000 items (Range: 0-999)
[2026-07-16T13:11:39.066Z] [LOG] [API /api/products] Batch 2 loaded: 1000 items (Range: 1000-1999)
[2026-07-16T13:11:39.222Z] [LOG] [API /api/products] Batch 3 loaded: 1000 items (Range: 2000-2999)
[2026-07-16T13:11:39.299Z] [LOG] [API /api/products] Batch 4 loaded: 1000 items (Range: 3000-3999)
[2026-07-16T13:11:39.350Z] [LOG] [API /api/products] Batch 5 loaded: 19 items (Range: 4000-4999)
[2026-07-16T13:11:39.350Z] [LOG] [API /api/products] Successfully loaded 4019 products from Supabase in 648ms
[2026-07-16T13:12:53.529Z] [LOG] =========================================
[2026-07-16T13:12:53.529Z] [LOG] üì¨ [DEBUG SERVER] POST /api/orders RECEIVED!
[2026-07-16T13:12:53.529Z] [LOG] 1. Full Body sent by frontend: {
  "nome": "ewq",
  "telefono": "132",
  "carrello": [
    {
      "squadra": "Retro 89/90 AC Milan Trasferta",
      "infoPerso": "Nessuna",
      "taglia": "M",
      "prezzo": 23.99,
      "imgUrl": "https://jerseys-catalog.com/upload/20240426/7ca70bc7e98c6502992930d89e9cba1b.jpg",
      "id": "eacb4355-839d-4889-b1f7-9ae99adb347a",
      "legacy_id": "1017",
      "quantita": 1
    },
    {
      "squadra": "Spese di spedizione",
      "infoPerso": "Spedizione standard",
      "taglia": "-",
      "prezzo": 4,
      "quantita": 1,
      "imgUrl": ""
    }
  ],
  "user_id": "8313ed33-3330-4fdb-aaad-a4440bbd0a22",
  "access_token": "eyJhbGciOiJFUzI1NiIsImtpZCI6ImU0YmRmNTFhLTBkOWQtNDVkMC1iN2VmLTNmYjA1NjJlMjYzZCIsInR5cCI6IkpXVCJ9.eyJpc3MiOiJodHRwczovL3JjbnVlZGZ1ZWF5bWZwcGVzbmV0LnN1cGFiYXNlLmNvL2F1dGgvdjEiLCJzdWIiOiI4MzEzZWQzMy0zMzMwLTRmZGItYWFhZC1hNDQ0MGJiZDBhMjIiLCJhdWQiOiJhdXRoZW50aWNhdGVkIiwiZXhwIjoxNzg0MjA5MTc0LCJpYXQiOjE3ODQyMDU1NzQsImVtYWlsIjoic2VyZ2lvdHRvY2F0YW5pYUBnbWFpbC5jb20iLCJwaG9uZSI6IiIsImFwcF9tZXRhZGF0YSI6eyJwcm92aWRlciI6ImVtYWlsIiwicHJvdmlkZXJzIjpbImVtYWlsIl19LCJ1c2VyX21ldGFkYXRhIjp7ImNvZ25vbWUiOiJjYXRhbmlhIiwiZW1haWwiOiJzZXJnaW90dG9jYXRhbmlhQGdtYWlsLmNvbSIsImVtYWlsX3ZlcmlmaWVkIjp0cnVlLCJmaXJzdF9uYW1lIjoic2VyZ2lvIiwibGFzdF9uYW1lIjoiY2F0YW5pYSIsIm5vbWUiOiJzZXJnaW8iLCJwaG9uZV92ZXJpZmllZCI6ZmFsc2UsInN1YiI6IjgzMTNlZDMzLTMzMzAtNGZkYi1hYWFkLWE0NDQwYmJkMGEyMiIsInRlbGVmb25vIjoiIn0sInJvbGUiOiJhdXRoZW50aWNhdGVkIiwiYWFsIjoiYWFsMSIsImFtciI6W3sibWV0aG9kIjoicGFzc3dvcmQiLCJ0aW1lc3RhbXAiOjE3ODQyMDU1NzR9XSwic2Vzc2lvbl9pZCI6ImVhMTA4NTI2LTMyMDQtNDU4YS1hNWY5LWE5NmEyZTZkOWNlYyIsImlzX2Fub255bW91cyI6ZmFsc2V9.VOYLakuoZrNDNR7Og_RIWy7PYObvldUUqI7UQSx7FcGLyMEpTFEvjNQ2dqiIpwje0xndZtROLKpZOXvFoh-OEA"
}
[2026-07-16T13:12:53.529Z] [LOG] =========================================
[2026-07-16T13:12:53.707Z] [LOG] 2. Products in Cart:
[2026-07-16T13:12:53.707Z] [LOG] --- Cart Item #1 ---
[2026-07-16T13:12:53.707Z] [LOG] Item object: {
  "squadra": "Retro 89/90 AC Milan Trasferta",
  "infoPerso": "Nessuna",
  "taglia": "M",
  "prezzo": 23.99,
  "imgUrl": "https://jerseys-catalog.com/upload/20240426/7ca70bc7e98c6502992930d89e9cba1b.jpg",
  "id": "eacb4355-839d-4889-b1f7-9ae99adb347a",
  "legacy_id": "1017",
  "quantita": 1
}
[2026-07-16T13:12:53.708Z] [LOG] 3. Prezzo (prezzo): 23.99 (Parsed as: 23.99)
[2026-07-16T13:12:53.708Z] [LOG]    Quantita (quantita): 1 (Parsed as: 1)
[2026-07-16T13:12:53.708Z] [LOG] 
================ MATCHING REPORT ================
[2026-07-16T13:12:53.709Z] [LOG] Prodotto nel carrello: "Retro 89/90 AC Milan Trasferta" (id: eacb4355-839d-4889-b1f7-9ae99adb347a, legacy_id: 1017)
‚Üì
Prodotto trovato su Supabase: Nessuna corrispondenza trovata.
‚Üì
Prezzo fornitore recuperato: $0.00
‚Üì
Motivo dell'eventuale mancata corrispondenza: Nessun prodotto nel database corrisponde a id: "eacb4355-839d-4889-b1f7-9ae99adb347a" o legacy_id: "1017". Nessun prodotto nel database corrisponde al nome/versione "Retro 89/90 AC Milan Trasferta".
[2026-07-16T13:12:53.709Z] [LOG] =================================================

[2026-07-16T13:12:53.709Z] [LOG] --- Cart Item #2 ---
[2026-07-16T13:12:53.709Z] [LOG] Item object: {
  "squadra": "Spese di spedizione",
  "infoPerso": "Spedizione standard",
  "taglia": "-",
  "prezzo": 4,
  "quantita": 1,
  "imgUrl": ""
}
[2026-07-16T13:12:53.709Z] [LOG] 3. Prezzo (prezzo): 4 (Parsed as: 4)
[2026-07-16T13:12:53.709Z] [LOG]    Quantita (quantita): 1 (Parsed as: 0)
[2026-07-16T13:12:53.709Z] [LOG] 
================ MATCHING REPORT ================
[2026-07-16T13:12:53.709Z] [LOG] Prodotto nel carrello: "Spese di spedizione" (id: N/A, legacy_id: N/A)
‚Üì
Prodotto trovato su Supabase: Nessuna corrispondenza trovata.
‚Üì
Prezzo fornitore recuperato: $0.00
‚Üì
Motivo dell'eventuale mancata corrispondenza: Il frontend non ha inviato id o legacy_id per questo prodotto. Nessun prodotto nel database corrisponde al nome/versione "Spese di spedizione".
[2026-07-16T13:12:53.709Z] [LOG] =================================================

[2026-07-16T13:12:53.772Z] [LOG] === OVERALL CALCULATIONS & VALUES ===
[2026-07-16T13:12:53.772Z] [LOG] - totale_pagato_cliente: 27.99
[2026-07-16T13:12:53.773Z] [LOG] - costo_prodotti_usd: 0
[2026-07-16T13:12:53.773Z] [LOG] - order_shipping_usd (spedizione): 4
[2026-07-16T13:12:53.773Z] [LOG] - costo_totale_usd: 4
[2026-07-16T13:12:53.773Z] [LOG] - exchangeRate: 0.873427
[2026-07-16T13:12:53.773Z] [LOG] - costo_totale_eur: 3.493708
[2026-07-16T13:12:53.773Z] [LOG] - profitto_eur (5. Profitto calcolato): 24.496291999999997
[2026-07-16T13:12:53.804Z] [LOG] üì§ Registrazione dell'ordine nel database Supabase...
[2026-07-16T13:12:53.805Z] [LOG] 
================ ORDER DATA DA SALVARE ================
[2026-07-16T13:12:53.805Z] [LOG] {
  "data": "16/07/2026, 13:12:53",
  "nome": "ewq",
  "telefono": "132",
  "squadra": "1x Retro 89/90 AC Milan Trasferta / 1x Spese di spedizione",
  "personalizzazione": "1x [Nessuna] | 1x [Spedizione standard]",
  "taglia": "1x [M] / 1x [-]",
  "totale": "27,99‚Ç¨",
  "foto": "=IMAGE(\"https://jerseys-catalog.com/upload/20240426/7ca70bc7e98c6502992930d89e9cba1b.jpg\")",
  "prezzo_fornitore": "1x - / 1x -",
  "costo_prodotti_usd": "0,00",
  "costo_spedizione_usd": "4,00",
  "costo_totale_usd": "4,00",
  "cambio_usd_eur": "0,8734",
  "costo_totale_eur": "3,49",
  "profitto_eur": "24,50",
  "is_archived": false,
  "carrello": [
    {
      "squadra": "Retro 89/90 AC Milan Trasferta",
      "infoPerso": "Nessuna",
      "taglia": "M",
      "prezzo": 23.99,
      "imgUrl": "https://jerseys-catalog.com/upload/20240426/7ca70bc7e98c6502992930d89e9cba1b.jpg",
      "id": "eacb4355-839d-4889-b1f7-9ae99adb347a",
      "legacy_id": "1017",
      "quantita": 1
    },
    {
      "squadra": "Spese di spedizione",
      "infoPerso": "Spedizione standard",
      "taglia": "-",
      "prezzo": 4,
      "quantita": 1,
      "imgUrl": ""
    }
  ]
}
[2026-07-16T13:12:53.805Z] [LOG] =======================================================

[2026-07-16T13:12:53.900Z] [LOG] 
================ RIGA SALVATA SU SUPABASE ================
[2026-07-16T13:12:53.900Z] [LOG] [
  {
    "id": 33,
    "data": "16/07/2026, 13:12:53",
    "nome": "ewq",
    "telefono": "132",
    "squadra": "1x Retro 89/90 AC Milan Trasferta / 1x Spese di spedizione",
    "personalizzazione": "1x [Nessuna] | 1x [Spedizione standard]",
    "taglia": "1x [M] / 1x [-]",
    "totale": "27,99‚Ç¨",
    "foto": "=IMAGE(\"https://jerseys-catalog.com/upload/20240426/7ca70bc7e98c6502992930d89e9cba1b.jpg\")",
    "prezzo_fornitore": "1x - / 1x -",
    "costo_prodotti_usd": "0,00",
    "costo_spedizione_usd": "4,00",
    "costo_totale_usd": "4,00",
    "cambio_usd_eur": "0,8734",
    "costo_totale_eur": "3,49",
    "profitto_eur": "24,50",
    "is_archived": false,
    "lotto_id": null,
    "carrello": [
      {
        "id": "eacb4355-839d-4889-b1f7-9ae99adb347a",
        "imgUrl": "https://jerseys-catalog.com/upload/20240426/7ca70bc7e98c6502992930d89e9cba1b.jpg",
        "prezzo": 23.99,
        "taglia": "M",
        "squadra": "Retro 89/90 AC Milan Trasferta",
        "quantita": 1,
        "infoPerso": "Nessuna",
        "legacy_id": "1017"
      },
      {
        "imgUrl": "",
        "prezzo": 4,
        "taglia": "-",
        "squadra": "Spese di spedizione",
        "quantita": 1,
        "infoPerso": "Spedizione standard"
      }
    ],
    "created_at": "2026-07-16T13:12:53.851289+00:00"
  }
]
[2026-07-16T13:12:53.900Z] [LOG] ==========================================================

[2026-07-16T13:12:53.900Z] [LOG] ‚úÖ Order inserted successfully in Supabase 'orders' table.
[2026-07-16T13:12:53.900Z] [LOG] =================================
[2026-07-16T13:12:53.901Z] [LOG] DEBUG AREA CLIENTE
[2026-07-16T13:12:53.901Z] [LOG] insertedAdminOrder: {
  "id": 33,
  "data": "16/07/2026, 13:12:53",
  "nome": "ewq",
  "telefono": "132",
  "squadra": "1x Retro 89/90 AC Milan Trasferta / 1x Spese di spedizione",
  "personalizzazione": "1x [Nessuna] | 1x [Spedizione standard]",
  "taglia": "1x [M] / 1x [-]",
  "totale": "27,99‚Ç¨",
  "foto": "=IMAGE(\"https://jerseys-catalog.com/upload/20240426/7ca70bc7e98c6502992930d89e9cba1b.jpg\")",
  "prezzo_fornitore": "1x - / 1x -",
  "costo_prodotti_usd": "0,00",
  "costo_spedizione_usd": "4,00",
  "costo_totale_usd": "4,00",
  "cambio_usd_eur": "0,8734",
  "costo_totale_eur": "3,49",
  "profitto_eur": "24,50",
  "is_archived": false,
  "lotto_id": null,
  "carrello": [
    {
      "id": "eacb4355-839d-4889-b1f7-9ae99adb347a",
      "imgUrl": "https://jerseys-catalog.com/upload/20240426/7ca70bc7e98c6502992930d89e9cba1b.jpg",
      "prezzo": 23.99,
      "taglia": "M",
      "squadra": "Retro 89/90 AC Milan Trasferta",
      "quantita": 1,
      "infoPerso": "Nessuna",
      "legacy_id": "1017"
    },
    {
      "imgUrl": "",
      "prezzo": 4,
      "taglia": "-",
      "squadra": "Spese di spedizione",
      "quantita": 1,
      "infoPerso": "Spedizione standard"
    }
  ],
  "created_at": "2026-07-16T13:12:53.851289+00:00"
}
[2026-07-16T13:12:53.902Z] [LOG] user_id: 8313ed33-3330-4fdb-aaad-a4440bbd0a22
[2026-07-16T13:12:53.902Z] [LOG] access_token: PRESENTE
[2026-07-16T13:12:53.902Z] [LOG] =================================
[2026-07-16T13:12:53.902Z] [LOG] üë§ Utente autenticato rilevato (8313ed33-3330-4fdb-aaad-a4440bbd0a22). Associazione dell'ordine all'Area Cliente...
[2026-07-16T13:12:53.909Z] [LOG] üì§ Inserimento in customer_orders: {
  "user_id": "8313ed33-3330-4fdb-aaad-a4440bbd0a22",
  "order_number": "ORD-33",
  "admin_order_id": 33,
  "subtotal": 23.99,
  "shipping": 4,
  "total": 27.99,
  "payment_status": "pending",
  "status": "Ordine Ricevuto",
  "created_at": "2026-07-16T13:12:53.903Z",
  "updated_at": "2026-07-16T13:12:53.903Z"
}
[2026-07-16T13:12:53.978Z] [LOG] ‚úÖ Inserito in customer_orders con ID: ce87a796-c04b-4eff-9a04-bf4bc413fa23
[2026-07-16T13:12:53.980Z] [LOG] üì§ Inserimento in customer_order_items: [
  {
    "order_id": "ce87a796-c04b-4eff-9a04-bf4bc413fa23",
    "product_id": null,
    "nome": "Retro 89/90 AC Milan Trasferta",
    "categoria": "Kit",
    "stagione": "2026/2027",
    "taglia": "M",
    "personalizzazione": "Nessuna",
    "prezzo": 23.99,
    "quantita": 1
  }
]
[2026-07-16T13:12:54.023Z] [LOG] ‚úÖ Inseriti tutti i prodotti dell'ordine in customer_order_items!
[2026-07-16T13:12:54.023Z] [LOG] === DEBUG SERVER SUCCESS ===
[2026-07-16T13:13:12.848Z] [LOG] >>> ENTRATA GET /api/settings
[2026-07-16T13:13:12.848Z] [LOG] [DEBUG] Syncing settings from Supabase table 'price_rules'...
[2026-07-16T13:13:12.907Z] [LOG] [DEBUG] Loaded settings from Supabase successfully (22 keys processed).
[2026-07-16T13:13:29.883Z] [LOG] üöö Esecuzione sincronizzazione periodica tracking attiva...
[2026-07-16T13:13:35.063Z] [LOG] [API /api/products] Batch 1 loaded: 1000 items (Range: 0-999)
[2026-07-16T13:13:35.167Z] [LOG] [API /api/products] Batch 2 loaded: 1000 items (Range: 1000-1999)
[2026-07-16T13:13:35.255Z] [LOG] [API /api/products] Batch 3 loaded: 1000 items (Range: 2000-2999)
[2026-07-16T13:13:35.335Z] [LOG] [API /api/products] Batch 4 loaded: 1000 items (Range: 3000-3999)
[2026-07-16T13:13:35.387Z] [LOG] [API /api/products] Batch 5 loaded: 19 items (Range: 4000-4999)
[2026-07-16T13:13:35.387Z] [LOG] [API /api/products] Successfully loaded 4019 products from Supabase in 451ms
[2026-07-16T13:13:46.501Z] [LOG] =========================================
[2026-07-16T13:13:46.501Z] [LOG] üì¨ [DEBUG SERVER] POST /api/orders RECEIVED!
[2026-07-16T13:13:46.501Z] [LOG] 1. Full Body sent by frontend: {
  "nome": "weq",
  "telefono": "39321",
  "carrello": [
    {
      "squadra": "Adulto Kits 24/25 Portugal Casa",
      "infoPerso": "Nome: WEQ - Num: 12",
      "taglia": "M",
      "prezzo": 26.99,
      "imgUrl": "https://jerseys-catalog.com/upload/20240313/058c221fa8086b988bcda614312e19ef.jpeg",
      "id": "d99feab2-955d-4329-9c61-dfe666775eab",
      "legacy_id": "15",
      "quantita": 1
    },
    {
      "squadra": "Spese di spedizione",
      "infoPerso": "Spedizione standard",
      "taglia": "-",
      "prezzo": 4,
      "quantita": 1,
      "imgUrl": ""
    }
  ],
  "user_id": "8313ed33-3330-4fdb-aaad-a4440bbd0a22",
  "access_token": "eyJhbGciOiJFUzI1NiIsImtpZCI6ImU0YmRmNTFhLTBkOWQtNDVkMC1iN2VmLTNmYjA1NjJlMjYzZCIsInR5cCI6IkpXVCJ9.eyJpc3MiOiJodHRwczovL3JjbnVlZGZ1ZWF5bWZwcGVzbmV0LnN1cGFiYXNlLmNvL2F1dGgvdjEiLCJzdWIiOiI4MzEzZWQzMy0zMzMwLTRmZGItYWFhZC1hNDQ0MGJiZDBhMjIiLCJhdWQiOiJhdXRoZW50aWNhdGVkIiwiZXhwIjoxNzg0MjA5MTc0LCJpYXQiOjE3ODQyMDU1NzQsImVtYWlsIjoic2VyZ2lvdHRvY2F0YW5pYUBnbWFpbC5jb20iLCJwaG9uZSI6IiIsImFwcF9tZXRhZGF0YSI6eyJwcm92aWRlciI6ImVtYWlsIiwicHJvdmlkZXJzIjpbImVtYWlsIl19LCJ1c2VyX21ldGFkYXRhIjp7ImNvZ25vbWUiOiJjYXRhbmlhIiwiZW1haWwiOiJzZXJnaW90dG9jYXRhbmlhQGdtYWlsLmNvbSIsImVtYWlsX3ZlcmlmaWVkIjp0cnVlLCJmaXJzdF9uYW1lIjoic2VyZ2lvIiwibGFzdF9uYW1lIjoiY2F0YW5pYSIsIm5vbWUiOiJzZXJnaW8iLCJwaG9uZV92ZXJpZmllZCI6ZmFsc2UsInN1YiI6IjgzMTNlZDMzLTMzMzAtNGZkYi1hYWFkLWE0NDQwYmJkMGEyMiIsInRlbGVmb25vIjoiIn0sInJvbGUiOiJhdXRoZW50aWNhdGVkIiwiYWFsIjoiYWFsMSIsImFtciI6W3sibWV0aG9kIjoicGFzc3dvcmQiLCJ0aW1lc3RhbXAiOjE3ODQyMDU1NzR9XSwic2Vzc2lvbl9pZCI6ImVhMTA4NTI2LTMyMDQtNDU4YS1hNWY5LWE5NmEyZTZkOWNlYyIsImlzX2Fub255bW91cyI6ZmFsc2V9.VOYLakuoZrNDNR7Og_RIWy7PYObvldUUqI7UQSx7FcGLyMEpTFEvjNQ2dqiIpwje0xndZtROLKpZOXvFoh-OEA"
}
[2026-07-16T13:13:46.501Z] [LOG] =========================================
[2026-07-16T13:13:46.706Z] [LOG] 2. Products in Cart:
[2026-07-16T13:13:46.707Z] [LOG] --- Cart Item #1 ---
[2026-07-16T13:13:46.707Z] [LOG] Item object: {
  "squadra": "Adulto Kits 24/25 Portugal Casa",
  "infoPerso": "Nome: WEQ - Num: 12",
  "taglia": "M",
  "prezzo": 26.99,
  "imgUrl": "https://jerseys-catalog.com/upload/20240313/058c221fa8086b988bcda614312e19ef.jpeg",
  "id": "d99feab2-955d-4329-9c61-dfe666775eab",
  "legacy_id": "15",
  "quantita": 1
}
[2026-07-16T13:13:46.707Z] [LOG] 3. Prezzo (prezzo): 26.99 (Parsed as: 26.99)
[2026-07-16T13:13:46.707Z] [LOG]    Quantita (quantita): 1 (Parsed as: 1)
[2026-07-16T13:13:46.707Z] [LOG] 
================ MATCHING REPORT ================
[2026-07-16T13:13:46.707Z] [LOG] Prodotto nel carrello: "Adulto Kits 24/25 Portugal Casa" (id: d99feab2-955d-4329-9c61-dfe666775eab, legacy_id: 15)
‚Üì
Prodotto trovato su Supabase: "Adulto kits 26/27 Leeds United Trasferta" (id: b66d8188-f900-4991-99de-f8d60f18527c, legacy_id: 15) tramite legacy_id (15)
‚Üì
Prezzo fornitore recuperato: $8.30
[2026-07-16T13:13:46.707Z] [LOG] =================================================

[2026-07-16T13:13:46.707Z] [LOG] --- Cart Item #2 ---
[2026-07-16T13:13:46.707Z] [LOG] Item object: {
  "squadra": "Spese di spedizione",
  "infoPerso": "Spedizione standard",
  "taglia": "-",
  "prezzo": 4,
  "quantita": 1,
  "imgUrl": ""
}
[2026-07-16T13:13:46.707Z] [LOG] 3. Prezzo (prezzo): 4 (Parsed as: 4)
[2026-07-16T13:13:46.707Z] [LOG]    Quantita (quantita): 1 (Parsed as: 0)
[2026-07-16T13:13:46.708Z] [LOG] 
================ MATCHING REPORT ================
[2026-07-16T13:13:46.708Z] [LOG] Prodotto nel carrello: "Spese di spedizione" (id: N/A, legacy_id: N/A)
‚Üì
Prodotto trovato su Supabase: Nessuna corrispondenza trovata.
‚Üì
Prezzo fornitore recuperato: $0.00
‚Üì
Motivo dell'eventuale mancata corrispondenza: Il frontend non ha inviato id o legacy_id per questo prodotto. Nessun prodotto nel database corrisponde al nome/versione "Spese di spedizione".
[2026-07-16T13:13:46.708Z] [LOG] =================================================

[2026-07-16T13:13:46.766Z] [LOG] === OVERALL CALCULATIONS & VALUES ===
[2026-07-16T13:13:46.766Z] [LOG] - totale_pagato_cliente: 30.99
[2026-07-16T13:13:46.766Z] [LOG] - costo_prodotti_usd: 8.3
[2026-07-16T13:13:46.766Z] [LOG] - order_shipping_usd (spedizione): 4
[2026-07-16T13:13:46.766Z] [LOG] - costo_totale_usd: 12.3
[2026-07-16T13:13:46.766Z] [LOG] - exchangeRate: 0.873427
[2026-07-16T13:13:46.766Z] [LOG] - costo_totale_eur: 10.7431521
[2026-07-16T13:13:46.766Z] [LOG] - profitto_eur (5. Profitto calcolato): 20.2468479
[2026-07-16T13:13:46.768Z] [LOG] üì§ Registrazione dell'ordine nel database Supabase...
[2026-07-16T13:13:46.775Z] [LOG] 
================ ORDER DATA DA SALVARE ================
[2026-07-16T13:13:46.775Z] [LOG] {
  "data": "16/07/2026, 13:13:46",
  "nome": "weq",
  "telefono": "39321",
  "squadra": "1x Adulto Kits 24/25 Portugal Casa / 1x Spese di spedizione",
  "personalizzazione": "1x [Nome: WEQ - Num: 12] | 1x [Spedizione standard]",
  "taglia": "1x [M] / 1x [-]",
  "totale": "30,99‚Ç¨",
  "foto": "=IMAGE(\"https://jerseys-catalog.com/upload/20240313/058c221fa8086b988bcda614312e19ef.jpeg\")",
  "prezzo_fornitore": "1x $8.30 / 1x -",
  "costo_prodotti_usd": "8,30",
  "costo_spedizione_usd": "4,00",
  "costo_totale_usd": "12,30",
  "cambio_usd_eur": "0,8734",
  "costo_totale_eur": "10,74",
  "profitto_eur": "20,25",
  "is_archived": false,
  "carrello": [
    {
      "squadra": "Adulto Kits 24/25 Portugal Casa",
      "infoPerso": "Nome: WEQ - Num: 12",
      "taglia": "M",
      "prezzo": 26.99,
      "imgUrl": "https://jerseys-catalog.com/upload/20240313/058c221fa8086b988bcda614312e19ef.jpeg",
      "id": "d99feab2-955d-4329-9c61-dfe666775eab",
      "legacy_id": "15",
      "quantita": 1
    },
    {
      "squadra": "Spese di spedizione",
      "infoPerso": "Spedizione standard",
      "taglia": "-",
      "prezzo": 4,
      "quantita": 1,
      "imgUrl": ""
    }
  ]
}
[2026-07-16T13:13:46.775Z] [LOG] =======================================================

[2026-07-16T13:13:46.817Z] [LOG] 
================ RIGA SALVATA SU SUPABASE ================
[2026-07-16T13:13:46.817Z] [LOG] [
  {
    "id": 34,
    "data": "16/07/2026, 13:13:46",
    "nome": "weq",
    "telefono": "39321",
    "squadra": "1x Adulto Kits 24/25 Portugal Casa / 1x Spese di spedizione",
    "personalizzazione": "1x [Nome: WEQ - Num: 12] | 1x [Spedizione standard]",
    "taglia": "1x [M] / 1x [-]",
    "totale": "30,99‚Ç¨",
    "foto": "=IMAGE(\"https://jerseys-catalog.com/upload/20240313/058c221fa8086b988bcda614312e19ef.jpeg\")",
    "prezzo_fornitore": "1x $8.30 / 1x -",
    "costo_prodotti_usd": "8,30",
    "costo_spedizione_usd": "4,00",
    "costo_totale_usd": "12,30",
    "cambio_usd_eur": "0,8734",
    "costo_totale_eur": "10,74",
    "profitto_eur": "20,25",
    "is_archived": false,
    "lotto_id": null,
    "carrello": [
      {
        "id": "d99feab2-955d-4329-9c61-dfe666775eab",
        "imgUrl": "https://jerseys-catalog.com/upload/20240313/058c221fa8086b988bcda614312e19ef.jpeg",
        "prezzo": 26.99,
        "taglia": "M",
        "squadra": "Adulto Kits 24/25 Portugal Casa",
        "quantita": 1,
        "infoPerso": "Nome: WEQ - Num: 12",
        "legacy_id": "15"
      },
      {
        "imgUrl": "",
        "prezzo": 4,
        "taglia": "-",
        "squadra": "Spese di spedizione",
        "quantita": 1,
        "infoPerso": "Spedizione standard"
      }
    ],
    "created_at": "2026-07-16T13:13:46.798497+00:00"
  }
]
[2026-07-16T13:13:46.817Z] [LOG] ==========================================================

[2026-07-16T13:13:46.817Z] [LOG] ‚úÖ Order inserted successfully in Supabase 'orders' table.
[2026-07-16T13:13:46.817Z] [LOG] =================================
[2026-07-16T13:13:46.817Z] [LOG] DEBUG AREA CLIENTE
[2026-07-16T13:13:46.834Z] [LOG] insertedAdminOrder: {
  "id": 34,
  "data": "16/07/2026, 13:13:46",
  "nome": "weq",
  "telefono": "39321",
  "squadra": "1x Adulto Kits 24/25 Portugal Casa / 1x Spese di spedizione",
  "personalizzazione": "1x [Nome: WEQ - Num: 12] | 1x [Spedizione standard]",
  "taglia": "1x [M] / 1x [-]",
  "totale": "30,99‚Ç¨",
  "foto": "=IMAGE(\"https://jerseys-catalog.com/upload/20240313/058c221fa8086b988bcda614312e19ef.jpeg\")",
  "prezzo_fornitore": "1x $8.30 / 1x -",
  "costo_prodotti_usd": "8,30",
  "costo_spedizione_usd": "4,00",
  "costo_totale_usd": "12,30",
  "cambio_usd_eur": "0,8734",
  "costo_totale_eur": "10,74",
  "profitto_eur": "20,25",
  "is_archived": false,
  "lotto_id": null,
  "carrello": [
    {
      "id": "d99feab2-955d-4329-9c61-dfe666775eab",
      "imgUrl": "https://jerseys-catalog.com/upload/20240313/058c221fa8086b988bcda614312e19ef.jpeg",
      "prezzo": 26.99,
      "taglia": "M",
      "squadra": "Adulto Kits 24/25 Portugal Casa",
      "quantita": 1,
      "infoPerso": "Nome: WEQ - Num: 12",
      "legacy_id": "15"
    },
    {
      "imgUrl": "",
      "prezzo": 4,
      "taglia": "-",
      "squadra": "Spese di spedizione",
      "quantita": 1,
      "infoPerso": "Spedizione standard"
    }
  ],
  "created_at": "2026-07-16T13:13:46.798497+00:00"
}
[2026-07-16T13:13:46.856Z] [LOG] user_id: 8313ed33-3330-4fdb-aaad-a4440bbd0a22
[2026-07-16T13:13:46.856Z] [LOG] access_token: PRESENTE
[2026-07-16T13:13:46.856Z] [LOG] =================================
[2026-07-16T13:13:46.856Z] [LOG] üë§ Utente autenticato rilevato (8313ed33-3330-4fdb-aaad-a4440bbd0a22). Associazione dell'ordine all'Area Cliente...
[2026-07-16T13:13:46.857Z] [LOG] üì§ Inserimento in customer_orders: {
  "user_id": "8313ed33-3330-4fdb-aaad-a4440bbd0a22",
  "order_number": "ORD-34",
  "admin_order_id": 34,
  "subtotal": 26.99,
  "shipping": 4,
  "total": 30.99,
  "payment_status": "pending",
  "status": "Ordine Ricevuto",
  "created_at": "2026-07-16T13:13:46.857Z",
  "updated_at": "2026-07-16T13:13:46.857Z"
}
[2026-07-16T13:13:46.900Z] [LOG] ‚úÖ Inserito in customer_orders con ID: 725645ec-9853-4795-acfb-ffe45d4b8d0a
[2026-07-16T13:13:46.900Z] [LOG] üì§ Inserimento in customer_order_items: [
  {
    "order_id": "725645ec-9853-4795-acfb-ffe45d4b8d0a",
    "product_id": null,
    "nome": "Adulto Kits 24/25 Portugal Casa",
    "categoria": "Kit",
    "stagione": "2026/2027",
    "taglia": "M",
    "personalizzazione": "Nome: WEQ - Num: 12",
    "prezzo": 26.99,
    "quantita": 1
  }
]
[2026-07-16T13:13:46.986Z] [LOG] ‚úÖ Inseriti tutti i prodotti dell'ordine in customer_order_items!
[2026-07-16T13:13:46.986Z] [LOG] === DEBUG SERVER SUCCESS ===
[2026-07-16T13:13:51.864Z] [LOG] [API /api/products] Batch 1 loaded: 1000 items (Range: 0-999)
[2026-07-16T13:13:51.946Z] [LOG] [API /api/products] Batch 2 loaded: 1000 items (Range: 1000-1999)
[2026-07-16T13:13:52.014Z] [LOG] [API /api/products] Batch 3 loaded: 1000 items (Range: 2000-2999)
[2026-07-16T13:13:52.114Z] [LOG] [API /api/products] Batch 4 loaded: 1000 items (Range: 3000-3999)
[2026-07-16T13:13:52.162Z] [LOG] [API /api/products] Batch 5 loaded: 19 items (Range: 4000-4999)
[2026-07-16T13:13:52.162Z] [LOG] [API /api/products] Successfully loaded 4019 products from Supabase in 467ms
[2026-07-16T13:15:29.884Z] [LOG] üöö Esecuzione sincronizzazione periodica tracking attiva...
[2026-07-16T13:17:29.885Z] [LOG] üöö Esecuzione sincronizzazione periodica tracking attiva...
[2026-07-16T13:19:29.885Z] [LOG] üöö Esecuzione sincronizzazione periodica tracking attiva...
[2026-07-16T13:21:29.885Z] [LOG] üöö Esecuzione sincronizzazione periodica tracking attiva...
[2026-07-16T13:22:05.861Z] [LOG] ‚úÖ File .env caricato correttamente in server.js
[2026-07-16T13:22:05.885Z] [LOG] üöÄ Server running on http://0.0.0.0:3000
[2026-07-16T13:22:05.885Z] [LOG] === INIZIO PULIZIA AUTOMATICA ARCHIVIO LOTTI ===
[2026-07-16T13:22:05.886Z] [LOG] [BACKEND CLEANUP] Pulizia lotti completata. Rimasti 3 lotti reali.
[2026-07-16T13:22:05.886Z] [LOG] === FINE PULIZIA AUTOMATICA ARCHIVIO LOTTI ===
[2026-07-16T13:22:05.886Z] [LOG] üìÇ Inizializzazione e unione automatica dati amministrativi estesi...
[2026-07-16T13:22:06.154Z] [LOG] üöö Servizio Sincronizzazione Automatica Tracking (17TRACK) avviato con successo.
[2026-07-16T13:22:08.944Z] [LOG] === CARICAMENTO IMPOSTAZIONI DA SUPABASE ALL'AVVIO ===
[2026-07-16T13:22:08.947Z] [LOG] [DEBUG] Syncing settings from Supabase table 'price_rules'...
[2026-07-16T13:22:09.015Z] [LOG] [DEBUG] Loaded settings from Supabase successfully (22 keys processed).
[2026-07-16T13:22:09.015Z] [LOG] === INIZIO STANDARDIZZAZIONE DATABASE SUPABASE ===
[2026-07-16T13:22:09.168Z] [LOG] === COMPLETATO STANDARDIZZAZIONE DATABASE SUPABASE ===
[2026-07-16T13:22:18.095Z] [LOG] [API /api/products] Batch 1 loaded: 1000 items (Range: 0-999)
[2026-07-16T13:22:18.196Z] [LOG] [API /api/products] Batch 2 loaded: 1000 items (Range: 1000-1999)
[2026-07-16T13:22:18.291Z] [LOG] [API /api/products] Batch 3 loaded: 1000 items (Range: 2000-2999)
[2026-07-16T13:22:18.379Z] [LOG] [API /api/products] Batch 4 loaded: 1000 items (Range: 3000-3999)
[2026-07-16T13:22:18.420Z] [LOG] [API /api/products] Batch 5 loaded: 19 items (Range: 4000-4999)
[2026-07-16T13:22:18.420Z] [LOG] [API /api/products] Successfully loaded 4019 products from Supabase in 468ms
[2026-07-16T13:22:37.741Z] [ERROR] ‚ö†Ô∏è Errore durante il proxy dell'immagine: fetch failed
[2026-07-16T13:22:37.744Z] [ERROR] ‚ö†Ô∏è Errore durante il proxy dell'immagine: fetch failed
[2026-07-16T13:22:37.746Z] [ERROR] ‚ö†Ô∏è Errore durante il proxy dell'immagine: fetch failed
[2026-07-16T13:22:37.749Z] [ERROR] ‚ö†Ô∏è Errore durante il proxy dell'immagine: fetch failed
[2026-07-16T13:22:37.753Z] [ERROR] ‚ö†Ô∏è Errore durante il proxy dell'immagine: fetch failed
[2026-07-16T13:22:37.757Z] [ERROR] ‚ö†Ô∏è Errore durante il proxy dell'immagine: fetch failed
[2026-07-16T13:22:37.760Z] [ERROR] ‚ö†Ô∏è Errore durante il proxy dell'immagine: fetch failed
[2026-07-16T13:22:37.761Z] [ERROR] ‚ö†Ô∏è Errore durante il proxy dell'immagine: fetch failed
[2026-07-16T13:22:37.765Z] [ERROR] ‚ö†Ô∏è Errore durante il proxy dell'immagine: fetch failed
[2026-07-16T13:22:37.767Z] [ERROR] ‚ö†Ô∏è Errore durante il proxy dell'immagine: fetch failed
[2026-07-16T13:22:37.770Z] [ERROR] ‚ö†Ô∏è Errore durante il proxy dell'immagine: fetch failed
[2026-07-16T13:22:37.773Z] [ERROR] ‚ö†Ô∏è Errore durante il proxy dell'immagine: fetch failed
[2026-07-16T13:22:37.775Z] [ERROR] ‚ö†Ô∏è Errore durante il proxy dell'immagine: fetch failed
[2026-07-16T13:22:37.779Z] [ERROR] ‚ö†Ô∏è Errore durante il proxy dell'immagine: fetch failed
[2026-07-16T13:22:37.781Z] [ERROR] ‚ö†Ô∏è Errore durante il proxy dell'immagine: fetch failed
[2026-07-16T13:22:37.783Z] [ERROR] ‚ö†Ô∏è Errore durante il proxy dell'immagine: fetch failed
[2026-07-16T13:22:37.786Z] [ERROR] ‚ö†Ô∏è Errore durante il proxy dell'immagine: fetch failed
[2026-07-16T13:22:37.787Z] [ERROR] ‚ö†Ô∏è Errore durante il proxy dell'immagine: fetch failed
[2026-07-16T13:22:37.791Z] [ERROR] ‚ö†Ô∏è Errore durante il proxy dell'immagine: fetch failed
[2026-07-16T13:22:37.793Z] [ERROR] ‚ö†Ô∏è Errore durante il proxy dell'immagine: fetch failed
[2026-07-16T13:22:37.795Z] [ERROR] ‚ö†Ô∏è Errore durante il proxy dell'immagine: fetch failed
[2026-07-16T13:22:37.798Z] [ERROR] ‚ö†Ô∏è Errore durante il proxy dell'immagine: fetch failed
[2026-07-16T13:22:37.800Z] [ERROR] ‚ö†Ô∏è Errore durante il proxy dell'immagine: fetch failed
[2026-07-16T13:22:37.803Z] [ERROR] ‚ö†Ô∏è Errore durante il proxy dell'immagine: fetch failed
[2026-07-16T13:22:37.805Z] [ERROR] ‚ö†Ô∏è Errore durante il proxy dell'immagine: fetch failed
[2026-07-16T13:22:46.224Z] [ERROR] ‚ö†Ô∏è Errore durante il proxy dell'immagine: fetch failed
[2026-07-16T13:22:46.227Z] [ERROR] ‚ö†Ô∏è Errore durante il proxy dell'immagine: fetch failed
[2026-07-16T13:22:46.230Z] [ERROR] ‚ö†Ô∏è Errore durante il proxy dell'immagine: fetch failed
[2026-07-16T13:22:46.232Z] [ERROR] ‚ö†Ô∏è Errore durante il proxy dell'immagine: fetch failed
[2026-07-16T13:22:46.237Z] [ERROR] ‚ö†Ô∏è Errore durante il proxy dell'immagine: fetch failed
[2026-07-16T13:22:46.239Z] [ERROR] ‚ö†Ô∏è Errore durante il proxy dell'immagine: fetch failed
[2026-07-16T13:22:46.725Z] [ERROR] ‚ö†Ô∏è Errore durante il proxy dell'immagine: fetch failed
[2026-07-16T13:22:47.222Z] [ERROR] ‚ö†Ô∏è Errore durante il proxy dell'immagine: fetch failed
[2026-07-16T13:22:47.223Z] [ERROR] ‚ö†Ô∏è Errore durante il proxy dell'immagine: fetch failed
[2026-07-16T13:22:48.221Z] [ERROR] ‚ö†Ô∏è Errore durante il proxy dell'immagine: fetch failed
[2026-07-16T13:22:48.223Z] [ERROR] ‚ö†Ô∏è Errore durante il proxy dell'immagine: fetch failed
[2026-07-16T13:22:48.225Z] [ERROR] ‚ö†Ô∏è Errore durante il proxy dell'immagine: fetch failed
[2026-07-16T13:22:48.230Z] [ERROR] ‚ö†Ô∏è Errore durante il proxy dell'immagine: fetch failed
[2026-07-16T13:22:48.233Z] [ERROR] ‚ö†Ô∏è Errore durante il proxy dell'immagine: fetch failed
[2026-07-16T13:22:48.236Z] [ERROR] ‚ö†Ô∏è Errore durante il proxy dell'immagine: fetch failed
[2026-07-16T13:22:48.238Z] [ERROR] ‚ö†Ô∏è Errore durante il proxy dell'immagine: fetch failed
[2026-07-16T13:22:58.724Z] [ERROR] ‚ö†Ô∏è Errore durante il proxy dell'immagine: fetch failed
[2026-07-16T13:24:06.154Z] [LOG] üöö Esecuzione sincronizzazione periodica tracking attiva...
[2026-07-16T13:26:06.155Z] [LOG] üöö Esecuzione sincronizzazione periodica tracking attiva...
[2026-07-16T13:28:06.155Z] [LOG] üöö Esecuzione sincronizzazione periodica tracking attiva...
[2026-07-16T13:28:07.344Z] [ERROR] ‚ö†Ô∏è Errore durante il proxy dell'immagine: fetch failed
[2026-07-16T13:28:48.814Z] [ERROR] ‚ö†Ô∏è Errore durante il proxy dell'immagine: terminated
[2026-07-16T13:28:59.803Z] [ERROR] ‚ö†Ô∏è Errore durante il proxy dell'immagine: terminated
[2026-07-16T13:29:20.776Z] [ERROR] ‚ö†Ô∏è Errore durante il proxy dell'immagine: terminated
[2026-07-16T13:29:46.698Z] [ERROR] ‚ö†Ô∏è Errore durante il proxy dell'immagine: terminated
[2026-07-16T13:29:59.224Z] [ERROR] ‚ö†Ô∏è Errore durante il proxy dell'immagine: terminated
[2026-07-16T13:30:06.156Z] [LOG] üöö Esecuzione sincronizzazione periodica tracking attiva...
[2026-07-16T13:30:11.218Z] [ERROR] ‚ö†Ô∏è Errore durante il proxy dell'immagine: terminated
[2026-07-16T13:30:17.708Z] [ERROR] ‚ö†Ô∏è Errore durante il proxy dell'immagine: terminated
[2026-07-16T13:30:20.704Z] [ERROR] ‚ö†Ô∏è Errore durante il proxy dell'immagine: terminated
[2026-07-16T13:30:21.203Z] [ERROR] ‚ö†Ô∏è Errore durante il proxy dell'immagine: fetch failed
[2026-07-16T13:30:55.170Z] [ERROR] ‚ö†Ô∏è Errore durante il proxy dell'immagine: terminated
[2026-07-16T13:31:12.150Z] [ERROR] ‚ö†Ô∏è Errore durante il proxy dell'immagine: fetch failed
[2026-07-16T13:31:20.638Z] [ERROR] ‚ö†Ô∏è Errore durante il proxy dell'immagine: terminated
[2026-07-16T13:31:35.623Z] [ERROR] ‚ö†Ô∏è Errore durante il proxy dell'immagine: terminated
[2026-07-16T13:31:41.615Z] [ERROR] ‚ö†Ô∏è Errore durante il proxy dell'immagine: terminated
[2026-07-16T13:32:06.156Z] [LOG] üöö Esecuzione sincronizzazione periodica tracking attiva...
[2026-07-16T13:32:16.065Z] [ERROR] ‚ö†Ô∏è Errore durante il proxy dell'immagine: terminated
[2026-07-16T13:32:22.059Z] [ERROR] ‚ö†Ô∏è Errore durante il proxy dell'immagine: terminated
[2026-07-16T13:32:34.795Z] [LOG] [API /api/products] Batch 1 loaded: 1000 items (Range: 0-999)
[2026-07-16T13:32:34.845Z] [LOG] [API /api/products] Batch 1 loaded: 1000 items (Range: 0-999)
[2026-07-16T13:32:34.963Z] [LOG] [API /api/products] Batch 2 loaded: 1000 items (Range: 1000-1999)
[2026-07-16T13:32:34.976Z] [LOG] [API /api/products] Batch 2 loaded: 1000 items (Range: 1000-1999)
[2026-07-22T08:58:52.199Z] [LOG] ‚úÖ File .env caricato correttamente in server.js
[2026-07-22T08:58:52.221Z] [LOG] üöÄ Server running on http://0.0.0.0:3000
[2026-07-22T08:58:52.221Z] [LOG] === INIZIO PULIZIA AUTOMATICA ARCHIVIO LOTTI ===
[2026-07-22T08:58:52.222Z] [LOG] [BACKEND CLEANUP] Pulizia lotti completata. Rimasti 3 lotti reali.
[2026-07-22T08:58:52.222Z] [LOG] === FINE PULIZIA AUTOMATICA ARCHIVIO LOTTI ===
[2026-07-22T08:58:55.225Z] [LOG] === CARICAMENTO IMPOSTAZIONI DA SUPABASE ALL'AVVIO ===
[2026-07-22T08:58:55.280Z] [LOG] [DEBUG] Syncing settings from Supabase table 'price_rules'...
[2026-07-22T08:58:55.530Z] [LOG] [DEBUG] Loaded settings from Supabase successfully (22 keys processed).
[2026-07-22T08:58:55.530Z] [LOG] === INIZIO STANDARDIZZAZIONE DATABASE SUPABASE ===
[2026-07-22T08:58:56.227Z] [LOG] === COMPLETATO STANDARDIZZAZIONE DATABASE SUPABASE ===
[2026-07-22T08:59:09.477Z] [LOG] ‚ÑπÔ∏è Info: Supabase 'reviews' table is not available, using local JSON storage as fallback.
[2026-07-22T08:59:09.953Z] [LOG] [API /api/products] Successfully loaded 4137 products from Supabase via helper in 588ms
[2026-07-22T09:02:57.819Z] [LOG] ‚ÑπÔ∏è Info: Supabase 'reviews' table is not available, using local JSON storage as fallback.
[2026-07-22T09:02:58.291Z] [LOG] [API /api/products] Successfully loaded 4137 products from Supabase via helper in 533ms
[2026-07-22T09:09:50.075Z] [LOG] >>> ENTRATA GET /api/settings
[2026-07-22T09:09:50.076Z] [LOG] [DEBUG] Syncing settings from Supabase table 'price_rules'...
[2026-07-22T09:09:50.149Z] [LOG] [DEBUG] Loaded settings from Supabase successfully (22 keys processed).
[2026-07-22T09:33:48.957Z] [LOG] ‚úÖ File .env caricato correttamente in server.js
[2026-07-22T09:33:48.987Z] [LOG] üöÄ Server running on http://0.0.0.0:3000
[2026-07-22T09:33:48.987Z] [LOG] === INIZIO PULIZIA AUTOMATICA ARCHIVIO LOTTI ===
[2026-07-22T09:33:48.989Z] [LOG] [BACKEND CLEANUP] Pulizia lotti completata. Rimasti 3 lotti reali.
[2026-07-22T09:33:48.989Z] [LOG] === FINE PULIZIA AUTOMATICA ARCHIVIO LOTTI ===
[2026-07-22T09:33:51.990Z] [LOG] === CARICAMENTO IMPOSTAZIONI DA SUPABASE ALL'AVVIO ===
[2026-07-22T09:33:52.050Z] [LOG] [DEBUG] Syncing settings from Supabase table 'price_rules'...
[2026-07-22T09:33:52.230Z] [LOG] [DEBUG] Loaded settings from Supabase successfully (22 keys processed).
[2026-07-22T09:33:52.230Z] [LOG] === INIZIO STANDARDIZZAZIONE DATABASE SUPABASE ===
[2026-07-22T09:33:52.806Z] [LOG] === COMPLETATO STANDARDIZZAZIONE DATABASE SUPABASE ===
[2026-07-22T09:33:59.349Z] [LOG] ‚ÑπÔ∏è Info: Supabase 'reviews' table is not available, using local JSON storage as fallback.
[2026-07-22T09:33:59.861Z] [LOG] [API /api/products] Successfully loaded 4137 products from Supabase via helper in 603ms
[2026-07-22T09:37:31.122Z] [LOG] ‚úÖ File .env caricato correttamente in server.js
[2026-07-22T09:37:31.144Z] [LOG] üöÄ Server running on http://0.0.0.0:3000
[2026-07-22T09:37:31.144Z] [LOG] === INIZIO PULIZIA AUTOMATICA ARCHIVIO LOTTI ===
[2026-07-22T09:37:31.145Z] [LOG] [BACKEND CLEANUP] Pulizia lotti completata. Rimasti 3 lotti reali.
[2026-07-22T09:37:31.145Z] [LOG] === FINE PULIZIA AUTOMATICA ARCHIVIO LOTTI ===
[2026-07-22T09:37:34.147Z] [LOG] === CARICAMENTO IMPOSTAZIONI DA SUPABASE ALL'AVVIO ===
[2026-07-22T09:37:34.204Z] [LOG] [DEBUG] Syncing settings from Supabase table 'price_rules'...
[2026-07-22T09:37:34.324Z] [LOG] [DEBUG] Loaded settings from Supabase successfully (22 keys processed).
[2026-07-22T09:37:34.325Z] [LOG] === INIZIO STANDARDIZZAZIONE DATABASE SUPABASE ===
[2026-07-22T09:37:34.868Z] [LOG] === COMPLETATO STANDARDIZZAZIONE DATABASE SUPABASE ===
[2026-07-22T09:37:40.295Z] [LOG] ‚ÑπÔ∏è Info: Supabase 'reviews' table is not available, using local JSON storage as fallback.
[2026-07-22T09:37:40.838Z] [LOG] [API /api/products] Successfully loaded 4137 products from Supabase via helper in 619ms
[2026-07-22T09:37:48.914Z] [LOG] >>> ENTRATA GET /api/settings
[2026-07-22T09:37:48.915Z] [LOG] [DEBUG] Syncing settings from Supabase table 'price_rules'...
[2026-07-22T09:37:48.958Z] [LOG] [DEBUG] Loaded settings from Supabase successfully (22 keys processed).
[2026-07-22T09:37:51.075Z] [LOG] ‚ÑπÔ∏è Info: Supabase 'reviews' table is not available, using local JSON storage as fallback.
[2026-07-22T09:39:02.610Z] [LOG] ‚úÖ File .env caricato correttamente in server.js
[2026-07-22T09:39:02.633Z] [LOG] üöÄ Server running on http://0.0.0.0:3000
[2026-07-22T09:39:02.633Z] [LOG] === INIZIO PULIZIA AUTOMATICA ARCHIVIO LOTTI ===
[2026-07-22T09:39:02.634Z] [LOG] [BACKEND CLEANUP] Pulizia lotti completata. Rimasti 3 lotti reali.
[2026-07-22T09:39:02.634Z] [LOG] === FINE PULIZIA AUTOMATICA ARCHIVIO LOTTI ===
[2026-07-22T09:39:05.635Z] [LOG] === CARICAMENTO IMPOSTAZIONI DA SUPABASE ALL'AVVIO ===
[2026-07-22T09:39:05.692Z] [LOG] [DEBUG] Syncing settings from Supabase table 'price_rules'...
[2026-07-22T09:39:05.797Z] [LOG] [DEBUG] Loaded settings from Supabase successfully (22 keys processed).
[2026-07-22T09:39:05.797Z] [LOG] === INIZIO STANDARDIZZAZIONE DATABASE SUPABASE ===
[2026-07-22T09:39:06.298Z] [LOG] === COMPLETATO STANDARDIZZAZIONE DATABASE SUPABASE ===
[2026-07-22T09:39:11.449Z] [LOG] ‚ÑπÔ∏è Info: Supabase 'reviews' table is not available, using local JSON storage as fallback.
[2026-07-22T09:39:11.801Z] [LOG] [API /api/products] Successfully loaded 4137 products from Supabase via helper in 423ms
[2026-07-22T09:40:36.371Z] [LOG] ‚úÖ File .env caricato correttamente in server.js
[2026-07-22T09:40:36.392Z] [LOG] üöÄ Server running on http://0.0.0.0:3000
[2026-07-22T09:40:36.392Z] [LOG] === INIZIO PULIZIA AUTOMATICA ARCHIVIO LOTTI ===
[2026-07-22T09:40:36.394Z] [LOG] [BACKEND CLEANUP] Pulizia lotti completata. Rimasti 3 lotti reali.
[2026-07-22T09:40:36.394Z] [LOG] === FINE PULIZIA AUTOMATICA ARCHIVIO LOTTI ===
[2026-07-22T09:40:39.395Z] [LOG] === CARICAMENTO IMPOSTAZIONI DA SUPABASE ALL'AVVIO ===
[2026-07-22T09:40:39.455Z] [LOG] [DEBUG] Syncing settings from Supabase table 'price_rules'...
[2026-07-22T09:40:39.635Z] [LOG] [DEBUG] Loaded settings from Supabase successfully (22 keys processed).
[2026-07-22T09:40:39.635Z] [LOG] === INIZIO STANDARDIZZAZIONE DATABASE SUPABASE ===
[2026-07-22T09:40:40.439Z] [LOG] === COMPLETATO STANDARDIZZAZIONE DATABASE SUPABASE ===
[2026-07-22T09:40:45.350Z] [LOG] ‚ÑπÔ∏è Info: Supabase 'reviews' table is not available, using local JSON storage as fallback.
[2026-07-22T09:40:45.665Z] [LOG] [API /api/products] Successfully loaded 4137 products from Supabase via helper in 490ms
[2026-07-22T09:41:40.093Z] [LOG] ‚ÑπÔ∏è Info: Supabase 'reviews' table is not available, using local JSON storage as fallback.
[2026-07-22T09:41:40.457Z] [LOG] [API /api/products] Successfully loaded 4137 products from Supabase via helper in 422ms
[2026-07-22T09:44:19.279Z] [LOG] ‚úÖ File .env caricato correttamente in server.js
[2026-07-22T09:44:19.301Z] [LOG] üöÄ Server running on http://0.0.0.0:3000
[2026-07-22T09:44:19.302Z] [LOG] === INIZIO PULIZIA AUTOMATICA ARCHIVIO LOTTI ===
[2026-07-22T09:44:19.302Z] [LOG] [BACKEND CLEANUP] Pulizia lotti completata. Rimasti 3 lotti reali.
[2026-07-22T09:44:19.302Z] [LOG] === FINE PULIZIA AUTOMATICA ARCHIVIO LOTTI ===
[2026-07-22T09:44:22.303Z] [LOG] === CARICAMENTO IMPOSTAZIONI DA SUPABASE ALL'AVVIO ===
[2026-07-22T09:44:22.362Z] [LOG] [DEBUG] Syncing settings from Supabase table 'price_rules'...
[2026-07-22T09:44:22.647Z] [LOG] [DEBUG] Loaded settings from Supabase successfully (22 keys processed).
[2026-07-22T09:44:22.647Z] [LOG] === INIZIO STANDARDIZZAZIONE DATABASE SUPABASE ===
[2026-07-22T09:44:23.280Z] [LOG] === COMPLETATO STANDARDIZZAZIONE DATABASE SUPABASE ===
[2026-07-22T09:44:26.884Z] [LOG] ‚ÑπÔ∏è Info: Supabase 'reviews' table is not available, using local JSON storage as fallback.
[2026-07-22T09:44:27.337Z] [LOG] [API /api/products] Successfully loaded 4137 products from Supabase via helper in 509ms
[2026-07-22T09:45:12.134Z] [LOG] ‚ÑπÔ∏è Info: Supabase 'reviews' table is not available, using local JSON storage as fallback.
[2026-07-22T09:45:12.581Z] [LOG] [API /api/products] Successfully loaded 4137 products from Supabase via helper in 511ms
[2026-07-22T09:47:25.238Z] [LOG] ‚úÖ File .env caricato correttamente in server.js
[2026-07-22T09:47:25.259Z] [LOG] üöÄ Server running on http://0.0.0.0:3000
[2026-07-22T09:47:25.259Z] [LOG] === INIZIO PULIZIA AUTOMATICA ARCHIVIO LOTTI ===
[2026-07-22T09:47:25.260Z] [LOG] [BACKEND CLEANUP] Pulizia lotti completata. Rimasti 3 lotti reali.
[2026-07-22T09:47:25.260Z] [LOG] === FINE PULIZIA AUTOMATICA ARCHIVIO LOTTI ===
[2026-07-22T09:47:28.262Z] [LOG] === CARICAMENTO IMPOSTAZIONI DA SUPABASE ALL'AVVIO ===
[2026-07-22T09:47:28.312Z] [LOG] [DEBUG] Syncing settings from Supabase table 'price_rules'...
[2026-07-22T09:47:28.430Z] [LOG] [DEBUG] Loaded settings from Supabase successfully (22 keys processed).
[2026-07-22T09:47:28.430Z] [LOG] === INIZIO STANDARDIZZAZIONE DATABASE SUPABASE ===
[2026-07-22T09:47:29.588Z] [LOG] ‚úÖ File .env caricato correttamente in server.js
[2026-07-22T09:47:29.610Z] [LOG] üöÄ Server running on http://0.0.0.0:3000
[2026-07-22T09:47:29.610Z] [LOG] === INIZIO PULIZIA AUTOMATICA ARCHIVIO LOTTI ===
[2026-07-22T09:47:29.610Z] [LOG] [BACKEND CLEANUP] Pulizia lotti completata. Rimasti 3 lotti reali.
[2026-07-22T09:47:29.611Z] [LOG] === FINE PULIZIA AUTOMATICA ARCHIVIO LOTTI ===
[2026-07-22T09:47:32.612Z] [LOG] === CARICAMENTO IMPOSTAZIONI DA SUPABASE ALL'AVVIO ===
[2026-07-22T09:47:32.678Z] [LOG] [DEBUG] Syncing settings from Supabase table 'price_rules'...
[2026-07-22T09:47:32.793Z] [LOG] [DEBUG] Loaded settings from Supabase successfully (22 keys processed).
[2026-07-22T09:47:32.794Z] [LOG] === INIZIO STANDARDIZZAZIONE DATABASE SUPABASE ===
[2026-07-22T09:47:33.318Z] [LOG] === COMPLETATO STANDARDIZZAZIONE DATABASE SUPABASE ===
[2026-07-22T09:47:36.357Z] [LOG] ‚ÑπÔ∏è Info: Supabase 'reviews' table is not available, using local JSON storage as fallback.
[2026-07-22T09:47:36.773Z] [LOG] [API /api/products] Successfully loaded 4137 products from Supabase via helper in 447ms
[2026-07-22T09:51:37.409Z] [LOG] ‚úÖ File .env caricato correttamente in server.js
[2026-07-22T09:51:37.434Z] [LOG] üöÄ Server running on http://0.0.0.0:3000
[2026-07-22T09:51:37.434Z] [LOG] === INIZIO PULIZIA AUTOMATICA ARCHIVIO LOTTI ===
[2026-07-22T09:51:37.436Z] [LOG] [BACKEND CLEANUP] Pulizia lotti completata. Rimasti 3 lotti reali.
[2026-07-22T09:51:37.436Z] [LOG] === FINE PULIZIA AUTOMATICA ARCHIVIO LOTTI ===
[2026-07-22T09:51:40.437Z] [LOG] === CARICAMENTO IMPOSTAZIONI DA SUPABASE ALL'AVVIO ===
[2026-07-22T09:51:40.491Z] [LOG] [DEBUG] Syncing settings from Supabase table 'price_rules'...
[2026-07-22T09:51:40.613Z] [LOG] [DEBUG] Loaded settings from Supabase successfully (22 keys processed).
[2026-07-22T09:51:40.614Z] [LOG] === INIZIO STANDARDIZZAZIONE DATABASE SUPABASE ===
[2026-07-22T09:51:41.696Z] [LOG] ‚úÖ File .env caricato correttamente in server.js
[2026-07-22T09:51:41.717Z] [LOG] üöÄ Server running on http://0.0.0.0:3000
[2026-07-22T09:51:41.717Z] [LOG] === INIZIO PULIZIA AUTOMATICA ARCHIVIO LOTTI ===
[2026-07-22T09:51:41.718Z] [LOG] [BACKEND CLEANUP] Pulizia lotti completata. Rimasti 3 lotti reali.
[2026-07-22T09:51:41.718Z] [LOG] === FINE PULIZIA AUTOMATICA ARCHIVIO LOTTI ===
[2026-07-22T09:51:44.718Z] [LOG] === CARICAMENTO IMPOSTAZIONI DA SUPABASE ALL'AVVIO ===
[2026-07-22T09:51:44.773Z] [LOG] [DEBUG] Syncing settings from Supabase table 'price_rules'...
[2026-07-22T09:51:44.867Z] [LOG] [DEBUG] Loaded settings from Supabase successfully (22 keys processed).
[2026-07-22T09:51:44.868Z] [LOG] === INIZIO STANDARDIZZAZIONE DATABASE SUPABASE ===
[2026-07-22T09:51:45.324Z] [LOG] === COMPLETATO STANDARDIZZAZIONE DATABASE SUPABASE ===
[2026-07-22T09:51:49.782Z] [LOG] ‚ÑπÔ∏è Info: Supabase 'reviews' table is not available, using local JSON storage as fallback.
[2026-07-22T09:51:50.218Z] [LOG] [API /api/products] Successfully loaded 4137 products from Supabase via helper in 493ms
[2026-07-22T10:06:21.381Z] [LOG] ‚úÖ File .env caricato correttamente in server.js
[2026-07-22T10:06:21.403Z] [LOG] üöÄ Server running on http://0.0.0.0:3000
[2026-07-22T10:06:21.403Z] [LOG] === INIZIO PULIZIA AUTOMATICA ARCHIVIO LOTTI ===
[2026-07-22T10:06:21.404Z] [LOG] [BACKEND CLEANUP] Pulizia lotti completata. Rimasti 3 lotti reali.
[2026-07-22T10:06:21.404Z] [LOG] === FINE PULIZIA AUTOMATICA ARCHIVIO LOTTI ===
[2026-07-22T10:06:24.407Z] [LOG] === CARICAMENTO IMPOSTAZIONI DA SUPABASE ALL'AVVIO ===
[2026-07-22T10:06:24.461Z] [LOG] [DEBUG] Syncing settings from Supabase table 'price_rules'...
[2026-07-22T10:06:24.740Z] [LOG] [DEBUG] Loaded settings from Supabase successfully (22 keys processed).
[2026-07-22T10:06:24.740Z] [LOG] === INIZIO STANDARDIZZAZIONE DATABASE SUPABASE ===
[2026-07-22T10:06:25.881Z] [LOG] === COMPLETATO STANDARDIZZAZIONE DATABASE SUPABASE ===
[2026-07-22T10:06:30.984Z] [LOG] ‚ÑπÔ∏è Info: Supabase 'reviews' table is not available, using local JSON storage as fallback.
[2026-07-22T10:06:31.412Z] [LOG] [API /api/products] Successfully loaded 4137 products from Supabase via helper in 574ms
[2026-07-22T10:13:52.809Z] [LOG] >>> ENTRATA GET /api/settings
[2026-07-22T10:13:52.810Z] [LOG] [DEBUG] Syncing settings from Supabase table 'price_rules'...
[2026-07-22T10:13:52.846Z] [LOG] [DEBUG] Loaded settings from Supabase successfully (22 keys processed).
[2026-07-22T10:14:11.470Z] [LOG] [BACKEND] Richiesta di eliminazione per il Lotto ID: 1
[2026-07-22T10:14:11.530Z] [LOG] [BACKEND] Eliminazione di Lotto #1 contenente 4 ordini.
[2026-07-22T10:14:11.581Z] [LOG] ‚úÖ Ordini associati al lotto #1 rimossi con successo da Supabase.
[2026-07-22T10:14:11.644Z] [LOG] ‚úÖ Lotto with ID 1 deleted from Supabase 'lotti' table.
[2026-07-22T10:14:11.645Z] [LOG] [BACKEND] Lotto Lotto #1 rimosso con successo.
[2026-07-22T10:14:14.534Z] [LOG] [BACKEND] Richiesta di eliminazione per il Lotto ID: 2
[2026-07-22T10:14:14.610Z] [LOG] [BACKEND] Eliminazione di Lotto #2 contenente 1 ordini.
[2026-07-22T10:14:14.650Z] [LOG] ‚úÖ Ordini associati al lotto #2 rimossi con successo da Supabase.
[2026-07-22T10:14:14.695Z] [LOG] ‚úÖ Lotto with ID 2 deleted from Supabase 'lotti' table.
[2026-07-22T10:14:14.695Z] [LOG] [BACKEND] Lotto Lotto #2 rimosso con successo.
[2026-07-22T10:26:50.435Z] [LOG] ‚ÑπÔ∏è Info: Supabase 'reviews' table is not available, using local JSON storage as fallback.
[2026-07-22T10:26:50.934Z] [LOG] [API /api/products] Successfully loaded 4137 products from Supabase via helper in 567ms
[2026-07-22T10:27:40.940Z] [LOG] =========================================
[2026-07-22T10:27:40.940Z] [LOG] üì¨ [DEBUG SERVER] POST /api/orders RECEIVED!
[2026-07-22T10:27:40.941Z] [LOG] 1. Full Body sent by frontend: {
  "nome": "Sergio Catania",
  "telefono": "393701384932",
  "carrello": [
    {
      "squadra": "Retro 89/90 AC Milan Casa",
      "infoPerso": "Nessuna",
      "taglia": "M",
      "prezzo": 23.99,
      "imgUrl": "https://jerseys-catalog.com/upload/20230804/ea458a0b8d5ce12bbd03008eb185c948.jpeg",
      "id": "8f6cbc93-cd5f-47f0-bcaa-380ef0c603f3",
      "legacy_id": "348",
      "quantita": 1
    },
    {
      "squadra": "Fans Version 26/27 Vasco da Gama Trasferta",
      "infoPerso": "Nome: EWQ - Num: 312 - Patch: eqw",
      "taglia": "M",
      "prezzo": 26.99,
      "imgUrl": "https://jerseys-catalog.com/upload/20260718/1f751c5969b0be5f462c4353c6412dfe.png",
      "id": "792845fc-8721-4a94-bb55-f7c8c749ecda",
      "legacy_id": "10",
      "quantita": 1
    }
  ],
  "user_id": "8313ed33-3330-4fdb-aaad-a4440bbd0a22",
  "access_token": "eyJhbGciOiJFUzI1NiIsImtpZCI6ImU0YmRmNTFhLTBkOWQtNDVkMC1iN2VmLTNmYjA1NjJlMjYzZCIsInR5cCI6IkpXVCJ9.eyJpc3MiOiJodHRwczovL3JjbnVlZGZ1ZWF5bWZwcGVzbmV0LnN1cGFiYXNlLmNvL2F1dGgvdjEiLCJzdWIiOiI4MzEzZWQzMy0zMzMwLTRmZGItYWFhZC1hNDQ0MGJiZDBhMjIiLCJhdWQiOiJhdXRoZW50aWNhdGVkIiwiZXhwIjoxNzg0NzE3MDk2LCJpYXQiOjE3ODQ3MTM0OTYsImVtYWlsIjoic2VyZ2lvdHRvY2F0YW5pYUBnbWFpbC5jb20iLCJwaG9uZSI6IiIsImFwcF9tZXRhZGF0YSI6eyJwcm92aWRlciI6ImVtYWlsIiwicHJvdmlkZXJzIjpbImVtYWlsIl19LCJ1c2VyX21ldGFkYXRhIjp7ImNvZ25vbWUiOiJDYXRhbmlhIiwiZW1haWwiOiJzZXJnaW90dG9jYXRhbmlhQGdtYWlsLmNvbSIsImVtYWlsX3ZlcmlmaWVkIjp0cnVlLCJmaXJzdF9uYW1lIjoic2VyZ2lvIiwibGFzdF9uYW1lIjoiY2F0YW5pYSIsIm5vbWUiOiJTZXJnaW8iLCJwaG9uZV92ZXJpZmllZCI6ZmFsc2UsInN1YiI6IjgzMTNlZDMzLTMzMzAtNGZkYi1hYWFkLWE0NDQwYmJkMGEyMiIsInRlbGVmb25vIjoiMzcwMTM4NDkzMiIsIndpc2hsaXN0IjpbIjZkMmM4YWQ3LTQzMDgtNGVlNi04MjIzLWUwNWNhNTcwZGM3MCJdfSwicm9sZSI6ImF1dGhlbnRpY2F0ZWQiLCJhYWwiOiJhYWwxIiwiYW1yIjpbeyJtZXRob2QiOiJwYXNzd29yZCIsInRpbWVzdGFtcCI6MTc4NDcxMzQ5Nn1dLCJzZXNzaW9uX2lkIjoiNTQxZTAxNGQtZmM5MS00ZjNlLWIxNGQtNjViZGQ5YmU3NTQyIiwiaXNfYW5vbnltb3VzIjpmYWxzZX0.ChR1Yfnf6nUG5zERmK9nDdrckURwg5rB8hG_DJuvv7CzmyfxoSyKU-F7Wa44UgfeA57BBLxto_VmjL9PkpWTjQ",
  "registered_name": "Sergio Catania",
  "coupon_code": null,
  "coupon_discount": null,
  "coupon_type": null,
  "coupon_value": null
}
[2026-07-22T10:27:40.941Z] [LOG] =========================================
[2026-07-22T10:27:41.419Z] [LOG] 2. Products in Cart:
[2026-07-22T10:27:41.419Z] [LOG] --- Cart Item #1 ---
[2026-07-22T10:27:41.420Z] [LOG] Item object: {
  "squadra": "Retro 89/90 AC Milan Casa",
  "infoPerso": "Nessuna",
  "taglia": "M",
  "prezzo": 23.99,
  "imgUrl": "https://jerseys-catalog.com/upload/20230804/ea458a0b8d5ce12bbd03008eb185c948.jpeg",
  "id": "8f6cbc93-cd5f-47f0-bcaa-380ef0c603f3",
  "legacy_id": "348",
  "quantita": 1
}
[2026-07-22T10:27:41.421Z] [LOG] 3. Prezzo (prezzo): 23.99 (Parsed as: 23.99)
[2026-07-22T10:27:41.422Z] [LOG]    Quantita (quantita): 1 (Parsed as: 1)
[2026-07-22T10:27:41.423Z] [LOG] 
================ MATCHING REPORT ================
[2026-07-22T10:27:41.423Z] [LOG] Prodotto nel carrello: "Retro 89/90 AC Milan Casa" (id: 8f6cbc93-cd5f-47f0-bcaa-380ef0c603f3, legacy_id: 348)
‚Üì
Prodotto trovato su Supabase: "Retro 89/90 AC Milan Casa" (id: 8f6cbc93-cd5f-47f0-bcaa-380ef0c603f3, legacy_id: 348) tramite ID (8f6cbc93-cd5f-47f0-bcaa-380ef0c603f3)
‚Üì
Prezzo fornitore recuperato: $11.00
[2026-07-22T10:27:41.424Z] [LOG] =================================================

[2026-07-22T10:27:41.425Z] [LOG] --- Cart Item #2 ---
[2026-07-22T10:27:41.425Z] [LOG] Item object: {
  "squadra": "Fans Version 26/27 Vasco da Gama Trasferta",
  "infoPerso": "Nome: EWQ - Num: 312 - Patch: eqw",
  "taglia": "M",
  "prezzo": 26.99,
  "imgUrl": "https://jerseys-catalog.com/upload/20260718/1f751c5969b0be5f462c4353c6412dfe.png",
  "id": "792845fc-8721-4a94-bb55-f7c8c749ecda",
  "legacy_id": "10",
  "quantita": 1
}
[2026-07-22T10:27:41.425Z] [LOG] 3. Prezzo (prezzo): 26.99 (Parsed as: 26.99)
[2026-07-22T10:27:41.425Z] [LOG]    Quantita (quantita): 1 (Parsed as: 1)
[2026-07-22T10:27:41.425Z] [LOG] 
================ MATCHING REPORT ================
[2026-07-22T10:27:41.425Z] [LOG] Prodotto nel carrello: "Fans Version 26/27 Vasco da Gama Trasferta" (id: 792845fc-8721-4a94-bb55-f7c8c749ecda, legacy_id: 10)
‚Üì
Prodotto trovato su Supabase: "Fans Version 26/27 Vasco da Gama Trasferta" (id: 792845fc-8721-4a94-bb55-f7c8c749ecda, legacy_id: 10) tramite ID (792845fc-8721-4a94-bb55-f7c8c749ecda)
‚Üì
Prezzo fornitore recuperato: $7.50
[2026-07-22T10:27:41.425Z] [LOG] =================================================

[2026-07-22T10:27:41.462Z] [LOG] === OVERALL CALCULATIONS & VALUES ===
[2026-07-22T10:27:41.462Z] [LOG] - totale_pagato_cliente: 50.98
[2026-07-22T10:27:41.462Z] [LOG] - costo_prodotti_usd: 21.5
[2026-07-22T10:27:41.462Z] [LOG] - order_shipping_usd (spedizione): 8
[2026-07-22T10:27:41.462Z] [LOG] - costo_totale_usd: 29.5
[2026-07-22T10:27:41.463Z] [LOG] - exchangeRate: 0.876691
[2026-07-22T10:27:41.463Z] [LOG] - costo_totale_eur: 25.8623845
[2026-07-22T10:27:41.463Z] [LOG] - profitto_eur (5. Profitto calcolato): 25.117615499999996
[2026-07-22T10:27:41.463Z] [LOG] üì§ Registrazione dell'ordine nel database Supabase...
[2026-07-22T10:27:41.464Z] [LOG] 
================ ORDER DATA DA SALVARE ================
[2026-07-22T10:27:41.465Z] [LOG] {
  "data": "22/07/2026, 10:27:41",
  "nome": "Sergio Catania",
  "telefono": "393701384932",
  "squadra": "1x Retro 89/90 AC Milan Casa / 1x Fans Version 26/27 Vasco da Gama Trasferta",
  "personalizzazione": "1x [Nessuna] | 1x [Nome: EWQ - Num: 312 - Patch: eqw]",
  "taglia": "1x [M] / 1x [M]",
  "totale": "50,98‚Ç¨",
  "foto": "=IMAGE(\"https://jerseys-catalog.com/upload/20230804/ea458a0b8d5ce12bbd03008eb185c948.jpeg\")",
  "prezzo_fornitore": "1x $11.00 / 1x $10.50",
  "costo_prodotti_usd": "21,50",
  "costo_spedizione_usd": "8,00",
  "costo_totale_usd": "29,50",
  "cambio_usd_eur": "0,8767",
  "costo_totale_eur": "25,86",
  "profitto_eur": "25,12",
  "is_archived": false,
  "carrello": [
    {
      "squadra": "Retro 89/90 AC Milan Casa",
      "infoPerso": "Nessuna",
      "taglia": "M",
      "prezzo": 23.99,
      "imgUrl": "https://jerseys-catalog.com/upload/20230804/ea458a0b8d5ce12bbd03008eb185c948.jpeg",
      "id": "8f6cbc93-cd5f-47f0-bcaa-380ef0c603f3",
      "legacy_id": "348",
      "quantita": 1
    },
    {
      "squadra": "Fans Version 26/27 Vasco da Gama Trasferta",
      "infoPerso": "Nome: EWQ - Num: 312 - Patch: eqw",
      "taglia": "M",
      "prezzo": 26.99,
      "imgUrl": "https://jerseys-catalog.com/upload/20260718/1f751c5969b0be5f462c4353c6412dfe.png",
      "id": "792845fc-8721-4a94-bb55-f7c8c749ecda",
      "legacy_id": "10",
      "quantita": 1
    }
  ],
  "coupon_code": null,
  "coupon_discount": 0,
  "coupon_type": null,
  "coupon_value": 0
}
[2026-07-22T10:27:41.466Z] [LOG] =======================================================

[2026-07-22T10:27:41.554Z] [LOG] 
================ RIGA SALVATA SU SUPABASE ================
[2026-07-22T10:27:41.555Z] [LOG] [
  {
    "id": 98,
    "data": "22/07/2026, 10:27:41",
    "nome": "Sergio Catania",
    "telefono": "393701384932",
    "squadra": "1x Retro 89/90 AC Milan Casa / 1x Fans Version 26/27 Vasco da Gama Trasferta",
    "personalizzazione": "1x [Nessuna] | 1x [Nome: EWQ - Num: 312 - Patch: eqw]",
    "taglia": "1x [M] / 1x [M]",
    "totale": "50,98‚Ç¨",
    "foto": "=IMAGE(\"https://jerseys-catalog.com/upload/20230804/ea458a0b8d5ce12bbd03008eb185c948.jpeg\")",
    "prezzo_fornitore": "1x $11.00 / 1x $10.50",
    "costo_prodotti_usd": "21,50",
    "costo_spedizione_usd": "8,00",
    "costo_totale_usd": "29,50",
    "cambio_usd_eur": "0,8767",
    "costo_totale_eur": "25,86",
    "profitto_eur": "25,12",
    "is_archived": false,
    "lotto_id": null,
    "carrello": [
      {
        "id": "8f6cbc93-cd5f-47f0-bcaa-380ef0c603f3",
        "imgUrl": "https://jerseys-catalog.com/upload/20230804/ea458a0b8d5ce12bbd03008eb185c948.jpeg",
        "prezzo": 23.99,
        "taglia": "M",
        "squadra": "Retro 89/90 AC Milan Casa",
        "quantita": 1,
        "infoPerso": "Nessuna",
        "legacy_id": "348"
      },
      {
        "id": "792845fc-8721-4a94-bb55-f7c8c749ecda",
        "imgUrl": "https://jerseys-catalog.com/upload/20260718/1f751c5969b0be5f462c4353c6412dfe.png",
        "prezzo": 26.99,
        "taglia": "M",
        "squadra": "Fans Version 26/27 Vasco da Gama Trasferta",
        "quantita": 1,
        "infoPerso": "Nome: EWQ - Num: 312 - Patch: eqw",
        "legacy_id": "10"
      }
    ],
    "created_at": "2026-07-22T10:27:41.507189+00:00",
    "coupon_id": null,
    "coupon_code": null,
    "coupon_name": null,
    "coupon_type": null,
    "coupon_value": 0,
    "coupon_discount": 0,
    "free_shipping_discount": 0,
    "final_total_after_coupon": null
  }
]
[2026-07-22T10:27:41.555Z] [LOG] ==========================================================

[2026-07-22T10:27:41.555Z] [LOG] ‚úÖ Order inserted successfully in Supabase 'orders' table.
[2026-07-22T10:27:41.555Z] [LOG] =================================
[2026-07-22T10:27:41.555Z] [LOG] DEBUG AREA CLIENTE
[2026-07-22T10:27:41.558Z] [LOG] insertedAdminOrder: {
  "id": 98,
  "data": "22/07/2026, 10:27:41",
  "nome": "Sergio Catania",
  "telefono": "393701384932",
  "squadra": "1x Retro 89/90 AC Milan Casa / 1x Fans Version 26/27 Vasco da Gama Trasferta",
  "personalizzazione": "1x [Nessuna] | 1x [Nome: EWQ - Num: 312 - Patch: eqw]",
  "taglia": "1x [M] / 1x [M]",
  "totale": "50,98‚Ç¨",
  "foto": "=IMAGE(\"https://jerseys-catalog.com/upload/20230804/ea458a0b8d5ce12bbd03008eb185c948.jpeg\")",
  "prezzo_fornitore": "1x $11.00 / 1x $10.50",
  "costo_prodotti_usd": "21,50",
  "costo_spedizione_usd": "8,00",
  "costo_totale_usd": "29,50",
  "cambio_usd_eur": "0,8767",
  "costo_totale_eur": "25,86",
  "profitto_eur": "25,12",
  "is_archived": false,
  "lotto_id": null,
  "carrello": [
    {
      "id": "8f6cbc93-cd5f-47f0-bcaa-380ef0c603f3",
      "imgUrl": "https://jerseys-catalog.com/upload/20230804/ea458a0b8d5ce12bbd03008eb185c948.jpeg",
      "prezzo": 23.99,
      "taglia": "M",
      "squadra": "Retro 89/90 AC Milan Casa",
      "quantita": 1,
      "infoPerso": "Nessuna",
      "legacy_id": "348"
    },
    {
      "id": "792845fc-8721-4a94-bb55-f7c8c749ecda",
      "imgUrl": "https://jerseys-catalog.com/upload/20260718/1f751c5969b0be5f462c4353c6412dfe.png",
      "prezzo": 26.99,
      "taglia": "M",
      "squadra": "Fans Version 26/27 Vasco da Gama Trasferta",
      "quantita": 1,
      "infoPerso": "Nome: EWQ - Num: 312 - Patch: eqw",
      "legacy_id": "10"
    }
  ],
  "created_at": "2026-07-22T10:27:41.507189+00:00",
  "coupon_id": null,
  "coupon_code": null,
  "coupon_name": null,
  "coupon_type": null,
  "coupon_value": 0,
  "coupon_discount": 0,
  "free_shipping_discount": 0,
  "final_total_after_coupon": null
}
[2026-07-22T10:27:41.559Z] [LOG] user_id: 8313ed33-3330-4fdb-aaad-a4440bbd0a22
[2026-07-22T10:27:41.559Z] [LOG] access_token: PRESENTE
[2026-07-22T10:27:41.559Z] [LOG] =================================
[2026-07-22T10:27:41.559Z] [LOG] üë§ Utente autenticato rilevato (8313ed33-3330-4fdb-aaad-a4440bbd0a22). Associazione dell'ordine all'Area Cliente...
[2026-07-22T10:27:41.564Z] [LOG] üì§ Inserimento in customer_orders: {
  "user_id": "8313ed33-3330-4fdb-aaad-a4440bbd0a22",
  "order_number": "ORD-98",
  "admin_order_id": 98,
  "subtotal": 50.98,
  "shipping": 0,
  "total": 50.98,
  "payment_status": "pending",
  "status": "Ordine Ricevuto",
  "created_at": "2026-07-22T10:27:41.563Z",
  "updated_at": "2026-07-22T10:27:41.564Z",
  "coupon_code": null,
  "coupon_discount": 0,
  "coupon_type": null,
  "coupon_value": 0
}
[2026-07-22T10:27:41.603Z] [WARN] ‚ö†Ô∏è Colonna coupon_type non trovata su customer_orders (tabella non aggiornata). Riprovo l'inserimento senza coupon_type e coupon_value...
[2026-07-22T10:27:41.643Z] [LOG] ‚úÖ Inserito in customer_orders con ID: 9bf6b608-4898-4c5f-99b3-352c4ca86d09
[2026-07-22T10:27:41.644Z] [LOG] üì§ Inserimento in customer_order_items: [
  {
    "order_id": "9bf6b608-4898-4c5f-99b3-352c4ca86d09",
    "product_id": 348,
    "nome": "Retro 89/90 AC Milan Casa",
    "categoria": "Retro",
    "stagione": "2089/1990",
    "taglia": "M",
    "personalizzazione": "Nessuna",
    "prezzo": 23.99,
    "quantita": 1
  },
  {
    "order_id": "9bf6b608-4898-4c5f-99b3-352c4ca86d09",
    "product_id": 10,
    "nome": "Fans Version 26/27 Vasco da Gama Trasferta",
    "categoria": "Fan",
    "stagione": "2026/2027",
    "taglia": "M",
    "personalizzazione": "Nome: EWQ - Num: 312 - Patch: eqw",
    "prezzo": 26.99,
    "quantita": 1
  }
]
[2026-07-22T10:27:41.682Z] [LOG] ‚úÖ Inseriti tutti i prodotti dell'ordine in customer_order_items!
[2026-07-22T10:27:41.683Z] [LOG] üì§ Ricalcolo automatico del lotto corrente...
[2026-07-22T10:27:41.802Z] [LOG] === DEBUG SERVER SUCCESS ===
[2026-07-22T10:27:49.585Z] [LOG] >>> ENTRATA GET /api/settings
[2026-07-22T10:27:49.586Z] [LOG] [DEBUG] Syncing settings from Supabase table 'price_rules'...
[2026-07-22T10:27:49.622Z] [LOG] [DEBUG] Loaded settings from Supabase successfully (22 keys processed).
[2026-07-22T10:28:25.144Z] [LOG] [BACKEND] Avvio procedura 'Chiudi Lotto' con snapshot e archiviazione automatica.
[2026-07-22T10:28:25.363Z] [LOG] [BACKEND Chiudi Lotto] Trovati 1 ordini attivi associati al Lotto #1.
[2026-07-22T10:28:25.364Z] [LOG] üì• Downloading template.xlsx from Google Sheets...
[2026-07-22T10:28:26.283Z] [LOG] ‚úÖ template.xlsx downloaded successfully.
[2026-07-22T10:28:26.540Z] [LOG] [GENERA EXCEL] Compilazione ottimizzata di 2 articoli per il Lotto #1
[2026-07-22T10:28:26.869Z] [LOG] ‚úÖ Excel generato con successo in: /app/applet/lotti/LOTTO_0001.xlsx
[2026-07-22T10:28:26.869Z] [LOG] [BACKEND Chiudi Lotto] Excel generato correttamente: /lotti/LOTTO_0001.xlsx
[2026-07-22T10:28:26.932Z] [LOG] ‚úÖ Lotto #1 salvato con successo nel database Supabase 'lotti'.
[2026-07-22T10:28:26.932Z] [LOG] [BACKEND Chiudi Lotto] Snapshot archiviato con successo per Lotto #1
[2026-07-22T10:28:26.977Z] [LOG] ‚úÖ 1 ordini contrassegnati come archiviati su Supabase.
[2026-07-22T10:28:26.978Z] [LOG] [BACKEND Chiudi Lotto] Reset lotto.json eseguito.
[2026-07-22T10:28:26.978Z] [LOG] [BACKEND Chiudi Lotto] Completato con successo. Lotto resettato: {"numero_totale_articoli":0,"costo_totale_prodotti_usd":0,"spedizione_corrente_usd":4,"costo_complessivo_lotto_usd":0}
[2026-07-22T10:28:45.147Z] [LOG] [BACKEND] Richiesta di eliminazione per il Lotto ID: 1
[2026-07-22T10:28:45.217Z] [LOG] [BACKEND] Eliminazione di Lotto #1 contenente 1 ordini.
[2026-07-22T10:28:45.271Z] [LOG] ‚úÖ Ordini associati al lotto #1 rimossi con successo da Supabase.
[2026-07-22T10:28:45.335Z] [LOG] ‚úÖ Lotto with ID 1 deleted from Supabase 'lotti' table.
[2026-07-22T10:28:45.336Z] [LOG] [BACKEND] Lotto Lotto #1 rimosso con successo.
[2026-07-22T10:28:46.379Z] [LOG] >>> ENTRATA GET /api/settings
[2026-07-22T10:28:46.379Z] [LOG] [DEBUG] Syncing settings from Supabase table 'price_rules'...
[2026-07-22T10:28:46.431Z] [LOG] [DEBUG] Loaded settings from Supabase successfully (22 keys processed).
[2026-07-22T10:28:48.271Z] [LOG] ‚ÑπÔ∏è Info: Supabase 'reviews' table is not available, using local JSON storage as fallback.
[2026-07-22T10:28:50.906Z] [LOG] >>> ENTRATA GET /api/settings
[2026-07-22T10:28:50.906Z] [LOG] [DEBUG] Syncing settings from Supabase table 'price_rules'...
[2026-07-22T10:28:50.960Z] [LOG] [DEBUG] Loaded settings from Supabase successfully (22 keys processed).
[2026-07-22T10:29:19.115Z] [LOG] ‚úÖ File .env caricato correttamente in server.js
[2026-07-22T10:29:19.140Z] [LOG] üöÄ Server running on http://0.0.0.0:3000
[2026-07-22T10:29:19.140Z] [LOG] === INIZIO PULIZIA AUTOMATICA ARCHIVIO LOTTI ===
[2026-07-22T10:29:19.141Z] [LOG] [BACKEND CLEANUP] Pulizia lotti completata. Rimasti 3 lotti reali.
[2026-07-22T10:29:19.141Z] [LOG] === FINE PULIZIA AUTOMATICA ARCHIVIO LOTTI ===
[2026-07-22T10:29:22.142Z] [LOG] === CARICAMENTO IMPOSTAZIONI DA SUPABASE ALL'AVVIO ===
[2026-07-22T10:29:22.198Z] [LOG] [DEBUG] Syncing settings from Supabase table 'price_rules'...
[2026-07-22T10:29:22.297Z] [LOG] [DEBUG] Loaded settings from Supabase successfully (22 keys processed).
[2026-07-22T10:29:22.298Z] [LOG] === INIZIO STANDARDIZZAZIONE DATABASE SUPABASE ===
[2026-07-22T10:29:22.867Z] [LOG] === COMPLETATO STANDARDIZZAZIONE DATABASE SUPABASE ===
[2026-07-22T10:29:27.553Z] [LOG] ‚ÑπÔ∏è Info: Supabase 'reviews' table is not available, using local JSON storage as fallback.
[2026-07-22T10:29:28.001Z] [LOG] [API /api/products] Successfully loaded 4137 products from Supabase via helper in 509ms
[2026-07-22T10:31:24.389Z] [LOG] =========================================
[2026-07-22T10:31:24.389Z] [LOG] üì¨ [DEBUG SERVER] POST /api/orders RECEIVED!
[2026-07-22T10:31:24.390Z] [LOG] 1. Full Body sent by frontend: {
  "nome": "Sergio Catania",
  "telefono": "393701384932",
  "carrello": [
    {
      "squadra": "Fans Version 24/25 Argentina Trasferta",
      "infoPerso": "Nome: EQW - Num: 12 - Patch: w",
      "taglia": "M",
      "prezzo": 26.99,
      "imgUrl": "https://jerseys-catalog.com/upload/20240314/7db6717f1f8c8f3189e679dbbffa0e64.jpg",
      "id": "e7b5b11a-3c5d-4ff6-9215-03072d564f76",
      "legacy_id": "8",
      "quantita": 1
    },
    {
      "squadra": "Spese di spedizione",
      "infoPerso": "Spedizione standard",
      "taglia": "-",
      "prezzo": 2,
      "quantita": 1,
      "imgUrl": ""
    }
  ],
  "user_id": "8313ed33-3330-4fdb-aaad-a4440bbd0a22",
  "access_token": "eyJhbGciOiJFUzI1NiIsImtpZCI6ImU0YmRmNTFhLTBkOWQtNDVkMC1iN2VmLTNmYjA1NjJlMjYzZCIsInR5cCI6IkpXVCJ9.eyJpc3MiOiJodHRwczovL3JjbnVlZGZ1ZWF5bWZwcGVzbmV0LnN1cGFiYXNlLmNvL2F1dGgvdjEiLCJzdWIiOiI4MzEzZWQzMy0zMzMwLTRmZGItYWFhZC1hNDQ0MGJiZDBhMjIiLCJhdWQiOiJhdXRoZW50aWNhdGVkIiwiZXhwIjoxNzg0NzE3MDk2LCJpYXQiOjE3ODQ3MTM0OTYsImVtYWlsIjoic2VyZ2lvdHRvY2F0YW5pYUBnbWFpbC5jb20iLCJwaG9uZSI6IiIsImFwcF9tZXRhZGF0YSI6eyJwcm92aWRlciI6ImVtYWlsIiwicHJvdmlkZXJzIjpbImVtYWlsIl19LCJ1c2VyX21ldGFkYXRhIjp7ImNvZ25vbWUiOiJDYXRhbmlhIiwiZW1haWwiOiJzZXJnaW90dG9jYXRhbmlhQGdtYWlsLmNvbSIsImVtYWlsX3ZlcmlmaWVkIjp0cnVlLCJmaXJzdF9uYW1lIjoic2VyZ2lvIiwibGFzdF9uYW1lIjoiY2F0YW5pYSIsIm5vbWUiOiJTZXJnaW8iLCJwaG9uZV92ZXJpZmllZCI6ZmFsc2UsInN1YiI6IjgzMTNlZDMzLTMzMzAtNGZkYi1hYWFkLWE0NDQwYmJkMGEyMiIsInRlbGVmb25vIjoiMzcwMTM4NDkzMiIsIndpc2hsaXN0IjpbIjZkMmM4YWQ3LTQzMDgtNGVlNi04MjIzLWUwNWNhNTcwZGM3MCJdfSwicm9sZSI6ImF1dGhlbnRpY2F0ZWQiLCJhYWwiOiJhYWwxIiwiYW1yIjpbeyJtZXRob2QiOiJwYXNzd29yZCIsInRpbWVzdGFtcCI6MTc4NDcxMzQ5Nn1dLCJzZXNzaW9uX2lkIjoiNTQxZTAxNGQtZmM5MS00ZjNlLWIxNGQtNjViZGQ5YmU3NTQyIiwiaXNfYW5vbnltb3VzIjpmYWxzZX0.ChR1Yfnf6nUG5zERmK9nDdrckURwg5rB8hG_DJuvv7CzmyfxoSyKU-F7Wa44UgfeA57BBLxto_VmjL9PkpWTjQ",
  "registered_name": "Sergio Catania",
  "coupon_code": null,
  "coupon_discount": null,
  "coupon_type": null,
  "coupon_value": null
}
[2026-07-22T10:31:24.390Z] [LOG] =========================================
[2026-07-22T10:31:24.962Z] [LOG] 2. Products in Cart:
[2026-07-22T10:31:24.963Z] [LOG] --- Cart Item #1 ---
[2026-07-22T10:31:24.963Z] [LOG] Item object: {
  "squadra": "Fans Version 24/25 Argentina Trasferta",
  "infoPerso": "Nome: EQW - Num: 12 - Patch: w",
  "taglia": "M",
  "prezzo": 26.99,
  "imgUrl": "https://jerseys-catalog.com/upload/20240314/7db6717f1f8c8f3189e679dbbffa0e64.jpg",
  "id": "e7b5b11a-3c5d-4ff6-9215-03072d564f76",
  "legacy_id": "8",
  "quantita": 1
}
[2026-07-22T10:31:24.963Z] [LOG] 3. Prezzo (prezzo): 26.99 (Parsed as: 26.99)
[2026-07-22T10:31:24.964Z] [LOG]    Quantita (quantita): 1 (Parsed as: 1)
[2026-07-22T10:31:24.964Z] [LOG] 
================ MATCHING REPORT ================
[2026-07-22T10:31:24.966Z] [LOG] Prodotto nel carrello: "Fans Version 24/25 Argentina Trasferta" (id: e7b5b11a-3c5d-4ff6-9215-03072d564f76, legacy_id: 8)
‚Üì
Prodotto trovato su Supabase: "Fans Version 24/25 Argentina Trasferta" (id: e7b5b11a-3c5d-4ff6-9215-03072d564f76, legacy_id: 8) tramite ID (e7b5b11a-3c5d-4ff6-9215-03072d564f76)
‚Üì
Prezzo fornitore recuperato: $7.00
[2026-07-22T10:31:24.966Z] [LOG] =================================================

[2026-07-22T10:31:24.967Z] [LOG] --- Cart Item #2 ---
[2026-07-22T10:31:24.967Z] [LOG] Item object: {
  "squadra": "Spese di spedizione",
  "infoPerso": "Spedizione standard",
  "taglia": "-",
  "prezzo": 2,
  "quantita": 1,
  "imgUrl": ""
}
[2026-07-22T10:31:24.967Z] [LOG] 3. Prezzo (prezzo): 2 (Parsed as: 2)
[2026-07-22T10:31:24.967Z] [LOG]    Quantita (quantita): 1 (Parsed as: 0)
[2026-07-22T10:31:24.972Z] [LOG] 
================ MATCHING REPORT ================
[2026-07-22T10:31:24.972Z] [LOG] Prodotto nel carrello: "Spese di spedizione" (id: N/A, legacy_id: N/A)
‚Üì
Prodotto trovato su Supabase: Nessuna corrispondenza trovata.
‚Üì
Prezzo fornitore recuperato: $0.00
‚Üì
Motivo dell'eventuale mancata corrispondenza: Il frontend non ha inviato id o legacy_id per questo prodotto. Nessun prodotto nel database corrisponde al nome/versione "Spese di spedizione".
[2026-07-22T10:31:24.972Z] [LOG] =================================================

[2026-07-22T10:31:25.002Z] [LOG] === OVERALL CALCULATIONS & VALUES ===
[2026-07-22T10:31:25.003Z] [LOG] - totale_pagato_cliente: 28.99
[2026-07-22T10:31:25.003Z] [LOG] - costo_prodotti_usd: 10
[2026-07-22T10:31:25.003Z] [LOG] - order_shipping_usd (spedizione): 4
[2026-07-22T10:31:25.003Z] [LOG] - costo_totale_usd: 14
[2026-07-22T10:31:25.003Z] [LOG] - exchangeRate: 0.876691
[2026-07-22T10:31:25.003Z] [LOG] - costo_totale_eur: 12.273674
[2026-07-22T10:31:25.003Z] [LOG] - profitto_eur (5. Profitto calcolato): 16.716326
[2026-07-22T10:31:25.026Z] [LOG] üì§ Registrazione dell'ordine nel database Supabase...
[2026-07-22T10:31:25.026Z] [LOG] 
================ ORDER DATA DA SALVARE ================
[2026-07-22T10:31:25.026Z] [LOG] {
  "data": "22/07/2026, 10:31:25",
  "nome": "Sergio Catania",
  "telefono": "393701384932",
  "squadra": "1x Fans Version 24/25 Argentina Trasferta / 1x Spese di spedizione",
  "personalizzazione": "1x [Nome: EQW - Num: 12 - Patch: w] | 1x [Spedizione standard]",
  "taglia": "1x [M] / 1x [-]",
  "totale": "28,99‚Ç¨",
  "foto": "=IMAGE(\"https://jerseys-catalog.com/upload/20240314/7db6717f1f8c8f3189e679dbbffa0e64.jpg\")",
  "prezzo_fornitore": "1x $10.00 / 1x -",
  "costo_prodotti_usd": "10,00",
  "costo_spedizione_usd": "4,00",
  "costo_totale_usd": "14,00",
  "cambio_usd_eur": "0,8767",
  "costo_totale_eur": "12,27",
  "profitto_eur": "16,72",
  "is_archived": false,
  "carrello": [
    {
      "squadra": "Fans Version 24/25 Argentina Trasferta",
      "infoPerso": "Nome: EQW - Num: 12 - Patch: w",
      "taglia": "M",
      "prezzo": 26.99,
      "imgUrl": "https://jerseys-catalog.com/upload/20240314/7db6717f1f8c8f3189e679dbbffa0e64.jpg",
      "id": "e7b5b11a-3c5d-4ff6-9215-03072d564f76",
      "legacy_id": "8",
      "quantita": 1
    },
    {
      "squadra": "Spese di spedizione",
      "infoPerso": "Spedizione standard",
      "taglia": "-",
      "prezzo": 2,
      "quantita": 1,
      "imgUrl": ""
    }
  ],
  "coupon_code": null,
  "coupon_discount": 0,
  "coupon_type": null,
  "coupon_value": 0
}
[2026-07-22T10:31:25.027Z] [LOG] =======================================================

[2026-07-22T10:31:25.096Z] [LOG] 
================ RIGA SALVATA SU SUPABASE ================
[2026-07-22T10:31:25.096Z] [LOG] [
  {
    "id": 99,
    "data": "22/07/2026, 10:31:25",
    "nome": "Sergio Catania",
    "telefono": "393701384932",
    "squadra": "1x Fans Version 24/25 Argentina Trasferta / 1x Spese di spedizione",
    "personalizzazione": "1x [Nome: EQW - Num: 12 - Patch: w] | 1x [Spedizione standard]",
    "taglia": "1x [M] / 1x [-]",
    "totale": "28,99‚Ç¨",
    "foto": "=IMAGE(\"https://jerseys-catalog.com/upload/20240314/7db6717f1f8c8f3189e679dbbffa0e64.jpg\")",
    "prezzo_fornitore": "1x $10.00 / 1x -",
    "costo_prodotti_usd": "10,00",
    "costo_spedizione_usd": "4,00",
    "costo_totale_usd": "14,00",
    "cambio_usd_eur": "0,8767",
    "costo_totale_eur": "12,27",
    "profitto_eur": "16,72",
    "is_archived": false,
    "lotto_id": null,
    "carrello": [
      {
        "id": "e7b5b11a-3c5d-4ff6-9215-03072d564f76",
        "imgUrl": "https://jerseys-catalog.com/upload/20240314/7db6717f1f8c8f3189e679dbbffa0e64.jpg",
        "prezzo": 26.99,
        "taglia": "M",
        "squadra": "Fans Version 24/25 Argentina Trasferta",
        "quantita": 1,
        "infoPerso": "Nome: EQW - Num: 12 - Patch: w",
        "legacy_id": "8"
      },
      {
        "imgUrl": "",
        "prezzo": 2,
        "taglia": "-",
        "squadra": "Spese di spedizione",
        "quantita": 1,
        "infoPerso": "Spedizione standard"
      }
    ],
    "created_at": "2026-07-22T10:31:25.068356+00:00",
    "coupon_id": null,
    "coupon_code": null,
    "coupon_name": null,
    "coupon_type": null,
    "coupon_value": 0,
    "coupon_discount": 0,
    "free_shipping_discount": 0,
    "final_total_after_coupon": null
  }
]
[2026-07-22T10:31:25.097Z] [LOG] ==========================================================

[2026-07-22T10:31:25.097Z] [LOG] ‚úÖ Order inserted successfully in Supabase 'orders' table.
[2026-07-22T10:31:25.097Z] [LOG] =================================
[2026-07-22T10:31:25.097Z] [LOG] DEBUG AREA CLIENTE
[2026-07-22T10:31:25.098Z] [LOG] insertedAdminOrder: {
  "id": 99,
  "data": "22/07/2026, 10:31:25",
  "nome": "Sergio Catania",
  "telefono": "393701384932",
  "squadra": "1x Fans Version 24/25 Argentina Trasferta / 1x Spese di spedizione",
  "personalizzazione": "1x [Nome: EQW - Num: 12 - Patch: w] | 1x [Spedizione standard]",
  "taglia": "1x [M] / 1x [-]",
  "totale": "28,99‚Ç¨",
  "foto": "=IMAGE(\"https://jerseys-catalog.com/upload/20240314/7db6717f1f8c8f3189e679dbbffa0e64.jpg\")",
  "prezzo_fornitore": "1x $10.00 / 1x -",
  "costo_prodotti_usd": "10,00",
  "costo_spedizione_usd": "4,00",
  "costo_totale_usd": "14,00",
  "cambio_usd_eur": "0,8767",
  "costo_totale_eur": "12,27",
  "profitto_eur": "16,72",
  "is_archived": false,
  "lotto_id": null,
  "carrello": [
    {
      "id": "e7b5b11a-3c5d-4ff6-9215-03072d564f76",
      "imgUrl": "https://jerseys-catalog.com/upload/20240314/7db6717f1f8c8f3189e679dbbffa0e64.jpg",
      "prezzo": 26.99,
      "taglia": "M",
      "squadra": "Fans Version 24/25 Argentina Trasferta",
      "quantita": 1,
      "infoPerso": "Nome: EQW - Num: 12 - Patch: w",
      "legacy_id": "8"
    },
    {
      "imgUrl": "",
      "prezzo": 2,
      "taglia": "-",
      "squadra": "Spese di spedizione",
      "quantita": 1,
      "infoPerso": "Spedizione standard"
    }
  ],
  "created_at": "2026-07-22T10:31:25.068356+00:00",
  "coupon_id": null,
  "coupon_code": null,
  "coupon_name": null,
  "coupon_type": null,
  "coupon_value": 0,
  "coupon_discount": 0,
  "free_shipping_discount": 0,
  "final_total_after_coupon": null
}
[2026-07-22T10:31:25.098Z] [LOG] user_id: 8313ed33-3330-4fdb-aaad-a4440bbd0a22
[2026-07-22T10:31:25.098Z] [LOG] access_token: PRESENTE
[2026-07-22T10:31:25.098Z] [LOG] =================================
[2026-07-22T10:31:25.098Z] [LOG] üë§ Utente autenticato rilevato (8313ed33-3330-4fdb-aaad-a4440bbd0a22). Associazione dell'ordine all'Area Cliente...
[2026-07-22T10:31:25.101Z] [LOG] üì§ Inserimento in customer_orders: {
  "user_id": "8313ed33-3330-4fdb-aaad-a4440bbd0a22",
  "order_number": "ORD-99",
  "admin_order_id": 99,
  "subtotal": 26.99,
  "shipping": 2,
  "total": 28.99,
  "payment_status": "pending",
  "status": "Ordine Ricevuto",
  "created_at": "2026-07-22T10:31:25.099Z",
  "updated_at": "2026-07-22T10:31:25.099Z",
  "coupon_code": null,
  "coupon_discount": 0,
  "coupon_type": null,
  "coupon_value": 0
}
[2026-07-22T10:31:25.135Z] [WARN] ‚ö†Ô∏è Colonna coupon_type non trovata su customer_orders (tabella non aggiornata). Riprovo l'inserimento senza coupon_type e coupon_value...
[2026-07-22T10:31:25.178Z] [LOG] ‚úÖ Inserito in customer_orders con ID: b416ce89-b663-4990-9080-cfbf924a2ca2
[2026-07-22T10:31:25.179Z] [LOG] üì§ Inserimento in customer_order_items: [
  {
    "order_id": "b416ce89-b663-4990-9080-cfbf924a2ca2",
    "product_id": 8,
    "nome": "Fans Version 24/25 Argentina Trasferta",
    "categoria": "Fan",
    "stagione": "2024/2025",
    "taglia": "M",
    "personalizzazione": "Nome: EQW - Num: 12 - Patch: w",
    "prezzo": 26.99,
    "quantita": 1
  }
]
[2026-07-22T10:31:25.245Z] [LOG] ‚úÖ Inseriti tutti i prodotti dell'ordine in customer_order_items!
[2026-07-22T10:31:25.245Z] [LOG] üì§ Ricalcolo automatico del lotto corrente...
[2026-07-22T10:31:25.336Z] [LOG] === DEBUG SERVER SUCCESS ===
[2026-07-22T10:31:30.910Z] [LOG] ‚ÑπÔ∏è Info: Supabase 'reviews' table is not available, using local JSON storage as fallback.
[2026-07-22T10:31:31.446Z] [LOG] [API /api/products] Successfully loaded 4137 products from Supabase via helper in 599ms
[2026-07-22T10:31:33.658Z] [LOG] >>> ENTRATA GET /api/settings
[2026-07-22T10:31:33.658Z] [LOG] [DEBUG] Syncing settings from Supabase table 'price_rules'...
[2026-07-22T10:31:33.692Z] [LOG] [DEBUG] Loaded settings from Supabase successfully (22 keys processed).
[2026-07-22T10:31:45.962Z] [LOG] ‚ÑπÔ∏è Info: Supabase 'reviews' table is not available, using local JSON storage as fallback.
[2026-07-22T10:31:46.390Z] [LOG] [API /api/products] Successfully loaded 4137 products from Supabase via helper in 493ms
[2026-07-22T10:33:52.506Z] [LOG] ‚úÖ File .env caricato correttamente in server.js
[2026-07-22T10:33:52.527Z] [LOG] üöÄ Server running on http://0.0.0.0:3000
[2026-07-22T10:33:52.527Z] [LOG] === INIZIO PULIZIA AUTOMATICA ARCHIVIO LOTTI ===
[2026-07-22T10:33:52.528Z] [LOG] [BACKEND CLEANUP] Pulizia lotti completata. Rimasti 3 lotti reali.
[2026-07-22T10:33:52.528Z] [LOG] === FINE PULIZIA AUTOMATICA ARCHIVIO LOTTI ===
[2026-07-22T10:33:55.530Z] [LOG] === CARICAMENTO IMPOSTAZIONI DA SUPABASE ALL'AVVIO ===
[2026-07-22T10:33:55.582Z] [LOG] [DEBUG] Syncing settings from Supabase table 'price_rules'...
[2026-07-22T10:33:55.709Z] [LOG] [DEBUG] Loaded settings from Supabase successfully (22 keys processed).
[2026-07-22T10:33:55.709Z] [LOG] === INIZIO STANDARDIZZAZIONE DATABASE SUPABASE ===
[2026-07-22T10:33:56.221Z] [LOG] === COMPLETATO STANDARDIZZAZIONE DATABASE SUPABASE ===
[2026-07-22T10:34:01.103Z] [LOG] ‚ÑπÔ∏è Info: Supabase 'reviews' table is not available, using local JSON storage as fallback.
[2026-07-22T10:34:01.567Z] [LOG] [API /api/products] Successfully loaded 4137 products from Supabase via helper in 528ms
[2026-07-22T10:41:37.734Z] [LOG] ‚úÖ File .env caricato correttamente in server.js
[2026-07-22T10:41:37.755Z] [LOG] üöÄ Server running on http://0.0.0.0:3000
[2026-07-22T10:41:37.755Z] [LOG] === INIZIO PULIZIA AUTOMATICA ARCHIVIO LOTTI ===
[2026-07-22T10:41:37.756Z] [LOG] [BACKEND CLEANUP] Pulizia lotti completata. Rimasti 3 lotti reali.
[2026-07-22T10:41:37.756Z] [LOG] === FINE PULIZIA AUTOMATICA ARCHIVIO LOTTI ===
[2026-07-22T10:41:40.758Z] [LOG] === CARICAMENTO IMPOSTAZIONI DA SUPABASE ALL'AVVIO ===
[2026-07-22T10:41:40.814Z] [LOG] [DEBUG] Syncing settings from Supabase table 'price_rules'...
[2026-07-22T10:41:40.928Z] [LOG] [DEBUG] Loaded settings from Supabase successfully (22 keys processed).
[2026-07-22T10:41:40.928Z] [LOG] === INIZIO STANDARDIZZAZIONE DATABASE SUPABASE ===
[2026-07-22T10:41:41.598Z] [LOG] === COMPLETATO STANDARDIZZAZIONE DATABASE SUPABASE ===
[2026-07-22T10:41:46.005Z] [LOG] ‚ÑπÔ∏è Info: Supabase 'reviews' table is not available, using local JSON storage as fallback.
[2026-07-22T10:41:46.390Z] [LOG] [API /api/products] Successfully loaded 4137 products from Supabase via helper in 452ms
[2026-07-22T11:13:10.632Z] [LOG] ‚ÑπÔ∏è Info: Supabase 'reviews' table is not available, using local JSON storage as fallback.
[2026-07-22T11:13:11.313Z] [LOG] [API /api/products] Successfully loaded 4137 products from Supabase via helper in 778ms
[2026-07-22T11:13:37.245Z] [LOG] >>> ENTRATA GET /api/settings
[2026-07-22T11:13:37.246Z] [LOG] [DEBUG] Syncing settings from Supabase table 'price_rules'...
[2026-07-22T11:13:37.284Z] [LOG] [DEBUG] Loaded settings from Supabase successfully (22 keys processed).
[2026-07-22T11:14:27.599Z] [LOG] >>> ENTRATA GET /api/settings
[2026-07-22T11:14:27.599Z] [LOG] [DEBUG] Syncing settings from Supabase table 'price_rules'...
[2026-07-22T11:14:27.647Z] [LOG] [DEBUG] Loaded settings from Supabase successfully (22 keys processed).
[2026-07-22T11:18:36.568Z] [LOG] ‚úÖ File .env caricato correttamente in server.js
[2026-07-22T11:18:36.590Z] [LOG] üöÄ Server running on http://0.0.0.0:3000
[2026-07-22T11:18:36.590Z] [LOG] === INIZIO PULIZIA AUTOMATICA ARCHIVIO LOTTI ===
[2026-07-22T11:18:36.591Z] [LOG] [BACKEND CLEANUP] Pulizia lotti completata. Rimasti 3 lotti reali.
[2026-07-22T11:18:36.591Z] [LOG] === FINE PULIZIA AUTOMATICA ARCHIVIO LOTTI ===
[2026-07-22T11:18:39.591Z] [LOG] === CARICAMENTO IMPOSTAZIONI DA SUPABASE ALL'AVVIO ===
[2026-07-22T11:18:39.592Z] [LOG] [DEBUG] Syncing settings from Supabase table 'price_rules'...
[2026-07-22T11:18:39.661Z] [LOG] [DEBUG] Loaded settings from Supabase successfully (22 keys processed).
[2026-07-22T11:18:39.661Z] [LOG] === INIZIO STANDARDIZZAZIONE DATABASE SUPABASE ===
[2026-07-22T11:18:40.178Z] [LOG] === COMPLETATO STANDARDIZZAZIONE DATABASE SUPABASE ===
[2026-07-22T11:18:46.207Z] [LOG] ‚ÑπÔ∏è Info: Supabase 'reviews' table is not available, using local JSON storage as fallback.
[2026-07-22T11:18:46.692Z] [LOG] [API /api/products] Successfully loaded 4137 products from Supabase via helper in 557ms
[2026-07-22T11:18:52.464Z] [LOG] >>> ENTRATA GET /api/settings
[2026-07-22T11:18:52.464Z] [LOG] [DEBUG] Syncing settings from Supabase table 'price_rules'...
[2026-07-22T11:18:52.503Z] [LOG] [DEBUG] Loaded settings from Supabase successfully (22 keys processed).
[2026-07-22T11:19:14.887Z] [LOG] >>> ENTRATA GET /api/settings
[2026-07-22T11:19:14.887Z] [LOG] [DEBUG] Syncing settings from Supabase table 'price_rules'...
[2026-07-22T11:19:14.938Z] [LOG] [DEBUG] Loaded settings from Supabase successfully (22 keys processed).
[2026-07-22T11:19:28.832Z] [LOG] >>> ENTRATA GET /api/settings
[2026-07-22T11:19:28.833Z] [LOG] [DEBUG] Syncing settings from Supabase table 'price_rules'...
[2026-07-22T11:19:28.872Z] [LOG] [DEBUG] Loaded settings from Supabase successfully (22 keys processed).
[2026-07-22T11:19:37.046Z] [LOG] >>> ENTRATA GET /api/settings
[2026-07-22T11:19:37.046Z] [LOG] [DEBUG] Syncing settings from Supabase table 'price_rules'...
[2026-07-22T11:19:37.084Z] [LOG] [DEBUG] Loaded settings from Supabase successfully (22 keys processed).
[2026-07-22T11:19:43.475Z] [LOG] >>> ENTRATA GET /api/settings
[2026-07-22T11:19:43.475Z] [LOG] [DEBUG] Syncing settings from Supabase table 'price_rules'...
[2026-07-22T11:19:43.534Z] [LOG] [DEBUG] Loaded settings from Supabase successfully (22 keys processed).
[2026-07-22T11:19:48.457Z] [LOG] >>> ENTRATA GET /api/settings
[2026-07-22T11:19:48.457Z] [LOG] [DEBUG] Syncing settings from Supabase table 'price_rules'...
[2026-07-22T11:19:48.500Z] [LOG] [DEBUG] Loaded settings from Supabase successfully (22 keys processed).
[2026-07-22T11:19:54.705Z] [LOG] >>> ENTRATA GET /api/settings
[2026-07-22T11:19:54.705Z] [LOG] [DEBUG] Syncing settings from Supabase table 'price_rules'...
[2026-07-22T11:19:54.746Z] [LOG] [DEBUG] Loaded settings from Supabase successfully (22 keys processed).
[2026-07-22T11:20:00.320Z] [LOG] >>> ENTRATA GET /api/settings
[2026-07-22T11:20:00.320Z] [LOG] [DEBUG] Syncing settings from Supabase table 'price_rules'...
[2026-07-22T11:20:00.361Z] [LOG] [DEBUG] Loaded settings from Supabase successfully (22 keys processed).
[2026-07-22T11:20:06.213Z] [LOG] >>> ENTRATA GET /api/settings
[2026-07-22T11:20:06.213Z] [LOG] [DEBUG] Syncing settings from Supabase table 'price_rules'...
[2026-07-22T11:20:06.259Z] [LOG] [DEBUG] Loaded settings from Supabase successfully (22 keys processed).
[2026-07-22T11:20:11.807Z] [LOG] >>> ENTRATA GET /api/settings
[2026-07-22T11:20:11.808Z] [LOG] [DEBUG] Syncing settings from Supabase table 'price_rules'...
[2026-07-22T11:20:11.839Z] [LOG] [DEBUG] Loaded settings from Supabase successfully (22 keys processed).
[2026-07-22T11:20:18.149Z] [LOG] >>> ENTRATA GET /api/settings
[2026-07-22T11:20:18.150Z] [LOG] [DEBUG] Syncing settings from Supabase table 'price_rules'...
[2026-07-22T11:20:18.186Z] [LOG] [DEBUG] Loaded settings from Supabase successfully (22 keys processed).
[2026-07-22T11:20:29.587Z] [LOG] >>> ENTRATA GET /api/settings
[2026-07-22T11:20:29.588Z] [LOG] [DEBUG] Syncing settings from Supabase table 'price_rules'...
[2026-07-22T11:20:29.627Z] [LOG] [DEBUG] Loaded settings from Supabase successfully (22 keys processed).
[2026-07-22T11:20:37.907Z] [LOG] >>> ENTRATA GET /api/settings
[2026-07-22T11:20:37.907Z] [LOG] [DEBUG] Syncing settings from Supabase table 'price_rules'...
[2026-07-22T11:20:37.946Z] [LOG] [DEBUG] Loaded settings from Supabase successfully (22 keys processed).
[2026-07-22T11:21:09.261Z] [LOG] >>> ENTRATA GET /api/settings
[2026-07-22T11:21:09.261Z] [LOG] [DEBUG] Syncing settings from Supabase table 'price_rules'...
[2026-07-22T11:21:09.305Z] [LOG] [DEBUG] Loaded settings from Supabase successfully (22 keys processed).
[2026-07-22T11:21:15.403Z] [LOG] >>> ENTRATA GET /api/settings
[2026-07-22T11:21:15.403Z] [LOG] [DEBUG] Syncing settings from Supabase table 'price_rules'...
[2026-07-22T11:21:15.435Z] [LOG] [DEBUG] Loaded settings from Supabase successfully (22 keys processed).
[2026-07-22T11:21:23.499Z] [LOG] >>> ENTRATA GET /api/settings
[2026-07-22T11:21:23.499Z] [LOG] [DEBUG] Syncing settings from Supabase table 'price_rules'...
[2026-07-22T11:21:23.533Z] [LOG] [DEBUG] Loaded settings from Supabase successfully (22 keys processed).
[2026-07-22T11:21:28.801Z] [LOG] >>> ENTRATA GET /api/settings
[2026-07-22T11:21:28.802Z] [LOG] [DEBUG] Syncing settings from Supabase table 'price_rules'...
[2026-07-22T11:21:28.835Z] [LOG] [DEBUG] Loaded settings from Supabase successfully (22 keys processed).
[2026-07-22T11:21:33.016Z] [LOG] >>> ENTRATA GET /api/settings
[2026-07-22T11:21:33.016Z] [LOG] [DEBUG] Syncing settings from Supabase table 'price_rules'...
[2026-07-22T11:21:33.050Z] [LOG] [DEBUG] Loaded settings from Supabase successfully (22 keys processed).
[2026-07-22T11:21:37.611Z] [LOG] >>> ENTRATA GET /api/settings
[2026-07-22T11:21:37.611Z] [LOG] [DEBUG] Syncing settings from Supabase table 'price_rules'...
[2026-07-22T11:21:37.644Z] [LOG] [DEBUG] Loaded settings from Supabase successfully (22 keys processed).
[2026-07-22T11:21:41.831Z] [LOG] >>> ENTRATA GET /api/settings
[2026-07-22T11:21:41.832Z] [LOG] [DEBUG] Syncing settings from Supabase table 'price_rules'...
[2026-07-22T11:21:41.862Z] [LOG] [DEBUG] Loaded settings from Supabase successfully (22 keys processed).
[2026-07-22T11:21:46.407Z] [LOG] >>> ENTRATA GET /api/settings
[2026-07-22T11:21:46.407Z] [LOG] [DEBUG] Syncing settings from Supabase table 'price_rules'...
[2026-07-22T11:21:46.441Z] [LOG] [DEBUG] Loaded settings from Supabase successfully (22 keys processed).
[2026-07-22T11:21:54.692Z] [LOG] >>> ENTRATA GET /api/settings
[2026-07-22T11:21:54.693Z] [LOG] [DEBUG] Syncing settings from Supabase table 'price_rules'...
[2026-07-22T11:21:54.727Z] [LOG] [DEBUG] Loaded settings from Supabase successfully (22 keys processed).
[2026-07-22T11:22:00.267Z] [LOG] >>> ENTRATA GET /api/settings
[2026-07-22T11:22:00.268Z] [LOG] [DEBUG] Syncing settings from Supabase table 'price_rules'...
[2026-07-22T11:22:00.306Z] [LOG] [DEBUG] Loaded settings from Supabase successfully (22 keys processed).
[2026-07-22T11:22:04.649Z] [LOG] >>> ENTRATA GET /api/settings
[2026-07-22T11:22:04.649Z] [LOG] [DEBUG] Syncing settings from Supabase table 'price_rules'...
[2026-07-22T11:22:04.693Z] [LOG] [DEBUG] Loaded settings from Supabase successfully (22 keys processed).
[2026-07-22T11:22:09.885Z] [LOG] >>> ENTRATA GET /api/settings
[2026-07-22T11:22:09.885Z] [LOG] [DEBUG] Syncing settings from Supabase table 'price_rules'...
[2026-07-22T11:22:09.935Z] [LOG] [DEBUG] Loaded settings from Supabase successfully (22 keys processed).
[2026-07-22T11:22:15.763Z] [LOG] >>> ENTRATA GET /api/settings
[2026-07-22T11:22:15.763Z] [LOG] [DEBUG] Syncing settings from Supabase table 'price_rules'...
[2026-07-22T11:22:15.826Z] [LOG] [DEBUG] Loaded settings from Supabase successfully (22 keys processed).
[2026-07-22T11:22:22.259Z] [LOG] >>> ENTRATA GET /api/settings
[2026-07-22T11:22:22.260Z] [LOG] [DEBUG] Syncing settings from Supabase table 'price_rules'...
[2026-07-22T11:22:22.293Z] [LOG] [DEBUG] Loaded settings from Supabase successfully (22 keys processed).
[2026-07-22T11:22:26.982Z] [LOG] >>> ENTRATA GET /api/settings
[2026-07-22T11:22:26.982Z] [LOG] [DEBUG] Syncing settings from Supabase table 'price_rules'...
[2026-07-22T11:22:27.015Z] [LOG] [DEBUG] Loaded settings from Supabase successfully (22 keys processed).
[2026-07-22T11:22:31.349Z] [LOG] >>> ENTRATA GET /api/settings
[2026-07-22T11:22:31.349Z] [LOG] [DEBUG] Syncing settings from Supabase table 'price_rules'...
[2026-07-22T11:22:31.381Z] [LOG] [DEBUG] Loaded settings from Supabase successfully (22 keys processed).
[2026-07-22T11:22:36.333Z] [LOG] >>> ENTRATA GET /api/settings
[2026-07-22T11:22:36.333Z] [LOG] [DEBUG] Syncing settings from Supabase table 'price_rules'...
[2026-07-22T11:22:36.366Z] [LOG] [DEBUG] Loaded settings from Supabase successfully (22 keys processed).
[2026-07-22T11:22:42.830Z] [LOG] >>> ENTRATA GET /api/settings
[2026-07-22T11:22:42.830Z] [LOG] [DEBUG] Syncing settings from Supabase table 'price_rules'...
[2026-07-22T11:22:42.863Z] [LOG] [DEBUG] Loaded settings from Supabase successfully (22 keys processed).
[2026-07-22T11:22:48.644Z] [LOG] >>> ENTRATA GET /api/settings
[2026-07-22T11:22:48.644Z] [LOG] [DEBUG] Syncing settings from Supabase table 'price_rules'...
[2026-07-22T11:22:48.678Z] [LOG] [DEBUG] Loaded settings from Supabase successfully (22 keys processed).
[2026-07-22T11:22:56.064Z] [LOG] >>> ENTRATA GET /api/settings
[2026-07-22T11:22:56.064Z] [LOG] [DEBUG] Syncing settings from Supabase table 'price_rules'...
[2026-07-22T11:22:56.112Z] [LOG] [DEBUG] Loaded settings from Supabase successfully (22 keys processed).
[2026-07-22T11:23:00.537Z] [LOG] >>> ENTRATA GET /api/settings
[2026-07-22T11:23:00.537Z] [LOG] [DEBUG] Syncing settings from Supabase table 'price_rules'...
[2026-07-22T11:23:00.570Z] [LOG] [DEBUG] Loaded settings from Supabase successfully (22 keys processed).
[2026-07-22T11:23:05.232Z] [LOG] >>> ENTRATA GET /api/settings
[2026-07-22T11:23:05.232Z] [LOG] [DEBUG] Syncing settings from Supabase table 'price_rules'...
[2026-07-22T11:23:05.264Z] [LOG] [DEBUG] Loaded settings from Supabase successfully (22 keys processed).
[2026-07-22T11:23:11.892Z] [LOG] >>> ENTRATA GET /api/settings
[2026-07-22T11:23:11.892Z] [LOG] [DEBUG] Syncing settings from Supabase table 'price_rules'...
[2026-07-22T11:23:11.933Z] [LOG] [DEBUG] Loaded settings from Supabase successfully (22 keys processed).
[2026-07-22T11:23:16.788Z] [LOG] >>> ENTRATA GET /api/settings
[2026-07-22T11:23:16.788Z] [LOG] [DEBUG] Syncing settings from Supabase table 'price_rules'...
[2026-07-22T11:23:16.825Z] [LOG] [DEBUG] Loaded settings from Supabase successfully (22 keys processed).
[2026-07-22T11:23:23.753Z] [LOG] >>> ENTRATA GET /api/settings
[2026-07-22T11:23:23.753Z] [LOG] [DEBUG] Syncing settings from Supabase table 'price_rules'...
[2026-07-22T11:23:23.788Z] [LOG] [DEBUG] Loaded settings from Supabase successfully (22 keys processed).
[2026-07-22T11:24:47.907Z] [LOG] >>> ENTRATA GET /api/settings
[2026-07-22T11:24:47.907Z] [LOG] [DEBUG] Syncing settings from Supabase table 'price_rules'...
[2026-07-22T11:24:47.952Z] [LOG] [DEBUG] Loaded settings from Supabase successfully (22 keys processed).
[2026-07-22T11:40:29.465Z] [LOG] >>> ENTRATA GET /api/settings
[2026-07-22T11:40:29.465Z] [LOG] [DEBUG] Syncing settings from Supabase table 'price_rules'...
[2026-07-22T11:40:29.534Z] [LOG] [DEBUG] Loaded settings from Supabase successfully (22 keys processed).
[2026-07-22T11:40:38.918Z] [LOG] >>> ENTRATA GET /api/settings
[2026-07-22T11:40:38.918Z] [LOG] [DEBUG] Syncing settings from Supabase table 'price_rules'...
[2026-07-22T11:40:38.953Z] [LOG] [DEBUG] Loaded settings from Supabase successfully (22 keys processed).
[2026-07-22T11:43:06.650Z] [LOG] ‚ÑπÔ∏è Info: Supabase 'reviews' table is not available, using local JSON storage as fallback.
[2026-07-22T11:43:07.125Z] [LOG] [API /api/products] Successfully loaded 4137 products from Supabase via helper in 545ms
[2026-07-22T11:43:48.850Z] [LOG] >>> ENTRATA GET /api/settings
[2026-07-22T11:43:48.850Z] [LOG] [DEBUG] Syncing settings from Supabase table 'price_rules'...
[2026-07-22T11:43:48.884Z] [LOG] [DEBUG] Loaded settings from Supabase successfully (22 keys processed).
[2026-07-22T11:43:51.429Z] [LOG] >>> ENTRATA GET /api/settings
[2026-07-22T11:43:51.429Z] [LOG] [DEBUG] Syncing settings from Supabase table 'price_rules'...
[2026-07-22T11:43:51.463Z] [LOG] [DEBUG] Loaded settings from Supabase successfully (22 keys processed).
[2026-07-22T11:47:22.610Z] [LOG] ‚ÑπÔ∏è Info: Supabase 'reviews' table is not available, using local JSON storage as fallback.
[2026-07-22T11:47:24.378Z] [LOG] [API /api/products] Successfully loaded 4137 products from Supabase via helper in 1844ms
[2026-07-22T11:52:09.717Z] [LOG] >>> ENTRATA GET /api/settings
[2026-07-22T11:52:09.718Z] [LOG] [DEBUG] Syncing settings from Supabase table 'price_rules'...
[2026-07-22T11:52:09.792Z] [LOG] [DEBUG] Loaded settings from Supabase successfully (22 keys processed).
[2026-07-22T11:52:09.814Z] [LOG] >>> ENTRATA POST /api/settings
[2026-07-22T11:52:09.816Z] [LOG] Payload ricevuto: {
  "hasSettings": false,
  "targetPairsCount": 0
}
[2026-07-22T11:52:09.817Z] [LOG] [DEBUG] Salvo le impostazioni e regole in modo permanente su Supabase...
[2026-07-22T11:52:09.817Z] [LOG] [DEBUG] Upserting 23 impostazioni/regole in Supabase...
[2026-07-22T11:52:09.880Z] [LOG] ‚úÖ Impostazioni salvate permanentemente su Supabase.
[2026-07-22T11:52:09.880Z] [LOG] [DEBUG] Syncing settings from Supabase table 'price_rules'...
[2026-07-22T11:52:09.936Z] [LOG] [DEBUG] Loaded settings from Supabase successfully (32 keys processed).
[2026-07-22T11:52:09.936Z] [LOG] <<< USCITA POST /api/settings con successo
[2026-07-22T11:52:10.009Z] [LOG] >>> ENTRATA GET /api/settings
[2026-07-22T11:52:10.010Z] [LOG] [DEBUG] Syncing settings from Supabase table 'price_rules'...
[2026-07-22T11:52:10.055Z] [LOG] [DEBUG] Loaded settings from Supabase successfully (32 keys processed).
[2026-07-22T11:52:10.200Z] [ERROR] ‚ö†Ô∏è Errore insert coupon su Supabase: Could not find the table 'public.coupon' in the schema cache
[2026-07-22T11:52:10.292Z] [ERROR] ‚ö†Ô∏è Errore eliminazione coupon su Supabase: Could not find the table 'public.coupon' in the schema cache
[2026-07-22T11:52:15.059Z] [LOG] >>> ENTRATA GET /api/settings
[2026-07-22T11:52:15.060Z] [LOG] [DEBUG] Syncing settings from Supabase table 'price_rules'...
[2026-07-22T11:52:15.129Z] [LOG] [DEBUG] Loaded settings from Supabase successfully (32 keys processed).
[2026-07-22T11:52:15.148Z] [LOG] >>> ENTRATA POST /api/settings
[2026-07-22T11:52:15.148Z] [LOG] Payload ricevuto: {
  "hasSettings": false,
  "targetPairsCount": 0
}
[2026-07-22T11:52:15.148Z] [LOG] [DEBUG] Salvo le impostazioni e regole in modo permanente su Supabase...
[2026-07-22T11:52:15.148Z] [LOG] [DEBUG] Upserting 23 impostazioni/regole in Supabase...
[2026-07-22T11:52:15.184Z] [LOG] ‚úÖ Impostazioni salvate permanentemente su Supabase.
[2026-07-22T11:52:15.184Z] [LOG] [DEBUG] Syncing settings from Supabase table 'price_rules'...
[2026-07-22T11:52:15.246Z] [LOG] [DEBUG] Loaded settings from Supabase successfully (32 keys processed).
[2026-07-22T11:52:15.246Z] [LOG] <<< USCITA POST /api/settings con successo
[2026-07-30T08:41:50.908Z] [LOG] ‚úÖ File .env caricato correttamente in server.js
[2026-07-30T08:41:50.933Z] [LOG] üöÄ Server running on http://0.0.0.0:3000
[2026-07-30T08:41:50.934Z] [LOG] === INIZIO PULIZIA AUTOMATICA ARCHIVIO LOTTI ===
[2026-07-30T08:41:50.935Z] [LOG] [BACKEND CLEANUP] Pulizia lotti completata. Rimasti 3 lotti reali.
[2026-07-30T08:41:50.935Z] [LOG] === FINE PULIZIA AUTOMATICA ARCHIVIO LOTTI ===
[2026-07-30T08:41:53.937Z] [LOG] === CARICAMENTO IMPOSTAZIONI DA SUPABASE ALL'AVVIO ===
[2026-07-30T08:41:54.003Z] [LOG] [DEBUG] Syncing settings from Supabase table 'price_rules'...
[2026-07-30T08:41:54.261Z] [LOG] [DEBUG] Loaded settings from Supabase successfully (69 keys processed).
[2026-07-30T08:41:54.262Z] [LOG] === INIZIO STANDARDIZZAZIONE DATABASE SUPABASE ===
[2026-07-30T08:41:55.174Z] [LOG] ‚ÑπÔ∏è Info: Supabase 'reviews' table is not available, using local JSON storage as fallback.
[2026-07-30T08:41:55.189Z] [LOG] === COMPLETATO STANDARDIZZAZIONE DATABASE SUPABASE ===
[2026-07-30T08:41:55.690Z] [LOG] [API /api/products] Successfully loaded 4357 products from Supabase via helper in 618ms
[2026-07-30T08:46:45.674Z] [LOG] ‚úÖ File .env caricato correttamente in server.js
[2026-07-30T08:46:45.700Z] [LOG] üöÄ Server running on http://0.0.0.0:3000
[2026-07-30T08:46:45.700Z] [LOG] === INIZIO PULIZIA AUTOMATICA ARCHIVIO LOTTI ===
[2026-07-30T08:46:45.701Z] [LOG] [BACKEND CLEANUP] Pulizia lotti completata. Rimasti 3 lotti reali.
[2026-07-30T08:46:45.701Z] [LOG] === FINE PULIZIA AUTOMATICA ARCHIVIO LOTTI ===
[2026-07-30T08:46:48.703Z] [LOG] === CARICAMENTO IMPOSTAZIONI DA SUPABASE ALL'AVVIO ===
[2026-07-30T08:46:48.763Z] [LOG] [DEBUG] Syncing settings from Supabase table 'price_rules'...
[2026-07-30T08:46:48.940Z] [LOG] [DEBUG] Loaded settings from Supabase successfully (69 keys processed).
[2026-07-30T08:46:48.941Z] [LOG] === INIZIO STANDARDIZZAZIONE DATABASE SUPABASE ===
[2026-07-30T08:46:49.570Z] [LOG] === COMPLETATO STANDARDIZZAZIONE DATABASE SUPABASE ===
[2026-07-30T08:46:52.467Z] [LOG] ‚ÑπÔ∏è Info: Supabase 'reviews' table is not available, using local JSON storage as fallback.
[2026-07-30T08:46:52.881Z] [LOG] [API /api/products] Successfully loaded 4357 products from Supabase via helper in 447ms
[2026-07-30T08:47:14.052Z] [LOG] >>> ENTRATA GET /api/settings
[2026-07-30T08:47:14.052Z] [LOG] [DEBUG] Syncing settings from Supabase table 'price_rules'...
[2026-07-30T08:47:14.101Z] [LOG] [DEBUG] Loaded settings from Supabase successfully (69 keys processed).
[2026-07-30T08:52:02.175Z] [LOG] ‚ÑπÔ∏è Info: Supabase 'reviews' table is not available, using local JSON storage as fallback.
[2026-07-30T08:52:13.899Z] [LOG] ‚ÑπÔ∏è Info: Supabase 'reviews' table is not available, using local JSON storage as fallback.
[2026-07-30T08:52:14.891Z] [LOG] [API /api/products] Successfully loaded 4357 products from Supabase via helper in 1028ms
[2026-07-30T08:52:17.077Z] [LOG] ‚ÑπÔ∏è Info: Supabase 'reviews' table is not available, using local JSON storage as fallback.
[2026-07-30T08:58:09.994Z] [LOG] ‚ÑπÔ∏è Info: Supabase 'reviews' table is not available, using local JSON storage as fallback.
[2026-07-30T08:58:10.057Z] [LOG] ‚ÑπÔ∏è Info: Supabase 'reviews' table insert skipped, saving to local JSON storage instead.
[2026-07-30T08:58:10.104Z] [LOG] ‚ÑπÔ∏è Info: Supabase 'reviews' table is not available, using local JSON storage as fallback.
[2026-07-30T08:58:10.145Z] [LOG] ‚ÑπÔ∏è Info: Supabase 'reviews' table delete skipped, deleting from local JSON storage instead.
[2026-07-30T08:58:10.199Z] [LOG] ‚ÑπÔ∏è Info: Supabase 'reviews' table is not available, using local JSON storage as fallback.
[2026-08-05T16:12:27.771Z] [LOG] ‚úÖ File .env caricato correttamente in server.js
[2026-08-05T16:12:27.794Z] [LOG] üöÄ Server running on http://0.0.0.0:3000
[2026-08-05T16:12:27.794Z] [LOG] === INIZIO PULIZIA AUTOMATICA ARCHIVIO LOTTI ===
[2026-08-05T16:12:27.796Z] [LOG] [BACKEND CLEANUP] Pulizia lotti completata. Rimasti 3 lotti reali.
[2026-08-05T16:12:27.796Z] [LOG] === FINE PULIZIA AUTOMATICA ARCHIVIO LOTTI ===
[2026-08-05T16:12:30.797Z] [LOG] === CARICAMENTO IMPOSTAZIONI DA SUPABASE ALL'AVVIO ===
[2026-08-05T16:12:30.798Z] [LOG] [DEBUG] Syncing settings from Supabase table 'price_rules'...
[2026-08-05T16:12:30.862Z] [LOG] [DEBUG] Loaded settings from Supabase successfully (76 keys processed).
[2026-08-05T16:12:30.863Z] [LOG] === INIZIO STANDARDIZZAZIONE DATABASE SUPABASE ===
[2026-08-05T16:12:31.172Z] [LOG] [API /api/products] Successfully loaded 4411 products from Supabase via helper in 638ms
[2026-08-05T16:12:31.623Z] [LOG] === COMPLETATO STANDARDIZZAZIONE DATABASE SUPABASE ===
[2026-08-05T16:29:52.915Z] [LOG] ‚úÖ File .env caricato correttamente in server.js
[2026-08-05T16:29:52.937Z] [LOG] üöÄ Server running on http://0.0.0.0:3000
[2026-08-05T16:29:52.937Z] [LOG] === INIZIO PULIZIA AUTOMATICA ARCHIVIO LOTTI ===
[2026-08-05T16:29:52.938Z] [LOG] [BACKEND CLEANUP] Pulizia lotti completata. Rimasti 3 lotti reali.
[2026-08-05T16:29:52.938Z] [LOG] === FINE PULIZIA AUTOMATICA ARCHIVIO LOTTI ===
[2026-08-05T16:29:55.939Z] [LOG] === CARICAMENTO IMPOSTAZIONI DA SUPABASE ALL'AVVIO ===
[2026-08-05T16:29:56.007Z] [LOG] [DEBUG] Syncing settings from Supabase table 'price_rules'...
[2026-08-05T16:29:56.140Z] [LOG] [DEBUG] Loaded settings from Supabase successfully (76 keys processed).
[2026-08-05T16:29:56.140Z] [LOG] === INIZIO STANDARDIZZAZIONE DATABASE SUPABASE ===
[2026-08-05T16:29:57.064Z] [LOG] === COMPLETATO STANDARDIZZAZIONE DATABASE SUPABASE ===
[2026-08-05T16:30:05.068Z] [LOG] [API /api/products] Successfully loaded 4411 products from Supabase via helper in 829ms
[2026-08-05T16:30:10.038Z] [LOG] >>> ENTRATA GET /api/settings
[2026-08-05T16:30:10.039Z] [LOG] [DEBUG] Syncing settings from Supabase table 'price_rules'...
[2026-08-05T16:30:10.075Z] [LOG] [DEBUG] Loaded settings from Supabase successfully (76 keys processed).
[2026-08-05T16:30:11.089Z] [LOG] >>> ENTRATA GET /api/settings
[2026-08-05T16:30:11.090Z] [LOG] [DEBUG] Syncing settings from Supabase table 'price_rules'...
[2026-08-05T16:30:11.185Z] [LOG] [DEBUG] Loaded settings from Supabase successfully (76 keys processed).
[2026-08-05T16:30:12.637Z] [LOG] >>> ENTRATA GET /api/settings
[2026-08-05T16:30:12.639Z] [LOG] [DEBUG] Syncing settings from Supabase table 'price_rules'...
[2026-08-05T16:30:12.685Z] [LOG] [DEBUG] Loaded settings from Supabase successfully (76 keys processed).
[2026-08-05T16:30:26.013Z] [LOG] >>> ENTRATA POST /api/settings
[2026-08-05T16:30:26.016Z] [LOG] Payload ricevuto: {
  "applyToExisting": false,
  "hasSettings": true,
  "targetPairsCount": 14
}
[2026-08-05T16:30:26.017Z] [LOG] [DEBUG] Salvo le impostazioni e regole in modo permanente su Supabase...
[2026-08-05T16:30:26.017Z] [LOG] [DEBUG] Upserting 34 impostazioni/regole in Supabase...
[2026-08-05T16:30:26.134Z] [LOG] ‚úÖ Impostazioni salvate permanentemente su Supabase.
[2026-08-05T16:30:26.135Z] [LOG] [DEBUG] Syncing settings from Supabase table 'price_rules'...
[2026-08-05T16:30:26.196Z] [LOG] [DEBUG] Loaded settings from Supabase successfully (78 keys processed).
[2026-08-05T16:30:26.197Z] [LOG] <<< USCITA POST /api/settings con successo
[2026-08-05T16:30:28.923Z] [LOG] >>> ENTRATA GET /api/settings
[2026-08-05T16:30:28.924Z] [LOG] [DEBUG] Syncing settings from Supabase table 'price_rules'...
[2026-08-05T16:30:28.979Z] [LOG] [DEBUG] Loaded settings from Supabase successfully (78 keys processed).
[2026-08-05T16:30:30.828Z] [LOG] >>> ENTRATA GET /api/settings
[2026-08-05T16:30:30.829Z] [LOG] [DEBUG] Syncing settings from Supabase table 'price_rules'...
[2026-08-05T16:30:30.884Z] [LOG] [DEBUG] Loaded settings from Supabase successfully (78 keys processed).
[2026-08-05T16:46:25.469Z] [LOG] ‚úÖ File .env caricato correttamente in server.js
[2026-08-05T16:46:25.492Z] [LOG] üöÄ Server running on http://0.0.0.0:3000
[2026-08-05T16:46:25.493Z] [LOG] === INIZIO PULIZIA AUTOMATICA ARCHIVIO LOTTI ===
[2026-08-05T16:46:25.493Z] [LOG] [BACKEND CLEANUP] Pulizia lotti completata. Rimasti 3 lotti reali.
[2026-08-05T16:46:25.493Z] [LOG] === FINE PULIZIA AUTOMATICA ARCHIVIO LOTTI ===
[2026-08-05T16:46:26.380Z] [LOG] >>> ENTRATA GET /api/settings
[2026-08-05T16:46:26.440Z] [LOG] [DEBUG] Syncing settings from Supabase table 'price_rules'...
[2026-08-05T16:46:26.643Z] [LOG] [DEBUG] Loaded settings from Supabase successfully (78 keys processed).
[2026-08-05T16:59:57.074Z] [LOG] ‚úÖ File .env caricato correttamente in server.js
[2026-08-05T16:59:57.105Z] [LOG] üöÄ Server running on http://0.0.0.0:3000
[2026-08-05T16:59:57.105Z] [LOG] === INIZIO PULIZIA AUTOMATICA ARCHIVIO LOTTI ===
[2026-08-05T16:59:57.106Z] [LOG] [BACKEND CLEANUP] Pulizia lotti completata. Rimasti 3 lotti reali.
[2026-08-05T16:59:57.106Z] [LOG] === FINE PULIZIA AUTOMATICA ARCHIVIO LOTTI ===
[2026-08-05T16:59:59.329Z] [LOG] >>> ENTRATA GET /api/settings
[2026-08-05T16:59:59.331Z] [LOG] [DEBUG] Syncing settings from Supabase table 'price_rules'...
[2026-08-05T16:59:59.409Z] [ERROR] ‚ö†Ô∏è Errore parsing __settings_json__: Unexpected token 'c', "chunk_0:{""... is not valid JSON
[2026-08-05T16:59:59.410Z] [LOG] [DEBUG] Loaded settings from Supabase successfully (77 keys processed).
[2026-08-05T16:59:59.920Z] [LOG] [API /api/products] Successfully loaded 4411 products from Supabase via helper in 701ms
[2026-08-05T17:00:00.107Z] [LOG] === CARICAMENTO IMPOSTAZIONI DA SUPABASE ALL'AVVIO ===
[2026-08-05T17:00:00.108Z] [LOG] [DEBUG] Syncing settings from Supabase table 'price_rules'...
[2026-08-05T17:00:00.145Z] [ERROR] ‚ö†Ô∏è Errore parsing __settings_json__: Unexpected token 'c', "chunk_0:{""... is not valid JSON
[2026-08-05T17:00:00.145Z] [LOG] [DEBUG] Loaded settings from Supabase successfully (77 keys processed).
[2026-08-05T17:00:00.146Z] [LOG] === INIZIO STANDARDIZZAZIONE DATABASE SUPABASE ===
[2026-08-05T17:00:00.632Z] [LOG] === COMPLETATO STANDARDIZZAZIONE DATABASE SUPABASE ===
[2026-08-05T17:00:02.539Z] [LOG] >>> ENTRATA GET /api/settings
[2026-08-05T17:00:02.540Z] [LOG] [DEBUG] Syncing settings from Supabase table 'price_rules'...
[2026-08-05T17:00:02.577Z] [ERROR] ‚ö†Ô∏è Errore parsing __settings_json__: Unexpected token 'c', "chunk_0:{""... is not valid JSON
[2026-08-05T17:00:02.577Z] [LOG] [DEBUG] Loaded settings from Supabase successfully (77 keys processed).
[2026-08-05T17:00:03.588Z] [LOG] >>> ENTRATA GET /api/settings
[2026-08-05T17:00:03.589Z] [LOG] [DEBUG] Syncing settings from Supabase table 'price_rules'...
[2026-08-05T17:00:03.653Z] [ERROR] ‚ö†Ô∏è Errore parsing __settings_json__: Unexpected token 'c', "chunk_0:{""... is not valid JSON
[2026-08-05T17:00:03.653Z] [LOG] [DEBUG] Loaded settings from Supabase successfully (77 keys processed).
[2026-08-05T17:00:05.037Z] [LOG] >>> ENTRATA GET /api/settings
[2026-08-05T17:00:05.037Z] [LOG] [DEBUG] Syncing settings from Supabase table 'price_rules'...
[2026-08-05T17:00:05.100Z] [ERROR] ‚ö†Ô∏è Errore parsing __settings_json__: Unexpected token 'c', "chunk_0:{""... is not valid JSON
[2026-08-05T17:00:05.101Z] [LOG] [DEBUG] Loaded settings from Supabase successfully (77 keys processed).
[2026-08-05T17:01:14.362Z] [LOG] ‚úÖ File .env caricato correttamente in server.js
[2026-08-05T17:01:14.386Z] [LOG] üöÄ Server running on http://0.0.0.0:3000
[2026-08-05T17:01:14.387Z] [LOG] === INIZIO PULIZIA AUTOMATICA ARCHIVIO LOTTI ===
[2026-08-05T17:01:14.388Z] [LOG] [BACKEND CLEANUP] Pulizia lotti completata. Rimasti 3 lotti reali.
[2026-08-05T17:01:14.388Z] [LOG] === FINE PULIZIA AUTOMATICA ARCHIVIO LOTTI ===
[2026-08-05T17:01:17.390Z] [LOG] === CARICAMENTO IMPOSTAZIONI DA SUPABASE ALL'AVVIO ===
[2026-08-05T17:01:17.451Z] [LOG] [DEBUG] Syncing settings from Supabase table 'price_rules'...
[2026-08-05T17:01:17.573Z] [ERROR] ‚ö†Ô∏è Errore parsing __settings_json__: Unexpected token 'c', "chunk_0:{""... is not valid JSON
[2026-08-05T17:01:17.575Z] [LOG] [DEBUG] Loaded settings from Supabase successfully (77 keys processed).
[2026-08-05T17:01:17.576Z] [LOG] === INIZIO STANDARDIZZAZIONE DATABASE SUPABASE ===
[2026-08-05T17:01:18.115Z] [LOG] === COMPLETATO STANDARDIZZAZIONE DATABASE SUPABASE ===
[2026-08-05T17:03:52.785Z] [LOG] >>> ENTRATA POST /api/settings
[2026-08-05T17:03:52.787Z] [LOG] Payload ricevuto: {
  "hasSettings": true,
  "targetPairsCount": 0
}
[2026-08-05T17:03:52.789Z] [LOG] [DEBUG] Salvo le impostazioni e regole in modo permanente su Supabase...
[2026-08-05T17:03:52.790Z] [LOG] [DEBUG] Upserting 43 impostazioni/regole in Supabase...
[2026-08-05T17:03:52.924Z] [ERROR] ‚ö†Ô∏è Errore salvataggio impostazioni su Supabase: index row size 3904 exceeds btree version 4 maximum 2704 for index "price_rules_pkey"
[2026-08-05T17:03:52.925Z] [LOG] [DEBUG] Syncing settings from Supabase table 'price_rules'...
[2026-08-05T17:03:52.969Z] [ERROR] ‚ö†Ô∏è Errore parsing __settings_json__: Unexpected token 'c', "chunk_0:{""... is not valid JSON
[2026-08-05T17:03:52.969Z] [LOG] [DEBUG] Loaded settings from Supabase successfully (77 keys processed).
[2026-08-05T17:03:52.970Z] [LOG] <<< USCITA POST /api/settings con successo
[2026-08-05T17:10:52.878Z] [LOG] ‚úÖ File .env caricato correttamente in server.js
[2026-08-05T17:10:52.901Z] [LOG] üöÄ Server running on http://0.0.0.0:3000
[2026-08-05T17:10:52.901Z] [LOG] === INIZIO PULIZIA AUTOMATICA ARCHIVIO LOTTI ===
[2026-08-05T17:10:52.903Z] [LOG] [BACKEND CLEANUP] Pulizia lotti completata. Rimasti 3 lotti reali.
[2026-08-05T17:10:52.903Z] [LOG] === FINE PULIZIA AUTOMATICA ARCHIVIO LOTTI ===
[2026-08-05T17:10:54.075Z] [LOG] >>> ENTRATA GET /api/settings
[2026-08-05T17:10:54.131Z] [LOG] [DEBUG] Syncing price rules from Supabase table 'price_rules'...
[2026-08-05T17:10:55.904Z] [LOG] === CARICAMENTO IMPOSTAZIONI DA SUPABASE ALL'AVVIO ===
[2026-08-05T17:10:55.905Z] [LOG] [DEBUG] Syncing price rules from Supabase table 'price_rules'...
[2026-08-05T17:10:55.983Z] [LOG] === INIZIO STANDARDIZZAZIONE DATABASE SUPABASE ===
[2026-08-05T17:10:56.486Z] [LOG] === COMPLETATO STANDARDIZZAZIONE DATABASE SUPABASE ===
[2026-08-05T17:11:48.837Z] [LOG] ‚úÖ File .env caricato correttamente in server.js
[2026-08-05T17:11:48.858Z] [LOG] üöÄ Server running on http://0.0.0.0:3000
[2026-08-05T17:11:48.859Z] [LOG] === INIZIO PULIZIA AUTOMATICA ARCHIVIO LOTTI ===
[2026-08-05T17:11:48.860Z] [LOG] [BACKEND CLEANUP] Pulizia lotti completata. Rimasti 3 lotti reali.
[2026-08-05T17:11:48.860Z] [LOG] === FINE PULIZIA AUTOMATICA ARCHIVIO LOTTI ===
[2026-08-05T17:11:49.707Z] [LOG] >>> ENTRATA GET /api/settings
[2026-08-05T17:11:49.766Z] [LOG] [DEBUG] Syncing price rules from Supabase table 'price_rules'...
[2026-08-06T10:13:54.456Z] [LOG] ‚úÖ File .env caricato correttamente in server.js
[2026-08-06T10:13:54.481Z] [LOG] üöÄ Server running on http://0.0.0.0:3000
[2026-08-06T10:13:54.481Z] [LOG] === INIZIO PULIZIA AUTOMATICA ARCHIVIO LOTTI ===
[2026-08-06T10:13:54.482Z] [LOG] [BACKEND CLEANUP] Pulizia lotti completata. Rimasti 3 lotti reali.
[2026-08-06T10:13:54.482Z] [LOG] === FINE PULIZIA AUTOMATICA ARCHIVIO LOTTI ===
[2026-08-06T10:13:57.489Z] [LOG] === CARICAMENTO IMPOSTAZIONI DA SUPABASE ALL'AVVIO ===
[2026-08-06T10:13:57.555Z] [LOG] [DEBUG] Syncing price rules from Supabase table 'price_rules'...
[2026-08-06T10:13:58.538Z] [LOG] === INIZIO STANDARDIZZAZIONE DATABASE SUPABASE ===
[2026-08-06T10:13:59.552Z] [LOG] === COMPLETATO STANDARDIZZAZIONE DATABASE SUPABASE ===
[2026-08-06T10:15:10.178Z] [LOG] >>> ENTRATA GET /api/settings
[2026-08-06T10:15:10.179Z] [LOG] [DEBUG] Syncing price rules from Supabase table 'price_rules'...
[2026-08-06T10:15:11.801Z] [LOG] [API /api/products] Successfully loaded 4411 products from Supabase via helper in 1653ms
[2026-08-06T10:19:06.204Z] [LOG] ‚úÖ File .env caricato correttamente in server.js
[2026-08-06T10:19:06.228Z] [LOG] üöÄ Server running on http://0.0.0.0:3000
[2026-08-06T10:19:06.228Z] [LOG] === INIZIO PULIZIA AUTOMATICA ARCHIVIO LOTTI ===
[2026-08-06T10:19:06.229Z] [LOG] [BACKEND CLEANUP] Pulizia lotti completata. Rimasti 3 lotti reali.
[2026-08-06T10:19:06.229Z] [LOG] === FINE PULIZIA AUTOMATICA ARCHIVIO LOTTI ===
[2026-08-06T10:19:09.230Z] [LOG] === CARICAMENTO IMPOSTAZIONI DA SUPABASE ALL'AVVIO ===
[2026-08-06T10:19:09.291Z] [LOG] [DEBUG] Syncing price rules from Supabase table 'price_rules'...
[2026-08-06T10:19:09.496Z] [LOG] === INIZIO STANDARDIZZAZIONE DATABASE SUPABASE ===
[2026-08-06T10:19:10.203Z] [LOG] === COMPLETATO STANDARDIZZAZIONE DATABASE SUPABASE ===
[2026-08-06T10:19:11.889Z] [LOG] >>> ENTRATA GET /api/settings
[2026-08-06T10:19:11.890Z] [LOG] [DEBUG] Syncing price rules from Supabase table 'price_rules'...
[2026-08-06T10:19:12.794Z] [LOG] [API /api/products] Successfully loaded 4411 products from Supabase via helper in 899ms
[2026-08-06T10:41:47.290Z] [LOG] >>> ENTRATA GET /api/settings
[2026-08-06T10:41:47.291Z] [LOG] [DEBUG] Syncing price rules from Supabase table 'price_rules'...
[2026-08-06T10:41:52.668Z] [LOG] >>> ENTRATA GET /api/settings
[2026-08-06T10:41:52.669Z] [LOG] [DEBUG] Syncing price rules from Supabase table 'price_rules'...
[2026-08-06T10:42:29.749Z] [LOG] >>> ENTRATA POST /api/settings
[2026-08-06T10:42:29.752Z] [LOG] Payload ricevuto: {
  "hasSettings": true,
  "targetPairsCount": 0
}
[2026-08-06T10:42:29.753Z] [LOG] [DEBUG] Salvo ESCLUSIVAMENTE le regole prezzi (categoria, target, prezzo) su Supabase...
[2026-08-06T10:42:29.804Z] [LOG] [DEBUG] Upserting 14 regole prezzi in Supabase (senza JSON/metadata)...
[2026-08-06T10:42:29.898Z] [LOG] ‚úÖ Regole prezzi salvate permanentemente su Supabase.
[2026-08-06T10:42:29.899Z] [LOG] [DEBUG] Syncing price rules from Supabase table 'price_rules'...
[2026-08-06T10:42:30.020Z] [LOG] <<< USCITA POST /api/settings con successo
[2026-08-06T10:42:38.007Z] [LOG] >>> ENTRATA GET /api/settings
[2026-08-06T10:42:38.008Z] [LOG] [DEBUG] Syncing price rules from Supabase table 'price_rules'...
[2026-08-06T10:42:38.657Z] [LOG] >>> ENTRATA GET /api/settings
[2026-08-06T10:42:38.657Z] [LOG] [DEBUG] Syncing price rules from Supabase table 'price_rules'...
[2026-08-06T10:42:41.020Z] [LOG] >>> ENTRATA GET /api/settings
[2026-08-06T10:42:41.021Z] [LOG] [DEBUG] Syncing price rules from Supabase table 'price_rules'...
[2026-08-06T10:50:47.063Z] [LOG] ‚úÖ File .env caricato correttamente in server.js
[2026-08-06T10:50:47.086Z] [LOG] üöÄ Server running on http://0.0.0.0:3000
[2026-08-06T10:50:47.086Z] [LOG] === INIZIO PULIZIA AUTOMATICA ARCHIVIO LOTTI ===
[2026-08-06T10:50:47.087Z] [LOG] [BACKEND CLEANUP] Pulizia lotti completata. Rimasti 3 lotti reali.
[2026-08-06T10:50:47.087Z] [LOG] === FINE PULIZIA AUTOMATICA ARCHIVIO LOTTI ===
[2026-08-06T10:50:50.089Z] [LOG] === CARICAMENTO IMPOSTAZIONI DA SUPABASE ALL'AVVIO ===
[2026-08-06T10:50:50.089Z] [LOG] [DEBUG] Syncing price rules from Supabase table 'price_rules'...
[2026-08-06T10:50:50.198Z] [LOG] === INIZIO STANDARDIZZAZIONE DATABASE SUPABASE ===
[2026-08-06T10:50:50.715Z] [LOG] === COMPLETATO STANDARDIZZAZIONE DATABASE SUPABASE ===
[2026-08-06T10:50:54.148Z] [LOG] >>> ENTRATA GET /api/settings
[2026-08-06T10:50:54.148Z] [LOG] [DEBUG] Syncing price rules from Supabase table 'price_rules'...
[2026-08-06T10:50:54.764Z] [LOG] [API /api/products] Successfully loaded 4411 products from Supabase via helper in 622ms
[2026-08-06T10:52:20.354Z] [LOG] >>> ENTRATA GET /api/settings
[2026-08-06T10:52:20.354Z] [LOG] [DEBUG] Syncing price rules from Supabase table 'price_rules'...
[2026-08-06T10:52:22.664Z] [LOG] >>> ENTRATA GET /api/settings
[2026-08-06T10:52:22.664Z] [LOG] [DEBUG] Syncing price rules from Supabase table 'price_rules'...
[2026-08-06T10:53:05.220Z] [LOG] >>> ENTRATA GET /api/settings
[2026-08-06T10:53:05.220Z] [LOG] [DEBUG] Syncing price rules from Supabase table 'price_rules'...
[2026-08-06T11:01:59.758Z] [LOG] ‚úÖ File .env caricato correttamente in server.js
[2026-08-06T11:01:59.779Z] [LOG] üöÄ Server running on http://0.0.0.0:3000
[2026-08-06T11:01:59.779Z] [LOG] === INIZIO PULIZIA AUTOMATICA ARCHIVIO LOTTI ===
[2026-08-06T11:01:59.781Z] [LOG] [BACKEND CLEANUP] Pulizia lotti completata. Rimasti 3 lotti reali.
[2026-08-06T11:01:59.781Z] [LOG] === FINE PULIZIA AUTOMATICA ARCHIVIO LOTTI ===
[2026-08-06T11:02:02.783Z] [LOG] === CARICAMENTO IMPOSTAZIONI DA SUPABASE ALL'AVVIO ===
[2026-08-06T11:02:02.784Z] [LOG] [DEBUG] Syncing price rules from Supabase table 'price_rules'...
[2026-08-06T11:02:02.881Z] [LOG] === INIZIO STANDARDIZZAZIONE DATABASE SUPABASE ===
[2026-08-06T11:02:03.494Z] [LOG] === COMPLETATO STANDARDIZZAZIONE DATABASE SUPABASE ===
[2026-08-06T11:02:06.898Z] [LOG] >>> ENTRATA GET /api/settings
[2026-08-06T11:02:06.898Z] [LOG] [DEBUG] Syncing price rules from Supabase table 'price_rules'...
[2026-08-06T11:02:07.483Z] [LOG] [API /api/products] Successfully loaded 4411 products from Supabase via helper in 583ms
[2026-08-06T11:11:15.922Z] [LOG] >>> ENTRATA GET /api/settings
[2026-08-06T11:11:15.923Z] [LOG] [DEBUG] Syncing price rules from Supabase table 'price_rules'...
[2026-08-06T11:11:17.450Z] [LOG] >>> ENTRATA GET /api/settings
[2026-08-06T11:11:17.450Z] [LOG] [DEBUG] Syncing price rules from Supabase table 'price_rules'...
[2026-08-06T11:11:18.623Z] [LOG] >>> ENTRATA GET /api/settings
[2026-08-06T11:11:18.624Z] [LOG] [DEBUG] Syncing price rules from Supabase table 'price_rules'...
[2026-08-06T11:12:01.783Z] [LOG] >>> ENTRATA POST /api/settings
[2026-08-06T11:12:01.786Z] [LOG] Payload ricevuto: {
  "applyToExisting": true,
  "hasSettings": true,
  "targetPairsCount": 14
}
[2026-08-06T11:12:01.788Z] [LOG] [DEBUG] Salvo ESCLUSIVAMENTE le regole prezzi (categoria, target, prezzo) su Supabase...
[2026-08-06T11:12:01.851Z] [LOG] [DEBUG] Upserting 14 regole prezzi in Supabase (senza JSON/metadata)...
[2026-08-06T11:12:01.939Z] [LOG] ‚úÖ Regole prezzi salvate permanentemente su Supabase.
[2026-08-06T11:12:01.939Z] [LOG] [DEBUG] Syncing price rules from Supabase table 'price_rules'...
[2026-08-06T11:12:02.008Z] [LOG] [DEBUG] Carico le regole prezzi salvate dal database per l'applicazione...
[2026-08-06T11:12:02.901Z] [LOG] 
=================================================
[2026-08-06T11:12:02.901Z] [LOG] RIEPILOGO AGGIORNAMENTO MASSIVO PREZZI (STORED RULES)
[2026-08-06T11:12:02.901Z] [LOG] =================================================
[2026-08-06T11:12:02.902Z] [LOG] Kit Adulto
372 prodotti aggiornati
--------------------------------
Kit Bambino
192 prodotti aggiornati
--------------------------------
Player Adulto
167 prodotti aggiornati
--------------------------------
Player Bambino
0 prodotti aggiornati (nessun prodotto corrispondente)
--------------------------------
Fan Adulto
70 prodotti aggiornati
--------------------------------
Fan Bambino
1 prodotto aggiornato
--------------------------------
Retro Adulto
128 prodotti aggiornati
--------------------------------
Retro Bambino
11 prodotti aggiornati
--------------------------------
Kit Allenamento Adulto
5 prodotti aggiornati
--------------------------------
Kit Allenamento Bambino
2 prodotti aggiornati
--------------------------------
Tuta Adulto
31 prodotti aggiornati
--------------------------------
Tuta Bambino
21 prodotti aggiornati
--------------------------------
Polo Adulto
0 prodotti aggiornati (nessun prodotto corrispondente)
--------------------------------
Polo Bambino
0 prodotti aggiornati (nessun prodotto corrispondente)
--------------------------------
Totale prodotti aggiornati:
1000
[2026-08-06T11:12:02.902Z] [LOG] =================================================

[2026-08-06T11:12:02.902Z] [LOG] <<< USCITA POST /api/settings con successo
[2026-08-06T11:12:03.147Z] [LOG] >>> ENTRATA GET /api/settings
[2026-08-06T11:12:03.148Z] [LOG] [DEBUG] Syncing price rules from Supabase table 'price_rules'...
[2026-08-06T11:12:16.862Z] [LOG] >>> ENTRATA POST /api/settings
[2026-08-06T11:12:16.863Z] [LOG] Payload ricevuto: {
  "applyToExisting": false,
  "hasSettings": true,
  "targetPairsCount": 16
}
[2026-08-06T11:12:16.864Z] [LOG] [DEBUG] Salvo ESCLUSIVAMENTE le regole prezzi (categoria, target, prezzo) su Supabase...
[2026-08-06T11:12:16.900Z] [LOG] [DEBUG] Upserting 16 regole prezzi in Supabase (senza JSON/metadata)...
[2026-08-06T11:12:16.953Z] [LOG] ‚úÖ Regole prezzi salvate permanentemente su Supabase.
[2026-08-06T11:12:16.954Z] [LOG] [DEBUG] Syncing price rules from Supabase table 'price_rules'...
[2026-08-06T11:12:17.027Z] [LOG] <<< USCITA POST /api/settings con successo
[2026-08-06T11:12:22.104Z] [LOG] >>> ENTRATA POST /api/settings
[2026-08-06T11:12:22.104Z] [LOG] Payload ricevuto: {
  "applyToExisting": true,
  "hasSettings": true,
  "targetPairsCount": 16
}
[2026-08-06T11:12:22.105Z] [LOG] [DEBUG] Salvo ESCLUSIVAMENTE le regole prezzi (categoria, target, prezzo) su Supabase...
[2026-08-06T11:12:22.238Z] [LOG] [DEBUG] Upserting 16 regole prezzi in Supabase (senza JSON/metadata)...
[2026-08-06T11:12:22.324Z] [LOG] ‚úÖ Regole prezzi salvate permanentemente su Supabase.
[2026-08-06T11:12:22.324Z] [LOG] [DEBUG] Syncing price rules from Supabase table 'price_rules'...
[2026-08-06T11:12:22.398Z] [LOG] [DEBUG] Carico le regole prezzi salvate dal database per l'applicazione...
[2026-08-06T11:12:23.400Z] [LOG] 
=================================================
[2026-08-06T11:12:23.400Z] [LOG] RIEPILOGO AGGIORNAMENTO MASSIVO PREZZI (STORED RULES)
[2026-08-06T11:12:23.401Z] [LOG] =================================================
[2026-08-06T11:12:23.401Z] [LOG] Kit Adulto
73 prodotti aggiornati
--------------------------------
Kit Bambino
96 prodotti aggiornati
--------------------------------
Player Adulto
156 prodotti aggiornati
--------------------------------
Player Bambino
0 prodotti aggiornati (nessun prodotto corrispondente)
--------------------------------
Fan Adulto
197 prodotti aggiornati
--------------------------------
Fan Bambino
1 prodotto aggiornato
--------------------------------
Retro Adulto
315 prodotti aggiornati
--------------------------------
Retro Bambino
12 prodotti aggiornati
--------------------------------
Kit Allenamento Adulto
17 prodotti aggiornati
--------------------------------
Kit Allenamento Bambino
4 prodotti aggiornati
--------------------------------
Tuta Adulto
93 prodotti aggiornati
--------------------------------
Tuta Bambino
36 prodotti aggiornati
--------------------------------
Polo Adulto
0 prodotti aggiornati (nessun prodotto corrispondente)
--------------------------------
Polo Bambino
0 prodotti aggiornati (nessun prodotto corrispondente)
--------------------------------
Smanicati Adulto
0 prodotti aggiornati (nessun prodotto corrispondente)
--------------------------------
Smanicati Bambino
0 prodotti aggiornati (nessun prodotto corrispondente)
--------------------------------
Totale prodotti aggiornati:
1000
[2026-08-06T11:12:23.401Z] [LOG] =================================================

[2026-08-06T11:12:23.401Z] [LOG] <<< USCITA POST /api/settings con successo
[2026-08-06T11:12:23.655Z] [LOG] >>> ENTRATA GET /api/settings
[2026-08-06T11:12:23.655Z] [LOG] [DEBUG] Syncing price rules from Supabase table 'price_rules'...
[2026-08-06T11:12:37.443Z] [LOG] >>> ENTRATA POST /api/settings
[2026-08-06T11:12:37.444Z] [LOG] Payload ricevuto: {
  "hasSettings": true,
  "targetPairsCount": 0
}
[2026-08-06T11:12:37.445Z] [LOG] [DEBUG] Salvo ESCLUSIVAMENTE le regole prezzi (categoria, target, prezzo) su Supabase...
[2026-08-06T11:12:37.477Z] [LOG] [DEBUG] Upserting 16 regole prezzi in Supabase (senza JSON/metadata)...
[2026-08-06T11:12:37.520Z] [LOG] ‚úÖ Regole prezzi salvate permanentemente su Supabase.
[2026-08-06T11:12:37.521Z] [LOG] [DEBUG] Syncing price rules from Supabase table 'price_rules'...
[2026-08-06T11:12:37.593Z] [LOG] <<< USCITA POST /api/settings con successo
[2026-08-06T11:12:45.113Z] [LOG] >>> ENTRATA GET /api/settings
[2026-08-06T11:12:45.114Z] [LOG] [DEBUG] Syncing price rules from Supabase table 'price_rules'...
[2026-08-06T11:12:45.699Z] [LOG] [API /api/products] Successfully loaded 4411 products from Supabase via helper in 588ms
[2026-08-06T11:13:15.261Z] [LOG] >>> ENTRATA GET /api/settings
[2026-08-06T11:13:15.262Z] [LOG] [DEBUG] Syncing price rules from Supabase table 'price_rules'...
[2026-08-06T11:13:17.996Z] [LOG] >>> ENTRATA GET /api/settings
[2026-08-06T11:13:17.997Z] [LOG] [DEBUG] Syncing price rules from Supabase table 'price_rules'...
[2026-08-06T11:13:32.219Z] [LOG] >>> ENTRATA POST /api/settings
[2026-08-06T11:13:32.220Z] [LOG] Payload ricevuto: {
  "applyToExisting": true,
  "hasSettings": true,
  "targetPairsCount": 16
}
[2026-08-06T11:13:32.221Z] [LOG] [DEBUG] Salvo ESCLUSIVAMENTE le regole prezzi (categoria, target, prezzo) su Supabase...
[2026-08-06T11:13:32.289Z] [LOG] [DEBUG] Upserting 16 regole prezzi in Supabase (senza JSON/metadata)...
[2026-08-06T11:13:32.355Z] [LOG] ‚úÖ Regole prezzi salvate permanentemente su Supabase.
[2026-08-06T11:13:32.356Z] [LOG] [DEBUG] Syncing price rules from Supabase table 'price_rules'...
[2026-08-06T11:13:32.429Z] [LOG] [DEBUG] Carico le regole prezzi salvate dal database per l'applicazione...
[2026-08-06T11:13:33.252Z] [LOG] 
=================================================
[2026-08-06T11:13:33.252Z] [LOG] RIEPILOGO AGGIORNAMENTO MASSIVO PREZZI (STORED RULES)
[2026-08-06T11:13:33.253Z] [LOG] =================================================
[2026-08-06T11:13:33.253Z] [LOG] Kit Adulto
81 prodotti aggiornati
--------------------------------
Kit Bambino
99 prodotti aggiornati
--------------------------------
Player Adulto
155 prodotti aggiornati
--------------------------------
Player Bambino
0 prodotti aggiornati (nessun prodotto corrispondente)
--------------------------------
Fan Adulto
198 prodotti aggiornati
--------------------------------
Fan Bambino
1 prodotto aggiornato
--------------------------------
Retro Adulto
262 prodotti aggiornati
--------------------------------
Retro Bambino
14 prodotti aggiornati
--------------------------------
Kit Allenamento Adulto
21 prodotti aggiornati
--------------------------------
Kit Allenamento Bambino
13 prodotti aggiornati
--------------------------------
Tuta Adulto
105 prodotti aggiornati
--------------------------------
Tuta Bambino
51 prodotti aggiornati
--------------------------------
Polo Adulto
0 prodotti aggiornati (nessun prodotto corrispondente)
--------------------------------
Polo Bambino
0 prodotti aggiornati (nessun prodotto corrispondente)
--------------------------------
Smanicati Adulto
0 prodotti aggiornati (nessun prodotto corrispondente)
--------------------------------
Smanicati Bambino
0 prodotti aggiornati (nessun prodotto corrispondente)
--------------------------------
Totale prodotti aggiornati:
1000
[2026-08-06T11:13:33.253Z] [LOG] =================================================

[2026-08-06T11:13:33.253Z] [LOG] <<< USCITA POST /api/settings con successo
[2026-08-06T11:13:33.516Z] [LOG] >>> ENTRATA GET /api/settings
[2026-08-06T11:13:33.517Z] [LOG] [DEBUG] Syncing price rules from Supabase table 'price_rules'...
[2026-08-06T11:13:58.021Z] [LOG] >>> ENTRATA GET /api/settings
[2026-08-06T11:13:58.021Z] [LOG] [DEBUG] Syncing price rules from Supabase table 'price_rules'...
[2026-08-06T11:13:59.261Z] [LOG] >>> ENTRATA POST /api/settings
[2026-08-06T11:13:59.262Z] [LOG] Payload ricevuto: {
  "applyToExisting": true,
  "hasSettings": true,
  "targetPairsCount": 16
}
[2026-08-06T11:13:59.263Z] [LOG] [DEBUG] Salvo ESCLUSIVAMENTE le regole prezzi (categoria, target, prezzo) su Supabase...
[2026-08-06T11:13:59.326Z] [LOG] [DEBUG] Upserting 16 regole prezzi in Supabase (senza JSON/metadata)...
[2026-08-06T11:13:59.360Z] [LOG] ‚úÖ Regole prezzi salvate permanentemente su Supabase.
[2026-08-06T11:13:59.361Z] [LOG] [DEBUG] Syncing price rules from Supabase table 'price_rules'...
[2026-08-06T11:13:59.427Z] [LOG] [DEBUG] Carico le regole prezzi salvate dal database per l'applicazione...
[2026-08-06T11:14:00.292Z] [LOG] 
=================================================
[2026-08-06T11:14:00.292Z] [LOG] RIEPILOGO AGGIORNAMENTO MASSIVO PREZZI (STORED RULES)
[2026-08-06T11:14:00.292Z] [LOG] =================================================
[2026-08-06T11:14:00.292Z] [LOG] Kit Adulto
422 prodotti aggiornati
--------------------------------
Kit Bambino
262 prodotti aggiornati
--------------------------------
Player Adulto
87 prodotti aggiornati
--------------------------------
Player Bambino
0 prodotti aggiornati (nessun prodotto corrispondente)
--------------------------------
Fan Adulto
60 prodotti aggiornati
--------------------------------
Fan Bambino
1 prodotto aggiornato
--------------------------------
Retro Adulto
77 prodotti aggiornati
--------------------------------
Retro Bambino
27 prodotti aggiornati
--------------------------------
Kit Allenamento Adulto
11 prodotti aggiornati
--------------------------------
Kit Allenamento Bambino
2 prodotti aggiornati
--------------------------------
Tuta Adulto
30 prodotti aggiornati
--------------------------------
Tuta Bambino
21 prodotti aggiornati
--------------------------------
Polo Adulto
0 prodotti aggiornati (nessun prodotto corrispondente)
--------------------------------
Polo Bambino
0 prodotti aggiornati (nessun prodotto corrispondente)
--------------------------------
Smanicati Adulto
0 prodotti aggiornati (nessun prodotto corrispondente)
--------------------------------
Smanicati Bambino
0 prodotti aggiornati (nessun prodotto corrispondente)
--------------------------------
Totale prodotti aggiornati:
1000
[2026-08-06T11:14:00.292Z] [LOG] =================================================

[2026-08-06T11:14:00.292Z] [LOG] <<< USCITA POST /api/settings con successo
[2026-08-06T11:14:00.558Z] [LOG] >>> ENTRATA GET /api/settings
[2026-08-06T11:14:00.559Z] [LOG] [DEBUG] Syncing price rules from Supabase table 'price_rules'...
[2026-08-06T11:14:03.166Z] [LOG] >>> ENTRATA GET /api/settings
[2026-08-06T11:14:03.166Z] [LOG] [DEBUG] Syncing price rules from Supabase table 'price_rules'...
[2026-08-06T11:14:03.741Z] [LOG] [API /api/products] Successfully loaded 4411 products from Supabase via helper in 571ms
[2026-08-06T11:14:31.176Z] [LOG] >>> ENTRATA GET /api/settings
[2026-08-06T11:14:31.176Z] [LOG] [DEBUG] Syncing price rules from Supabase table 'price_rules'...
[2026-08-06T11:14:31.830Z] [LOG] >>> ENTRATA GET /api/settings
[2026-08-06T11:14:31.830Z] [LOG] [DEBUG] Syncing price rules from Supabase table 'price_rules'...
[2026-08-06T11:14:51.685Z] [LOG] >>> ENTRATA GET /api/settings
[2026-08-06T11:14:51.685Z] [LOG] [DEBUG] Syncing price rules from Supabase table 'price_rules'...
[2026-08-06T11:15:02.309Z] [LOG] >>> ENTRATA GET /api/settings
[2026-08-06T11:15:02.309Z] [LOG] [DEBUG] Syncing price rules from Supabase table 'price_rules'...
[2026-08-06T11:15:02.876Z] [LOG] [API /api/products] Successfully loaded 4411 products from Supabase via helper in 564ms
[2026-08-06T11:15:38.714Z] [LOG] >>> ENTRATA GET /api/settings
[2026-08-06T11:15:38.714Z] [LOG] [DEBUG] Syncing price rules from Supabase table 'price_rules'...
[2026-08-06T11:16:03.213Z] [LOG] >>> ENTRATA GET /api/settings
[2026-08-06T11:16:03.213Z] [LOG] [DEBUG] Syncing price rules from Supabase table 'price_rules'...
[2026-08-06T11:16:11.565Z] [LOG] >>> ENTRATA GET /api/settings
[2026-08-06T11:16:11.565Z] [LOG] [DEBUG] Syncing price rules from Supabase table 'price_rules'...
[2026-08-06T11:16:20.903Z] [LOG] >>> ENTRATA GET /api/settings
[2026-08-06T11:16:20.904Z] [LOG] [DEBUG] Syncing price rules from Supabase table 'price_rules'...
[2026-08-06T11:16:21.817Z] [LOG] [API /api/products] Successfully loaded 4411 products from Supabase via helper in 872ms
[2026-08-06T11:16:36.872Z] [LOG] >>> ENTRATA GET /api/settings
[2026-08-06T11:16:36.872Z] [LOG] [DEBUG] Syncing price rules from Supabase table 'price_rules'...
[2026-08-06T11:16:38.115Z] [LOG] >>> ENTRATA GET /api/settings
[2026-08-06T11:16:38.115Z] [LOG] [DEBUG] Syncing price rules from Supabase table 'price_rules'...
[2026-08-06T11:16:45.445Z] [LOG] >>> ENTRATA POST /api/settings
[2026-08-06T11:16:45.447Z] [LOG] Payload ricevuto: {
  "applyToExisting": true,
  "hasSettings": true,
  "targetPairsCount": 16
}
[2026-08-06T11:16:45.448Z] [LOG] [DEBUG] Salvo ESCLUSIVAMENTE le regole prezzi (categoria, target, prezzo) su Supabase...
[2026-08-06T11:16:45.518Z] [LOG] [DEBUG] Upserting 16 regole prezzi in Supabase (senza JSON/metadata)...
[2026-08-06T11:16:45.587Z] [LOG] ‚úÖ Regole prezzi salvate permanentemente su Supabase.
[2026-08-06T11:16:45.588Z] [LOG] [DEBUG] Syncing price rules from Supabase table 'price_rules'...
[2026-08-06T11:16:45.667Z] [LOG] [DEBUG] Carico le regole prezzi salvate dal database per l'applicazione...
[2026-08-06T11:16:46.481Z] [LOG] 
=================================================
[2026-08-06T11:16:46.481Z] [LOG] RIEPILOGO AGGIORNAMENTO MASSIVO PREZZI (STORED RULES)
[2026-08-06T11:16:46.481Z] [LOG] =================================================
[2026-08-06T11:16:46.481Z] [LOG] Kit Adulto
339 prodotti aggiornati
--------------------------------
Kit Bambino
54 prodotti aggiornati
--------------------------------
Player Adulto
102 prodotti aggiornati
--------------------------------
Player Bambino
0 prodotti aggiornati (nessun prodotto corrispondente)
--------------------------------
Fan Adulto
146 prodotti aggiornati
--------------------------------
Fan Bambino
1 prodotto aggiornato
--------------------------------
Retro Adulto
161 prodotti aggiornati
--------------------------------
Retro Bambino
13 prodotti aggiornati
--------------------------------
Kit Allenamento Adulto
17 prodotti aggiornati
--------------------------------
Kit Allenamento Bambino
6 prodotti aggiornati
--------------------------------
Tuta Adulto
83 prodotti aggiornati
--------------------------------
Tuta Bambino
39 prodotti aggiornati
--------------------------------
Polo Adulto
39 prodotti aggiornati
--------------------------------
Polo Bambino
0 prodotti aggiornati (nessun prodotto corrispondente)
--------------------------------
Smanicati Adulto
0 prodotti aggiornati (nessun prodotto corrispondente)
--------------------------------
Smanicati Bambino
0 prodotti aggiornati (nessun prodotto corrispondente)
--------------------------------
Totale prodotti aggiornati:
1000
[2026-08-06T11:16:46.481Z] [LOG] =================================================

[2026-08-06T11:16:46.481Z] [LOG] <<< USCITA POST /api/settings con successo
[2026-08-06T11:16:46.716Z] [LOG] >>> ENTRATA GET /api/settings
[2026-08-06T11:16:46.717Z] [LOG] [DEBUG] Syncing price rules from Supabase table 'price_rules'...
[2026-08-06T11:16:49.597Z] [LOG] >>> ENTRATA GET /api/settings
[2026-08-06T11:16:49.598Z] [LOG] [DEBUG] Syncing price rules from Supabase table 'price_rules'...
[2026-08-06T11:16:50.160Z] [LOG] [API /api/products] Successfully loaded 4411 products from Supabase via helper in 558ms
[2026-08-06T11:17:06.734Z] [LOG] >>> ENTRATA GET /api/settings
[2026-08-06T11:17:06.734Z] [LOG] [DEBUG] Syncing price rules from Supabase table 'price_rules'...
[2026-08-06T11:17:07.572Z] [LOG] >>> ENTRATA GET /api/settings
[2026-08-06T11:17:07.572Z] [LOG] [DEBUG] Syncing price rules from Supabase table 'price_rules'...
[2026-08-06T11:17:09.060Z] [LOG] >>> ENTRATA GET /api/settings
[2026-08-06T11:17:09.060Z] [LOG] [DEBUG] Syncing price rules from Supabase table 'price_rules'...
[2026-08-06T11:17:20.705Z] [LOG] >>> ENTRATA GET /api/settings
[2026-08-06T11:17:20.705Z] [LOG] [DEBUG] Syncing price rules from Supabase table 'price_rules'...
[2026-08-06T11:17:25.222Z] [LOG] >>> ENTRATA GET /api/settings
[2026-08-06T11:17:25.223Z] [LOG] [DEBUG] Syncing price rules from Supabase table 'price_rules'...
[2026-08-06T11:17:32.998Z] [LOG] >>> ENTRATA GET /api/settings
[2026-08-06T11:17:32.998Z] [LOG] [DEBUG] Syncing price rules from Supabase table 'price_rules'...
[2026-08-06T11:17:33.670Z] [LOG] [API /api/products] Successfully loaded 4411 products from Supabase via helper in 666ms
[2026-08-06T11:18:16.580Z] [LOG] >>> ENTRATA GET /api/settings
[2026-08-06T11:18:16.580Z] [LOG] [DEBUG] Syncing price rules from Supabase table 'price_rules'...
[2026-08-06T11:18:18.768Z] [LOG] >>> ENTRATA GET /api/settings
[2026-08-06T11:18:18.768Z] [LOG] [DEBUG] Syncing price rules from Supabase table 'price_rules'...
[2026-08-06T12:01:56.192Z] [LOG] ‚úÖ File .env caricato correttamente in server.js
[2026-08-06T12:01:56.215Z] [LOG] üöÄ Server running on http://0.0.0.0:3000
[2026-08-06T12:01:56.215Z] [LOG] === INIZIO PULIZIA AUTOMATICA ARCHIVIO LOTTI ===
[2026-08-06T12:01:56.216Z] [LOG] [BACKEND CLEANUP] Pulizia lotti completata. Rimasti 3 lotti reali.
[2026-08-06T12:01:56.216Z] [LOG] === FINE PULIZIA AUTOMATICA ARCHIVIO LOTTI ===
[2026-08-06T12:01:59.218Z] [LOG] === CARICAMENTO IMPOSTAZIONI DA SUPABASE ALL'AVVIO ===
[2026-08-06T12:01:59.218Z] [LOG] [DEBUG] Syncing price rules from Supabase table 'price_rules'...
[2026-08-06T12:01:59.345Z] [LOG] === INIZIO STANDARDIZZAZIONE DATABASE SUPABASE ===
[2026-08-06T12:02:00.013Z] [LOG] === COMPLETATO STANDARDIZZAZIONE DATABASE SUPABASE ===
[2026-08-06T12:02:02.060Z] [LOG] >>> ENTRATA GET /api/settings
[2026-08-06T12:02:02.062Z] [LOG] [DEBUG] Syncing price rules from Supabase table 'price_rules'...
[2026-08-06T12:02:02.650Z] [LOG] [API /api/products] Successfully loaded 4411 products from Supabase via helper in 582ms
[2026-08-06T12:05:04.248Z] [LOG] ‚úÖ File .env caricato correttamente in server.js
[2026-08-06T12:05:04.274Z] [LOG] üöÄ Server running on http://0.0.0.0:3000
[2026-08-06T12:05:04.274Z] [LOG] === INIZIO PULIZIA AUTOMATICA ARCHIVIO LOTTI ===
[2026-08-06T12:05:04.275Z] [LOG] [BACKEND CLEANUP] Pulizia lotti completata. Rimasti 3 lotti reali.
[2026-08-06T12:05:04.275Z] [LOG] === FINE PULIZIA AUTOMATICA ARCHIVIO LOTTI ===
[2026-08-06T12:05:07.276Z] [LOG] === CARICAMENTO IMPOSTAZIONI DA SUPABASE ALL'AVVIO ===
[2026-08-06T12:05:07.328Z] [LOG] [DEBUG] Syncing price rules from Supabase table 'price_rules'...
[2026-08-06T12:05:07.581Z] [LOG] === INIZIO STANDARDIZZAZIONE DATABASE SUPABASE ===
[2026-08-06T12:05:08.487Z] [LOG] === COMPLETATO STANDARDIZZAZIONE DATABASE SUPABASE ===
[2026-08-06T12:05:09.762Z] [LOG] ‚úÖ File .env caricato correttamente in server.js
[2026-08-06T12:05:09.786Z] [LOG] üöÄ Server running on http://0.0.0.0:3000
[2026-08-06T12:05:09.786Z] [LOG] === INIZIO PULIZIA AUTOMATICA ARCHIVIO LOTTI ===
[2026-08-06T12:05:09.787Z] [LOG] [BACKEND CLEANUP] Pulizia lotti completata. Rimasti 3 lotti reali.
[2026-08-06T12:05:09.787Z] [LOG] === FINE PULIZIA AUTOMATICA ARCHIVIO LOTTI ===
[2026-08-06T12:05:12.789Z] [LOG] === CARICAMENTO IMPOSTAZIONI DA SUPABASE ALL'AVVIO ===
[2026-08-06T12:05:12.849Z] [LOG] [DEBUG] Syncing price rules from Supabase table 'price_rules'...
[2026-08-06T12:05:13.004Z] [LOG] === INIZIO STANDARDIZZAZIONE DATABASE SUPABASE ===
[2026-08-06T12:05:13.659Z] [LOG] === COMPLETATO STANDARDIZZAZIONE DATABASE SUPABASE ===
[2026-08-06T12:05:16.186Z] [LOG] >>> ENTRATA GET /api/settings
[2026-08-06T12:05:16.187Z] [LOG] [DEBUG] Syncing price rules from Supabase table 'price_rules'...
[2026-08-06T12:05:17.102Z] [LOG] [API /api/products] Successfully loaded 4411 products from Supabase via helper in 925ms
[2026-08-06T12:06:00.255Z] [LOG] >>> ENTRATA GET /api/settings
[2026-08-06T12:06:00.256Z] [LOG] [DEBUG] Syncing price rules from Supabase table 'price_rules'...
[2026-08-06T12:06:01.972Z] [LOG] >>> ENTRATA GET /api/settings
[2026-08-06T12:06:01.973Z] [LOG] [DEBUG] Syncing price rules from Supabase table 'price_rules'...
[2026-08-06T12:12:22.870Z] [LOG] ‚úÖ File .env caricato correttamente in server.js
[2026-08-06T12:12:22.893Z] [LOG] üöÄ Server running on http://0.0.0.0:3000
[2026-08-06T12:12:22.894Z] [LOG] === INIZIO PULIZIA AUTOMATICA ARCHIVIO LOTTI ===
[2026-08-06T12:12:22.894Z] [LOG] [BACKEND CLEANUP] Pulizia lotti completata. Rimasti 3 lotti reali.
[2026-08-06T12:12:22.895Z] [LOG] === FINE PULIZIA AUTOMATICA ARCHIVIO LOTTI ===
[2026-08-06T12:12:25.896Z] [LOG] === CARICAMENTO IMPOSTAZIONI DA SUPABASE ALL'AVVIO ===
[2026-08-06T12:12:25.951Z] [LOG] [DEBUG] Syncing price rules from Supabase table 'price_rules'...
[2026-08-06T12:12:26.181Z] [LOG] === INIZIO STANDARDIZZAZIONE DATABASE SUPABASE ===
[2026-08-06T12:12:27.080Z] [LOG] === COMPLETATO STANDARDIZZAZIONE DATABASE SUPABASE ===
[2026-08-06T12:12:29.040Z] [LOG] >>> ENTRATA GET /api/settings
[2026-08-06T12:12:29.040Z] [LOG] [DEBUG] Syncing price rules from Supabase table 'price_rules'...
[2026-08-06T12:12:29.752Z] [LOG] [API /api/products] Successfully loaded 4411 products from Supabase via helper in 720ms
[2026-08-06T12:12:34.830Z] [LOG] >>> ENTRATA GET /api/settings
[2026-08-06T12:12:34.830Z] [LOG] [DEBUG] Syncing price rules from Supabase table 'price_rules'...
[2026-08-06T12:12:36.597Z] [LOG] >>> ENTRATA GET /api/settings
[2026-08-06T12:12:36.597Z] [LOG] [DEBUG] Syncing price rules from Supabase table 'price_rules'...
[2026-08-06T12:12:39.941Z] [LOG] >>> ENTRATA GET /api/settings
[2026-08-06T12:12:39.942Z] [LOG] [DEBUG] Syncing price rules from Supabase table 'price_rules'...
[2026-08-06T12:13:07.468Z] [LOG] >>> ENTRATA GET /api/settings
[2026-08-06T12:13:07.469Z] [LOG] [DEBUG] Syncing price rules from Supabase table 'price_rules'...
[2026-08-06T12:13:11.863Z] [LOG] >>> ENTRATA GET /api/settings
[2026-08-06T12:13:11.864Z] [LOG] [DEBUG] Syncing price rules from Supabase table 'price_rules'...
[2026-08-06T12:13:30.733Z] [LOG] >>> ENTRATA POST /api/settings
[2026-08-06T12:13:30.736Z] [LOG] Payload ricevuto: {
  "hasSettings": true,
  "targetPairsCount": 0
}
[2026-08-06T12:13:30.736Z] [LOG] [DEBUG] Salvo ESCLUSIVAMENTE le regole prezzi (categoria, target, prezzo) su Supabase...
[2026-08-06T12:13:30.798Z] [LOG] [DEBUG] Upserting 18 regole prezzi in Supabase (senza JSON/metadata)...
[2026-08-06T12:13:30.889Z] [LOG] ‚úÖ Regole prezzi salvate permanentemente su Supabase.
[2026-08-06T12:13:30.890Z] [LOG] [DEBUG] Syncing price rules from Supabase table 'price_rules'...
[2026-08-06T12:13:30.970Z] [LOG] <<< USCITA POST /api/settings con successo
[2026-08-06T12:13:32.510Z] [LOG] >>> ENTRATA POST /api/settings
[2026-08-06T12:13:32.510Z] [LOG] Payload ricevuto: {
  "applyToExisting": false,
  "hasSettings": true,
  "targetPairsCount": 18
}
[2026-08-06T12:13:32.511Z] [LOG] [DEBUG] Salvo ESCLUSIVAMENTE le regole prezzi (categoria, target, prezzo) su Supabase...
[2026-08-06T12:13:32.542Z] [LOG] [DEBUG] Upserting 18 regole prezzi in Supabase (senza JSON/metadata)...
[2026-08-06T12:13:32.595Z] [LOG] ‚úÖ Regole prezzi salvate permanentemente su Supabase.
[2026-08-06T12:13:32.595Z] [LOG] [DEBUG] Syncing price rules from Supabase table 'price_rules'...
[2026-08-06T12:13:32.662Z] [LOG] <<< USCITA POST /api/settings con successo
[2026-08-06T12:13:55.312Z] [LOG] >>> ENTRATA GET /api/settings
[2026-08-06T12:13:55.313Z] [LOG] [DEBUG] Syncing price rules from Supabase table 'price_rules'...
[2026-08-06T12:13:55.888Z] [LOG] [API /api/products] Successfully loaded 4411 products from Supabase via helper in 580ms
[2026-08-06T12:14:08.949Z] [LOG] >>> ENTRATA GET /api/settings
[2026-08-06T12:14:08.950Z] [LOG] [DEBUG] Syncing price rules from Supabase table 'price_rules'...
[2026-08-06T12:14:30.057Z] [LOG] >>> ENTRATA GET /api/settings
[2026-08-06T12:14:30.058Z] [LOG] [DEBUG] Syncing price rules from Supabase table 'price_rules'...
[2026-08-06T12:14:49.889Z] [LOG] >>> ENTRATA GET /api/settings
[2026-08-06T12:14:49.889Z] [LOG] [DEBUG] Syncing price rules from Supabase table 'price_rules'...
[2026-08-06T12:14:50.520Z] [LOG] [API /api/products] Successfully loaded 4411 products from Supabase via helper in 629ms
[2026-08-06T12:15:09.726Z] [LOG] >>> ENTRATA GET /api/settings
[2026-08-06T12:15:09.726Z] [LOG] [DEBUG] Syncing price rules from Supabase table 'price_rules'...
[2026-08-06T12:15:52.587Z] [LOG] >>> ENTRATA GET /api/settings
[2026-08-06T12:15:52.587Z] [LOG] [DEBUG] Syncing price rules from Supabase table 'price_rules'...
[2026-08-06T12:15:57.026Z] [LOG] >>> ENTRATA GET /api/settings
[2026-08-06T12:15:57.027Z] [LOG] [DEBUG] Syncing price rules from Supabase table 'price_rules'...
[2026-08-06T12:16:12.838Z] [LOG] >>> ENTRATA GET /api/settings
[2026-08-06T12:16:12.838Z] [LOG] [DEBUG] Syncing price rules from Supabase table 'price_rules'...
[2026-08-06T12:16:17.513Z] [LOG] >>> ENTRATA GET /api/settings
[2026-08-06T12:16:17.513Z] [LOG] [DEBUG] Syncing price rules from Supabase table 'price_rules'...
[2026-08-06T12:16:21.354Z] [LOG] >>> ENTRATA GET /api/settings
[2026-08-06T12:16:21.355Z] [LOG] [DEBUG] Syncing price rules from Supabase table 'price_rules'...
[2026-08-06T12:16:25.355Z] [LOG] >>> ENTRATA GET /api/settings
[2026-08-06T12:16:25.356Z] [LOG] [DEBUG] Syncing price rules from Supabase table 'price_rules'...
[2026-08-06T12:16:43.476Z] [LOG] >>> ENTRATA GET /api/settings
[2026-08-06T12:16:43.476Z] [LOG] [DEBUG] Syncing price rules from Supabase table 'price_rules'...
[2026-08-06T12:16:47.363Z] [LOG] >>> ENTRATA GET /api/settings
[2026-08-06T12:16:47.363Z] [LOG] [DEBUG] Syncing price rules from Supabase table 'price_rules'...
[2026-08-06T12:16:50.522Z] [LOG] >>> ENTRATA GET /api/settings
[2026-08-06T12:16:50.523Z] [LOG] [DEBUG] Syncing price rules from Supabase table 'price_rules'...
[2026-08-06T12:17:01.777Z] [LOG] >>> ENTRATA GET /api/settings
[2026-08-06T12:17:01.777Z] [LOG] [DEBUG] Syncing price rules from Supabase table 'price_rules'...
[2026-08-06T12:17:07.313Z] [LOG] >>> ENTRATA GET /api/settings
[2026-08-06T12:17:07.313Z] [LOG] [DEBUG] Syncing price rules from Supabase table 'price_rules'...
[2026-08-06T12:17:10.852Z] [LOG] >>> ENTRATA GET /api/settings
[2026-08-06T12:17:10.852Z] [LOG] [DEBUG] Syncing price rules from Supabase table 'price_rules'...
[2026-08-06T12:17:13.576Z] [LOG] >>> ENTRATA GET /api/settings
[2026-08-06T12:17:13.576Z] [LOG] [DEBUG] Syncing price rules from Supabase table 'price_rules'...
[2026-08-06T12:17:28.585Z] [LOG] >>> ENTRATA GET /api/settings
[2026-08-06T12:17:28.586Z] [LOG] [DEBUG] Syncing price rules from Supabase table 'price_rules'...
[2026-08-06T12:17:31.727Z] [LOG] >>> ENTRATA GET /api/settings
[2026-08-06T12:17:31.727Z] [LOG] [DEBUG] Syncing price rules from Supabase table 'price_rules'...
[2026-08-06T12:17:36.219Z] [LOG] >>> ENTRATA GET /api/settings
[2026-08-06T12:17:36.219Z] [LOG] [DEBUG] Syncing price rules from Supabase table 'price_rules'...
[2026-08-06T12:17:40.041Z] [LOG] >>> ENTRATA GET /api/settings
[2026-08-06T12:17:40.041Z] [LOG] [DEBUG] Syncing price rules from Supabase table 'price_rules'...
[2026-08-06T12:17:46.176Z] [LOG] >>> ENTRATA GET /api/settings
[2026-08-06T12:17:46.176Z] [LOG] [DEBUG] Syncing price rules from Supabase table 'price_rules'...
[2026-08-06T12:18:04.253Z] [LOG] >>> ENTRATA GET /api/settings
[2026-08-06T12:18:04.253Z] [LOG] [DEBUG] Syncing price rules from Supabase table 'price_rules'...
[2026-08-06T12:18:12.067Z] [LOG] >>> ENTRATA GET /api/settings
[2026-08-06T12:18:12.068Z] [LOG] [DEBUG] Syncing price rules from Supabase table 'price_rules'...
[2026-08-06T12:18:19.922Z] [LOG] >>> ENTRATA GET /api/settings
[2026-08-06T12:18:19.922Z] [LOG] [DEBUG] Syncing price rules from Supabase table 'price_rules'...
[2026-08-06T12:18:24.198Z] [LOG] >>> ENTRATA GET /api/settings
[2026-08-06T12:18:24.199Z] [LOG] [DEBUG] Syncing price rules from Supabase table 'price_rules'...
[2026-08-06T12:18:34.408Z] [LOG] >>> ENTRATA GET /api/settings
[2026-08-06T12:18:34.408Z] [LOG] [DEBUG] Syncing price rules from Supabase table 'price_rules'...
[2026-08-06T12:18:35.013Z] [LOG] [API /api/products] Successfully loaded 4411 products from Supabase via helper in 611ms
[2026-08-06T12:18:59.263Z] [LOG] >>> ENTRATA GET /api/settings
[2026-08-06T12:18:59.265Z] [LOG] [DEBUG] Syncing price rules from Supabase table 'price_rules'...
[2026-08-06T12:19:47.196Z] [LOG] >>> ENTRATA GET /api/settings
[2026-08-06T12:19:47.196Z] [LOG] [DEBUG] Syncing price rules from Supabase table 'price_rules'...
[2026-08-06T12:19:55.504Z] [LOG] >>> ENTRATA GET /api/settings
[2026-08-06T12:19:55.505Z] [LOG] [DEBUG] Syncing price rules from Supabase table 'price_rules'...
[2026-08-06T12:19:59.607Z] [LOG] >>> ENTRATA GET /api/settings
[2026-08-06T12:19:59.607Z] [LOG] [DEBUG] Syncing price rules from Supabase table 'price_rules'...
[2026-08-06T12:20:03.583Z] [LOG] >>> ENTRATA GET /api/settings
[2026-08-06T12:20:03.584Z] [LOG] [DEBUG] Syncing price rules from Supabase table 'price_rules'...
[2026-08-06T12:20:07.013Z] [LOG] >>> ENTRATA GET /api/settings
[2026-08-06T12:20:07.013Z] [LOG] [DEBUG] Syncing price rules from Supabase table 'price_rules'...
[2026-08-06T12:20:09.566Z] [LOG] >>> ENTRATA GET /api/settings
[2026-08-06T12:20:09.567Z] [LOG] [DEBUG] Syncing price rules from Supabase table 'price_rules'...
[2026-08-06T12:20:12.090Z] [LOG] >>> ENTRATA GET /api/settings
[2026-08-06T12:20:12.091Z] [LOG] [DEBUG] Syncing price rules from Supabase table 'price_rules'...
[2026-08-06T12:20:20.323Z] [LOG] >>> ENTRATA GET /api/settings
[2026-08-06T12:20:20.323Z] [LOG] [DEBUG] Syncing price rules from Supabase table 'price_rules'...
[2026-08-06T12:20:35.524Z] [LOG] >>> ENTRATA GET /api/settings
[2026-08-06T12:20:35.525Z] [LOG] [DEBUG] Syncing price rules from Supabase table 'price_rules'...
[2026-08-06T12:22:32.296Z] [LOG] >>> ENTRATA GET /api/settings
[2026-08-06T12:22:32.297Z] [LOG] [DEBUG] Syncing price rules from Supabase table 'price_rules'...
[2026-08-06T12:23:00.645Z] [LOG] >>> ENTRATA GET /api/settings
[2026-08-06T12:23:00.645Z] [LOG] [DEBUG] Syncing price rules from Supabase table 'price_rules'...
[2026-08-06T12:24:29.267Z] [LOG] >>> ENTRATA POST /api/settings
[2026-08-06T12:24:29.269Z] [LOG] Payload ricevuto: {
  "hasSettings": true,
  "targetPairsCount": 0
}
[2026-08-06T12:24:29.269Z] [LOG] [DEBUG] Salvo ESCLUSIVAMENTE le regole prezzi (categoria, target, prezzo) su Supabase...
[2026-08-06T12:24:29.343Z] [LOG] [DEBUG] Upserting 18 regole prezzi in Supabase (senza JSON/metadata)...
[2026-08-06T12:24:29.539Z] [LOG] ‚úÖ Regole prezzi salvate permanentemente su Supabase.
[2026-08-06T12:24:29.540Z] [LOG] [DEBUG] Syncing price rules from Supabase table 'price_rules'...
[2026-08-06T12:24:29.712Z] [LOG] <<< USCITA POST /api/settings con successo
[2026-08-06T12:24:57.038Z] [LOG] >>> ENTRATA GET /api/settings
[2026-08-06T12:24:57.038Z] [LOG] [DEBUG] Syncing price rules from Supabase table 'price_rules'...
[2026-08-06T12:24:58.086Z] [LOG] [API /api/products] Successfully loaded 4411 products from Supabase via helper in 1052ms
[2026-08-06T12:25:44.175Z] [LOG] >>> ENTRATA GET /api/settings
[2026-08-06T12:25:44.175Z] [LOG] [DEBUG] Syncing price rules from Supabase table 'price_rules'...
[2026-08-06T12:25:45.317Z] [LOG] >>> ENTRATA GET /api/settings
[2026-08-06T12:25:45.317Z] [LOG] [DEBUG] Syncing price rules from Supabase table 'price_rules'...
[2026-08-06T12:25:46.767Z] [LOG] >>> ENTRATA GET /api/settings
[2026-08-06T12:25:46.767Z] [LOG] [DEBUG] Syncing price rules from Supabase table 'price_rules'...
[2026-08-06T12:32:03.684Z] [LOG] ‚úÖ File .env caricato correttamente in server.js
[2026-08-06T12:32:03.707Z] [LOG] üöÄ Server running on http://0.0.0.0:3000
[2026-08-06T12:32:03.708Z] [LOG] === INIZIO PULIZIA AUTOMATICA ARCHIVIO LOTTI ===
[2026-08-06T12:32:03.708Z] [LOG] [BACKEND CLEANUP] Pulizia lotti completata. Rimasti 3 lotti reali.
[2026-08-06T12:32:03.708Z] [LOG] === FINE PULIZIA AUTOMATICA ARCHIVIO LOTTI ===
[2026-08-06T12:32:06.709Z] [LOG] === CARICAMENTO IMPOSTAZIONI DA SUPABASE ALL'AVVIO ===
[2026-08-06T12:32:06.710Z] [LOG] [DEBUG] Syncing price rules from Supabase table 'price_rules'...
[2026-08-06T12:32:06.826Z] [LOG] === INIZIO STANDARDIZZAZIONE DATABASE SUPABASE ===
[2026-08-06T12:32:07.811Z] [LOG] === COMPLETATO STANDARDIZZAZIONE DATABASE SUPABASE ===
[2026-08-06T12:32:09.489Z] [LOG] >>> ENTRATA GET /api/settings
[2026-08-06T12:32:09.489Z] [LOG] [DEBUG] Syncing price rules from Supabase table 'price_rules'...
[2026-08-06T12:32:10.067Z] [LOG] [API /api/products] Successfully loaded 4411 products from Supabase via helper in 579ms
[2026-08-06T12:46:24.788Z] [LOG] >>> ENTRATA GET /api/settings
[2026-08-06T12:46:24.788Z] [LOG] [DEBUG] Syncing price rules from Supabase table 'price_rules'...
[2026-08-06T12:46:26.840Z] [LOG] >>> ENTRATA GET /api/settings
[2026-08-06T12:46:26.841Z] [LOG] [DEBUG] Syncing price rules from Supabase table 'price_rules'...
[2026-08-06T12:46:27.932Z] [LOG] >>> ENTRATA GET /api/settings
[2026-08-06T12:46:27.933Z] [LOG] [DEBUG] Syncing price rules from Supabase table 'price_rules'...
[2026-08-06T12:47:10.262Z] [LOG] >>> ENTRATA GET /api/settings
[2026-08-06T12:47:10.262Z] [LOG] [DEBUG] Syncing price rules from Supabase table 'price_rules'...
[2026-08-06T12:51:07.027Z] [LOG] ‚úÖ File .env caricato correttamente in server.js
[2026-08-06T12:51:07.059Z] [LOG] üöÄ Server running on http://0.0.0.0:3000
[2026-08-06T12:51:07.059Z] [LOG] === INIZIO PULIZIA AUTOMATICA ARCHIVIO LOTTI ===
[2026-08-06T12:51:07.060Z] [LOG] [BACKEND CLEANUP] Pulizia lotti completata. Rimasti 3 lotti reali.
[2026-08-06T12:51:07.060Z] [LOG] === FINE PULIZIA AUTOMATICA ARCHIVIO LOTTI ===
[2026-08-06T12:51:10.062Z] [LOG] === CARICAMENTO IMPOSTAZIONI DA SUPABASE ALL'AVVIO ===
[2026-08-06T12:51:10.133Z] [LOG] [DEBUG] Syncing price rules from Supabase table 'price_rules'...
[2026-08-06T12:51:10.314Z] [LOG] === INIZIO STANDARDIZZAZIONE DATABASE SUPABASE ===
[2026-08-06T12:51:11.405Z] [LOG] === COMPLETATO STANDARDIZZAZIONE DATABASE SUPABASE ===
[2026-08-06T12:51:13.795Z] [LOG] >>> ENTRATA GET /api/settings
[2026-08-06T12:51:13.796Z] [LOG] [DEBUG] Syncing price rules from Supabase table 'price_rules'...
[2026-08-06T12:51:14.357Z] [LOG] [API /api/products] Successfully loaded 4411 products from Supabase via helper in 557ms
[2026-08-06T12:51:19.184Z] [LOG] >>> ENTRATA GET /api/settings
[2026-08-06T12:51:19.185Z] [LOG] [DEBUG] Syncing price rules from Supabase table 'price_rules'...
[2026-08-06T12:51:20.234Z] [LOG] >>> ENTRATA GET /api/settings
[2026-08-06T12:51:20.234Z] [LOG] [DEBUG] Syncing price rules from Supabase table 'price_rules'...
[2026-08-06T12:51:21.536Z] [LOG] >>> ENTRATA GET /api/settings
[2026-08-06T12:51:21.537Z] [LOG] [DEBUG] Syncing price rules from Supabase table 'price_rules'...
[2026-08-06T12:52:18.107Z] [LOG] >>> ENTRATA GET /api/settings
[2026-08-06T12:52:18.108Z] [LOG] [DEBUG] Syncing price rules from Supabase table 'price_rules'...
[2026-08-06T12:52:19.174Z] [LOG] [API /api/products] Successfully loaded 4411 products from Supabase via helper in 1070ms
[2026-08-06T12:52:32.349Z] [LOG] >>> ENTRATA GET /api/settings
[2026-08-06T12:52:32.349Z] [LOG] [DEBUG] Syncing price rules from Supabase table 'price_rules'...
[2026-08-06T12:52:33.214Z] [LOG] >>> ENTRATA GET /api/settings
[2026-08-06T12:52:33.215Z] [LOG] [DEBUG] Syncing price rules from Supabase table 'price_rules'...
[2026-08-06T12:52:34.774Z] [LOG] >>> ENTRATA GET /api/settings
[2026-08-06T12:52:34.774Z] [LOG] [DEBUG] Syncing price rules from Supabase table 'price_rules'...
[2026-08-06T12:56:53.283Z] [LOG] >>> ENTRATA GET /api/settings
[2026-08-06T12:56:53.284Z] [LOG] [DEBUG] Syncing price rules from Supabase table 'price_rules'...
[2026-08-06T13:02:47.386Z] [LOG] ‚úÖ File .env caricato correttamente in server.js
[2026-08-06T13:02:47.425Z] [LOG] üöÄ Server running on http://0.0.0.0:3000
[2026-08-06T13:02:47.426Z] [LOG] === INIZIO PULIZIA AUTOMATICA ARCHIVIO LOTTI ===
[2026-08-06T13:02:47.426Z] [LOG] [BACKEND CLEANUP] Pulizia lotti completata. Rimasti 3 lotti reali.
[2026-08-06T13:02:47.426Z] [LOG] === FINE PULIZIA AUTOMATICA ARCHIVIO LOTTI ===
[2026-08-06T13:02:50.428Z] [LOG] === CARICAMENTO IMPOSTAZIONI DA SUPABASE ALL'AVVIO ===
[2026-08-06T13:02:50.491Z] [LOG] [DEBUG] Syncing price rules from Supabase table 'price_rules'...
[2026-08-06T13:02:50.741Z] [LOG] === INIZIO STANDARDIZZAZIONE DATABASE SUPABASE ===
[2026-08-06T13:02:51.632Z] [LOG] === COMPLETATO STANDARDIZZAZIONE DATABASE SUPABASE ===
[2026-08-06T13:02:54.384Z] [LOG] >>> ENTRATA GET /api/settings
[2026-08-06T13:02:54.384Z] [LOG] [DEBUG] Syncing price rules from Supabase table 'price_rules'...
[2026-08-06T13:02:55.148Z] [LOG] [API /api/products] Successfully loaded 4389 products from Supabase via helper in 762ms
[2026-08-06T13:03:02.170Z] [LOG] >>> ENTRATA GET /api/settings
[2026-08-06T13:03:02.170Z] [LOG] [DEBUG] Syncing price rules from Supabase table 'price_rules'...
[2026-08-06T13:03:04.650Z] [LOG] >>> ENTRATA GET /api/settings
[2026-08-06T13:03:04.650Z] [LOG] [DEBUG] Syncing price rules from Supabase table 'price_rules'...
[2026-08-06T13:03:08.970Z] [LOG] >>> ENTRATA GET /api/settings
[2026-08-06T13:03:08.971Z] [LOG] [DEBUG] Syncing price rules from Supabase table 'price_rules'...
[2026-08-06T13:08:50.045Z] [LOG] >>> ENTRATA GET /api/settings
[2026-08-06T13:08:50.045Z] [LOG] [DEBUG] Syncing price rules from Supabase table 'price_rules'...
[2026-08-06T13:08:50.841Z] [LOG] [API /api/products] Successfully loaded 4389 products from Supabase via helper in 794ms
[2026-08-06T13:09:21.689Z] [LOG] >>> ENTRATA GET /api/settings
[2026-08-06T13:09:21.689Z] [LOG] [DEBUG] Syncing price rules from Supabase table 'price_rules'...
[2026-08-06T13:09:22.793Z] [LOG] >>> ENTRATA GET /api/settings
[2026-08-06T13:09:22.794Z] [LOG] [DEBUG] Syncing price rules from Supabase table 'price_rules'...
[2026-08-06T13:09:23.985Z] [LOG] >>> ENTRATA GET /api/settings
[2026-08-06T13:09:23.985Z] [LOG] [DEBUG] Syncing price rules from Supabase table 'price_rules'...
[2026-08-06T13:09:30.532Z] [LOG] >>> ENTRATA GET /api/settings
[2026-08-06T13:09:30.533Z] [LOG] [DEBUG] Syncing price rules from Supabase table 'price_rules'...
[2026-08-06T13:09:31.177Z] [LOG] [API /api/products] Successfully loaded 4389 products from Supabase via helper in 639ms
[2026-08-06T13:09:37.499Z] [LOG] >>> ENTRATA GET /api/settings
[2026-08-06T13:09:37.499Z] [LOG] [DEBUG] Syncing price rules from Supabase table 'price_rules'...
[2026-08-06T13:09:38.427Z] [LOG] >>> ENTRATA GET /api/settings
[2026-08-06T13:09:38.428Z] [LOG] [DEBUG] Syncing price rules from Supabase table 'price_rules'...
[2026-08-06T13:09:39.818Z] [LOG] >>> ENTRATA GET /api/settings
[2026-08-06T13:09:39.818Z] [LOG] [DEBUG] Syncing price rules from Supabase table 'price_rules'...
[2026-08-06T13:27:10.567Z] [LOG] ‚úÖ File .env caricato correttamente in server.js
[2026-08-06T13:27:16.197Z] [LOG] >>> ENTRATA GET /api/settings
[2026-08-06T13:27:16.197Z] [LOG] [DEBUG] Syncing price rules from Supabase table 'price_rules'...
[2026-08-06T13:27:31.227Z] [LOG] ‚úÖ File .env caricato correttamente in server.js
[2026-08-06T13:27:31.253Z] [LOG] üöÄ Server running on http://0.0.0.0:3000
[2026-08-06T13:27:31.253Z] [LOG] === INIZIO PULIZIA AUTOMATICA ARCHIVIO LOTTI ===
[2026-08-06T13:27:31.254Z] [LOG] [BACKEND CLEANUP] Pulizia lotti completata. Rimasti 3 lotti reali.
[2026-08-06T13:27:31.254Z] [LOG] === FINE PULIZIA AUTOMATICA ARCHIVIO LOTTI ===
[2026-08-06T13:27:34.255Z] [LOG] === CARICAMENTO IMPOSTAZIONI DA SUPABASE ALL'AVVIO ===
[2026-08-06T13:27:34.313Z] [LOG] [DEBUG] Caricamento configurazione catalogo da Supabase (tabella 'catalog_settings')...
[2026-08-06T13:27:34.419Z] [LOG] >>> ENTRATA GET /api/settings
[2026-08-06T13:27:34.419Z] [LOG] [DEBUG] Caricamento configurazione catalogo da Supabase (tabella 'catalog_settings')...
[2026-08-06T13:27:34.444Z] [LOG] [DEBUG] Rilevate chiavi mancanti o vuote in 'catalog_settings': [categorie, filtriCatalogo, regoleImportazioneJson]. Avvio migrazione automatica da settings.json...
[2026-08-06T13:27:34.507Z] [LOG] ‚úÖ Migrazione automatica in 'catalog_settings' completata con successo su Supabase!
[2026-08-06T13:27:34.507Z] [LOG] [DEBUG] Syncing price rules from Supabase table 'price_rules'...
[2026-08-06T13:27:34.518Z] [LOG] [DEBUG] Syncing price rules from Supabase table 'price_rules'...
[2026-08-06T13:27:34.604Z] [LOG] === INIZIO STANDARDIZZAZIONE DATABASE SUPABASE ===
[2026-08-06T13:27:35.442Z] [LOG] === COMPLETATO STANDARDIZZAZIONE DATABASE SUPABASE ===
[2026-08-06T13:27:44.352Z] [LOG] >>> ENTRATA GET /api/settings
[2026-08-06T13:27:44.353Z] [LOG] [DEBUG] Caricamento configurazione catalogo da Supabase (tabella 'catalog_settings')...
[2026-08-06T13:27:44.431Z] [LOG] [DEBUG] Syncing price rules from Supabase table 'price_rules'...
[2026-08-06T13:27:44.564Z] [LOG] >>> ENTRATA POST /api/settings
[2026-08-06T13:27:44.565Z] [LOG] Payload ricevuto: {
  "hasSettings": true,
  "targetPairsCount": 0
}
[2026-08-06T13:27:44.565Z] [LOG] [DEBUG] Salvo la configurazione catalogo (categorie, filtriCatalogo, regoleImportazioneJson) su Supabase tabella 'catalog_settings'...
[2026-08-06T13:27:44.612Z] [LOG] ‚úÖ Configurazione catalogo salvata con successo in 'catalog_settings' su Supabase.
[2026-08-06T13:27:44.612Z] [LOG] [DEBUG] Salvo le regole prezzi (categoria, target, prezzo) su Supabase...
[2026-08-06T13:27:44.645Z] [LOG] [DEBUG] Upserting 18 regole prezzi in Supabase...
[2026-08-06T13:27:44.702Z] [LOG] ‚úÖ Regole prezzi salvate permanentemente su Supabase.
[2026-08-06T13:27:44.702Z] [LOG] [DEBUG] Caricamento configurazione catalogo da Supabase (tabella 'catalog_settings')...
[2026-08-06T13:27:44.738Z] [LOG] [DEBUG] Syncing price rules from Supabase table 'price_rules'...
[2026-08-06T13:27:44.812Z] [LOG] <<< USCITA POST /api/settings con successo
[2026-08-06T13:28:02.118Z] [LOG] ‚úÖ File .env caricato correttamente in server.js
[2026-08-06T13:28:02.140Z] [LOG] üöÄ Server running on http://0.0.0.0:3000
[2026-08-06T13:28:02.140Z] [LOG] === INIZIO PULIZIA AUTOMATICA ARCHIVIO LOTTI ===
[2026-08-06T13:28:02.141Z] [LOG] [BACKEND CLEANUP] Pulizia lotti completata. Rimasti 3 lotti reali.
[2026-08-06T13:28:02.141Z] [LOG] === FINE PULIZIA AUTOMATICA ARCHIVIO LOTTI ===
[2026-08-06T13:28:05.142Z] [LOG] === CARICAMENTO IMPOSTAZIONI DA SUPABASE ALL'AVVIO ===
[2026-08-06T13:28:05.207Z] [LOG] [DEBUG] Caricamento configurazione catalogo da Supabase (tabella 'catalog_settings')...
[2026-08-06T13:28:05.390Z] [LOG] [DEBUG] Syncing price rules from Supabase table 'price_rules'...
[2026-08-06T13:28:05.508Z] [LOG] === INIZIO STANDARDIZZAZIONE DATABASE SUPABASE ===
[2026-08-06T13:28:06.142Z] [LOG] === COMPLETATO STANDARDIZZAZIONE DATABASE SUPABASE ===
[2026-08-06T13:28:09.254Z] [LOG] >>> ENTRATA GET /api/settings
[2026-08-06T13:28:09.255Z] [LOG] [DEBUG] Caricamento configurazione catalogo da Supabase (tabella 'catalog_settings')...
[2026-08-06T13:28:09.295Z] [LOG] [DEBUG] Syncing price rules from Supabase table 'price_rules'...
[2026-08-06T13:28:09.739Z] [LOG] [API /api/products] Successfully loaded 4389 products from Supabase via helper in 482ms
[2026-08-06T13:33:23.531Z] [LOG] ‚úÖ File .env caricato correttamente in server.js
[2026-08-06T13:33:23.557Z] [LOG] üöÄ Server running on http://0.0.0.0:3000
[2026-08-06T13:33:23.558Z] [LOG] === INIZIO PULIZIA AUTOMATICA ARCHIVIO LOTTI ===
[2026-08-06T13:33:23.558Z] [LOG] [BACKEND CLEANUP] Pulizia lotti completata. Rimasti 3 lotti reali.
[2026-08-06T13:33:23.559Z] [LOG] === FINE PULIZIA AUTOMATICA ARCHIVIO LOTTI ===
[2026-08-06T13:33:25.082Z] [LOG] >>> ENTRATA GET /api/settings
[2026-08-06T13:33:25.136Z] [LOG] [DEBUG] Caricamento configurazione catalogo da Supabase (tabella 'catalog_settings')...
[2026-08-06T13:33:25.275Z] [LOG] [DEBUG] Syncing price rules from Supabase table 'price_rules'...
[2026-08-06T13:33:25.411Z] [LOG] >>> ENTRATA POST /api/settings
[2026-08-06T13:33:25.412Z] [LOG] Payload ricevuto: {
  "hasSettings": true,
  "targetPairsCount": 0
}
[2026-08-06T13:33:25.413Z] [LOG] [DEBUG] Salvo la configurazione catalogo (categorie, filtriCatalogo, regoleImportazioneJson) su Supabase tabella 'catalog_settings'...
[2026-08-06T13:33:25.472Z] [LOG] ‚úÖ Configurazione catalogo salvata con successo in 'catalog_settings' su Supabase.
[2026-08-06T13:33:25.472Z] [LOG] [DEBUG] Salvo le regole prezzi (categoria, target, prezzo) su Supabase...
[2026-08-06T13:33:25.519Z] [LOG] [DEBUG] Upserting 18 regole prezzi in Supabase...
[2026-08-06T13:33:25.565Z] [LOG] ‚úÖ Regole prezzi salvate permanentemente su Supabase.
[2026-08-06T13:33:25.565Z] [LOG] [DEBUG] Caricamento configurazione catalogo da Supabase (tabella 'catalog_settings')...
[2026-08-06T13:33:25.605Z] [LOG] [DEBUG] Syncing price rules from Supabase table 'price_rules'...
[2026-08-06T13:33:25.726Z] [LOG] <<< USCITA POST /api/settings con successo
[2026-08-08T11:12:43.998Z] [LOG] ‚úÖ File .env caricato correttamente in server.js
[2026-08-08T11:12:44.021Z] [LOG] üöÄ Server running on http://0.0.0.0:3000
[2026-08-08T11:12:44.021Z] [LOG] === INIZIO PULIZIA AUTOMATICA ARCHIVIO LOTTI ===
[2026-08-08T11:12:44.022Z] [LOG] [BACKEND CLEANUP] Pulizia lotti completata. Rimasti 3 lotti reali.
[2026-08-08T11:12:44.022Z] [LOG] === FINE PULIZIA AUTOMATICA ARCHIVIO LOTTI ===
[2026-08-08T11:12:47.024Z] [LOG] === CARICAMENTO IMPOSTAZIONI DA SUPABASE ALL'AVVIO ===
[2026-08-08T11:12:47.089Z] [LOG] [DEBUG] Caricamento configurazione catalogo da Supabase (tabella 'catalog_settings')...
[2026-08-08T11:12:47.244Z] [LOG] [DEBUG] Syncing price rules from Supabase table 'price_rules'...
[2026-08-08T11:12:47.437Z] [LOG] === INIZIO STANDARDIZZAZIONE DATABASE SUPABASE ===
[2026-08-08T11:12:47.959Z] [LOG] >>> ENTRATA GET /api/settings
[2026-08-08T11:12:47.960Z] [LOG] [DEBUG] Caricamento configurazione catalogo da Supabase (tabella 'catalog_settings')...
[2026-08-08T11:12:48.028Z] [LOG] === COMPLETATO STANDARDIZZAZIONE DATABASE SUPABASE ===
[2026-08-08T11:12:48.062Z] [LOG] [DEBUG] Syncing price rules from Supabase table 'price_rules'...
[2026-08-08T11:12:48.456Z] [LOG] [API /api/products] Successfully loaded 4448 products from Supabase via helper in 561ms
[2026-08-08T11:14:00.906Z] [LOG] >>> ENTRATA GET /api/settings
[2026-08-08T11:14:00.907Z] [LOG] [DEBUG] Caricamento configurazione catalogo da Supabase (tabella 'catalog_settings')...
[2026-08-08T11:14:00.941Z] [LOG] [DEBUG] Syncing price rules from Supabase table 'price_rules'...
[2026-08-08T11:14:09.728Z] [LOG] >>> ENTRATA GET /api/settings
[2026-08-08T11:14:09.729Z] [LOG] [DEBUG] Caricamento configurazione catalogo da Supabase (tabella 'catalog_settings')...
[2026-08-08T11:14:09.763Z] [LOG] [DEBUG] Syncing price rules from Supabase table 'price_rules'...
[2026-08-08T11:22:11.087Z] [LOG] ‚úÖ File .env caricato correttamente in server.js
[2026-08-08T11:22:11.109Z] [LOG] üöÄ Server running on http://0.0.0.0:3000
[2026-08-08T11:22:11.109Z] [LOG] === INIZIO PULIZIA AUTOMATICA ARCHIVIO LOTTI ===
[2026-08-08T11:22:11.110Z] [LOG] [BACKEND CLEANUP] Pulizia lotti completata. Rimasti 3 lotti reali.
[2026-08-08T11:22:11.110Z] [LOG] === FINE PULIZIA AUTOMATICA ARCHIVIO LOTTI ===
[2026-08-08T11:22:14.112Z] [LOG] === CARICAMENTO IMPOSTAZIONI DA SUPABASE ALL'AVVIO ===
[2026-08-08T11:22:14.167Z] [LOG] [DEBUG] Caricamento configurazione catalogo da Supabase (tabella 'catalog_settings')...
[2026-08-08T11:22:14.273Z] [LOG] [DEBUG] Syncing price rules from Supabase table 'price_rules'...
[2026-08-08T11:22:14.411Z] [LOG] === INIZIO STANDARDIZZAZIONE DATABASE SUPABASE ===
[2026-08-08T11:22:15.049Z] [LOG] === COMPLETATO STANDARDIZZAZIONE DATABASE SUPABASE ===
[2026-08-08T11:22:35.387Z] [LOG] [COUPONS] Inserimento nuovo coupon 'TESTPROMO_5601' su Supabase...
[2026-08-08T11:22:35.471Z] [ERROR] ‚ö†Ô∏è Errore INSERT coupon su Supabase: {
  "message": "new row for relation \"coupons\" violates check constraint \"coupons_type_check\"",
  "code": "23514",
  "details": "Failing row contains (1, TESTPROMO_5601, TESTPROMO_5601, null, percentuale, 15.00, t, 50, 0, f, f, f, 0.00, null, f, null, null, all, [], [], 0, null, 2026-08-08 11:22:35.387+00, 2026-08-08 11:22:35.387+00).",
  "hint": null
}
[2026-08-08T11:22:35.471Z] [ERROR] ‚ö†Ô∏è Errore POST /api/coupons: Errore inserimento Supabase: new row for relation "coupons" violates check constraint "coupons_type_check"
[2026-08-08T11:23:11.399Z] [LOG] ‚úÖ File .env caricato correttamente in server.js
[2026-08-08T11:23:11.427Z] [LOG] üöÄ Server running on http://0.0.0.0:3000
[2026-08-08T11:23:11.427Z] [LOG] === INIZIO PULIZIA AUTOMATICA ARCHIVIO LOTTI ===
[2026-08-08T11:23:11.428Z] [LOG] [BACKEND CLEANUP] Pulizia lotti completata. Rimasti 3 lotti reali.
[2026-08-08T11:23:11.428Z] [LOG] === FINE PULIZIA AUTOMATICA ARCHIVIO LOTTI ===
[2026-08-08T11:23:12.857Z] [LOG] [COUPONS] Inserimento nuovo coupon 'TESTPROMO_6850' su Supabase...
[2026-08-08T11:23:13.197Z] [LOG] [COUPONS] Aggiornamento coupon ID 19 su Supabase...
[2026-08-08T11:23:13.404Z] [LOG] [COUPONS] Inserimento nuovo coupon 'TESTPROMO_6850_COPIA' su Supabase...
[2026-08-08T11:23:13.486Z] [LOG] [COUPONS] Eliminazione coupon ID 20 da Supabase...
[2026-08-08T11:23:13.609Z] [LOG] [COUPONS] Eliminazione coupon ID 19 da Supabase...
[2026-08-08T11:23:14.429Z] [LOG] === CARICAMENTO IMPOSTAZIONI DA SUPABASE ALL'AVVIO ===
[2026-08-08T11:23:14.430Z] [LOG] [DEBUG] Caricamento configurazione catalogo da Supabase (tabella 'catalog_settings')...
[2026-08-08T11:23:14.463Z] [LOG] [DEBUG] Syncing price rules from Supabase table 'price_rules'...
[2026-08-08T11:23:14.525Z] [LOG] === INIZIO STANDARDIZZAZIONE DATABASE SUPABASE ===
[2026-08-08T11:23:15.053Z] [LOG] === COMPLETATO STANDARDIZZAZIONE DATABASE SUPABASE ===
[2026-08-08T11:23:33.330Z] [LOG] ‚úÖ File .env caricato correttamente in server.js
[2026-08-08T11:23:33.352Z] [LOG] üöÄ Server running on http://0.0.0.0:3000
[2026-08-08T11:23:33.352Z] [LOG] === INIZIO PULIZIA AUTOMATICA ARCHIVIO LOTTI ===
[2026-08-08T11:23:33.353Z] [LOG] [BACKEND CLEANUP] Pulizia lotti completata. Rimasti 3 lotti reali.
[2026-08-08T11:23:33.353Z] [LOG] === FINE PULIZIA AUTOMATICA ARCHIVIO LOTTI ===
[2026-08-08T11:23:36.354Z] [LOG] === CARICAMENTO IMPOSTAZIONI DA SUPABASE ALL'AVVIO ===
[2026-08-08T11:23:36.410Z] [LOG] [DEBUG] Caricamento configurazione catalogo da Supabase (tabella 'catalog_settings')...
[2026-08-08T11:23:36.502Z] [LOG] [DEBUG] Syncing price rules from Supabase table 'price_rules'...
[2026-08-08T11:23:36.599Z] [LOG] === INIZIO STANDARDIZZAZIONE DATABASE SUPABASE ===
[2026-08-08T11:23:37.060Z] [LOG] === COMPLETATO STANDARDIZZAZIONE DATABASE SUPABASE ===
[2026-08-08T11:23:42.683Z] [LOG] >>> ENTRATA GET /api/settings
[2026-08-08T11:23:42.683Z] [LOG] [DEBUG] Caricamento configurazione catalogo da Supabase (tabella 'catalog_settings')...
[2026-08-08T11:23:42.720Z] [LOG] [DEBUG] Syncing price rules from Supabase table 'price_rules'...
[2026-08-08T11:23:43.200Z] [LOG] [API /api/products] Successfully loaded 4448 products from Supabase via helper in 507ms
[2026-08-08T11:23:55.898Z] [LOG] >>> ENTRATA GET /api/settings
[2026-08-08T11:23:55.899Z] [LOG] [DEBUG] Caricamento configurazione catalogo da Supabase (tabella 'catalog_settings')...
[2026-08-08T11:23:55.932Z] [LOG] [DEBUG] Syncing price rules from Supabase table 'price_rules'...
[2026-08-08T11:24:01.412Z] [LOG] >>> ENTRATA GET /api/settings
[2026-08-08T11:24:01.412Z] [LOG] [DEBUG] Caricamento configurazione catalogo da Supabase (tabella 'catalog_settings')...
[2026-08-08T11:24:01.450Z] [LOG] [DEBUG] Syncing price rules from Supabase table 'price_rules'...
[2026-08-08T11:24:03.552Z] [LOG] >>> ENTRATA GET /api/settings
[2026-08-08T11:24:03.553Z] [LOG] [DEBUG] Caricamento configurazione catalogo da Supabase (tabella 'catalog_settings')...
[2026-08-08T11:24:03.637Z] [LOG] [DEBUG] Syncing price rules from Supabase table 'price_rules'...
[2026-08-08T11:31:47.188Z] [LOG] ‚úÖ File .env caricato correttamente in server.js
[2026-08-08T11:31:47.212Z] [LOG] üöÄ Server running on http://0.0.0.0:3000
[2026-08-08T11:31:47.212Z] [LOG] === INIZIO PULIZIA AUTOMATICA ARCHIVIO LOTTI ===
[2026-08-08T11:31:47.213Z] [LOG] [BACKEND CLEANUP] Pulizia lotti completata. Rimasti 3 lotti reali.
[2026-08-08T11:31:47.213Z] [LOG] === FINE PULIZIA AUTOMATICA ARCHIVIO LOTTI ===
[2026-08-08T11:31:50.215Z] [LOG] === CARICAMENTO IMPOSTAZIONI DA SUPABASE ALL'AVVIO ===
[2026-08-08T11:31:50.283Z] [LOG] [DEBUG] Caricamento configurazione catalogo da Supabase (tabella 'catalog_settings')...
[2026-08-08T11:31:50.418Z] [LOG] [DEBUG] Syncing price rules from Supabase table 'price_rules'...
[2026-08-09T09:01:13.164Z] [LOG] ‚úÖ File .env caricato correttamente in server.js
[2026-08-09T09:01:13.187Z] [LOG] üöÄ Server running on http://0.0.0.0:3000
[2026-08-09T09:01:13.187Z] [LOG] === INIZIO PULIZIA AUTOMATICA ARCHIVIO LOTTI ===
[2026-08-09T09:01:13.188Z] [LOG] [BACKEND CLEANUP] Pulizia lotti completata. Rimasti 3 lotti reali.
[2026-08-09T09:01:13.188Z] [LOG] === FINE PULIZIA AUTOMATICA ARCHIVIO LOTTI ===
[2026-08-09T09:01:16.190Z] [LOG] === CARICAMENTO IMPOSTAZIONI DA SUPABASE ALL'AVVIO ===
[2026-08-09T09:01:16.259Z] [LOG] [DEBUG] Caricamento configurazione catalogo da Supabase (tabella 'catalog_settings')...
[2026-08-09T09:01:17.033Z] [LOG] [DEBUG] Syncing price rules from Supabase table 'price_rules'...
[2026-08-09T09:01:17.225Z] [LOG] >>> ENTRATA GET /api/settings
[2026-08-09T09:01:17.226Z] [LOG] [DEBUG] Caricamento configurazione catalogo da Supabase (tabella 'catalog_settings')...
[2026-08-09T09:01:17.232Z] [LOG] === INIZIO STANDARDIZZAZIONE DATABASE SUPABASE ===
[2026-08-09T09:01:17.404Z] [LOG] [DEBUG] Syncing price rules from Supabase table 'price_rules'...
[2026-08-09T09:01:17.937Z] [LOG] [API /api/products] Successfully loaded 4480 products from Supabase via helper in 715ms
[2026-08-09T09:01:18.047Z] [LOG] === COMPLETATO STANDARDIZZAZIONE DATABASE SUPABASE ===
[2026-08-09T09:01:21.838Z] [LOG] >>> ENTRATA GET /api/settings
[2026-08-09T09:01:21.839Z] [LOG] [DEBUG] Caricamento configurazione catalogo da Supabase (tabella 'catalog_settings')...
[2026-08-09T09:01:21.867Z] [LOG] [DEBUG] Syncing price rules from Supabase table 'price_rules'...
[2026-08-09T09:06:13.689Z] [LOG] [COUPONS] Inserimento nuovo coupon 'TEST10' su Supabase...
[2026-08-09T09:06:13.904Z] [LOG] [COUPONS] Aggiornamento coupon ID 30 su Supabase...
[2026-08-09T09:06:14.101Z] [LOG] [COUPONS] Inserimento nuovo coupon 'TEST10_COPIA' su Supabase...
[2026-08-09T09:06:14.169Z] [LOG] [COUPONS] Eliminazione coupon ID 31 da Supabase...
[2026-08-09T09:06:47.315Z] [LOG] ‚úÖ File .env caricato correttamente in server.js
[2026-08-09T09:06:47.338Z] [LOG] üöÄ Server running on http://0.0.0.0:3000
[2026-08-09T09:06:47.338Z] [LOG] === INIZIO PULIZIA AUTOMATICA ARCHIVIO LOTTI ===
[2026-08-09T09:06:47.339Z] [LOG] [BACKEND CLEANUP] Pulizia lotti completata. Rimasti 3 lotti reali.
[2026-08-09T09:06:47.339Z] [LOG] === FINE PULIZIA AUTOMATICA ARCHIVIO LOTTI ===
[2026-08-09T09:06:50.340Z] [LOG] === CARICAMENTO IMPOSTAZIONI DA SUPABASE ALL'AVVIO ===
[2026-08-09T09:06:50.404Z] [LOG] [DEBUG] Caricamento configurazione catalogo da Supabase (tabella 'catalog_settings')...
[2026-08-09T09:06:50.543Z] [LOG] [DEBUG] Syncing price rules from Supabase table 'price_rules'...
[2026-08-09T09:06:50.658Z] [LOG] === INIZIO STANDARDIZZAZIONE DATABASE SUPABASE ===
[2026-08-09T09:06:51.286Z] [LOG] === COMPLETATO STANDARDIZZAZIONE DATABASE SUPABASE ===
[2026-08-09T09:06:52.395Z] [LOG] >>> ENTRATA GET /api/settings
[2026-08-09T09:06:52.395Z] [LOG] [DEBUG] Caricamento configurazione catalogo da Supabase (tabella 'catalog_settings')...
[2026-08-09T09:06:52.460Z] [LOG] [DEBUG] Syncing price rules from Supabase table 'price_rules'...
[2026-08-09T09:06:52.842Z] [LOG] [API /api/products] Successfully loaded 4480 products from Supabase via helper in 448ms
[2026-08-09T09:07:48.093Z] [LOG] >>> ENTRATA GET /api/settings
[2026-08-09T09:07:48.094Z] [LOG] [DEBUG] Caricamento configurazione catalogo da Supabase (tabella 'catalog_settings')...
[2026-08-09T09:07:48.129Z] [LOG] [DEBUG] Syncing price rules from Supabase table 'price_rules'...
[2026-08-09T09:07:49.990Z] [LOG] [COUPON DEBUG]
Operazione: SELECT
Tabella: public.coupons
[2026-08-09T09:07:50.035Z] [LOG] [COUPON DEBUG]
Operazione: SELECT
Tabella: public.coupons
Numero coupon restituiti: 0
Errore: nessuno
[2026-08-09T09:07:56.829Z] [LOG] [COUPON DEBUG]
Operazione: SELECT
Tabella: public.coupons
[2026-08-09T09:07:56.885Z] [LOG] [COUPON DEBUG]
Operazione: SELECT
Tabella: public.coupons
Numero coupon restituiti: 0
Errore: nessuno
[2026-08-09T09:07:56.886Z] [LOG] [COUPON DEBUG]
Operazione: CREATE
Codice: TEST10
ID prima del salvataggio: (assegnato da PostgreSQL sequence)
Tabella: public.coupons
[2026-08-09T09:07:56.948Z] [LOG] [COUPON DEBUG]
Operazione: CREATE
Codice: TEST10
Risultato Supabase: SUCCESS
ID restituito da Supabase: 32
[2026-08-09T09:07:57.052Z] [LOG] [COUPON DEBUG]
Operazione: SELECT
Tabella: public.coupons
[2026-08-09T09:07:57.082Z] [LOG] [COUPON DEBUG]
Operazione: SELECT
Tabella: public.coupons
Numero coupon restituiti: 1
Errore: nessuno
[2026-08-09T09:08:05.125Z] [LOG] [COUPON DEBUG]
Operazione: SELECT
Tabella: public.coupons
[2026-08-09T09:08:05.194Z] [LOG] [COUPON DEBUG]
Operazione: SELECT
Tabella: public.coupons
Numero coupon restituiti: 1
Errore: nessuno
[2026-08-09T09:08:05.194Z] [LOG] [COUPON DEBUG]
Operazione: CREATE
Codice: MIAKHALIFA
ID prima del salvataggio: (assegnato da PostgreSQL sequence)
Tabella: public.coupons
[2026-08-09T09:08:05.231Z] [LOG] [COUPON DEBUG]
Operazione: CREATE
Codice: MIAKHALIFA
Risultato Supabase: SUCCESS
ID restituito da Supabase: 33
[2026-08-09T09:08:05.338Z] [LOG] [COUPON DEBUG]
Operazione: SELECT
Tabella: public.coupons
[2026-08-09T09:08:05.376Z] [LOG] [COUPON DEBUG]
Operazione: SELECT
Tabella: public.coupons
Numero coupon restituiti: 2
Errore: nessuno
[2026-08-09T09:09:59.200Z] [LOG] >>> ENTRATA GET /api/settings
[2026-08-09T09:09:59.200Z] [LOG] [DEBUG] Caricamento configurazione catalogo da Supabase (tabella 'catalog_settings')...
[2026-08-09T09:09:59.231Z] [LOG] [DEBUG] Syncing price rules from Supabase table 'price_rules'...
[2026-08-09T09:10:03.660Z] [LOG] [COUPON DEBUG]
Operazione: SELECT
Tabella: public.coupons
[2026-08-09T09:10:03.704Z] [LOG] [COUPON DEBUG]
Operazione: SELECT
Tabella: public.coupons
Numero coupon restituiti: 2
Errore: nessuno
[2026-08-09T09:10:40.707Z] [LOG] >>> ENTRATA GET /api/settings
[2026-08-09T09:10:40.707Z] [LOG] [DEBUG] Caricamento configurazione catalogo da Supabase (tabella 'catalog_settings')...
[2026-08-09T09:10:40.742Z] [LOG] [DEBUG] Syncing price rules from Supabase table 'price_rules'...
[2026-08-09T09:10:41.116Z] [LOG] [API /api/products] Successfully loaded 4480 products from Supabase via helper in 411ms
[2026-08-09T09:10:51.012Z] [LOG] [COUPON DEBUG]
Operazione: SELECT
Tabella: public.coupons
[2026-08-09T09:10:51.230Z] [LOG] [COUPON DEBUG]
Operazione: SELECT
Tabella: public.coupons
Numero coupon restituiti: 2
Errore: nessuno
[2026-08-09T09:10:51.672Z] [LOG] Costo completino USD: 8.3
[2026-08-09T09:10:51.672Z] [LOG] Costo spedizione USD: 4
[2026-08-09T09:10:51.672Z] [LOG] Costo personalizzazioni USD: 0
[2026-08-09T09:10:51.672Z] [LOG] Totale USD: 12.3
[2026-08-09T09:10:51.672Z] [LOG] Cambio USD/EUR: 0.865939
[2026-08-09T09:10:51.672Z] [LOG] Prezzo finale EUR: 10.65
[2026-08-09T09:10:51.672Z] [LOG] Totale cliente: 10.65
[2026-08-09T09:11:16.945Z] [LOG] [COUPON DEBUG]
Operazione: SELECT
Tabella: public.coupons
[2026-08-09T09:11:17.002Z] [LOG] [COUPON DEBUG]
Operazione: SELECT
Tabella: public.coupons
Numero coupon restituiti: 2
Errore: nessuno
[2026-08-09T09:11:17.127Z] [LOG] [COUPON DEBUG]
Operazione: SELECT
Tabella: public.coupons
[2026-08-09T09:11:17.161Z] [LOG] [COUPON DEBUG]
Operazione: SELECT
Tabella: public.coupons
Numero coupon restituiti: 2
Errore: nessuno
[2026-08-09T09:11:17.281Z] [LOG] [COUPON DEBUG]
Operazione: SELECT
Tabella: public.coupons
[2026-08-09T09:11:17.313Z] [LOG] [COUPON DEBUG]
Operazione: SELECT
Tabella: public.coupons
Numero coupon restituiti: 2
Errore: nessuno
[2026-08-09T09:12:04.660Z] [LOG] [COUPON DEBUG]
Operazione: SELECT
Tabella: public.coupons
[2026-08-09T09:12:04.873Z] [LOG] [COUPON DEBUG]
Operazione: SELECT
Tabella: public.coupons
Numero coupon restituiti: 2
Errore: nessuno
[2026-08-19T12:09:58.242Z] [LOG] ‚úÖ File .env caricato correttamente in server.js
[2026-08-19T12:09:58.264Z] [LOG] üöÄ Server running on http://0.0.0.0:3000
[2026-08-19T12:09:58.264Z] [LOG] === INIZIO PULIZIA AUTOMATICA ARCHIVIO LOTTI ===
[2026-08-19T12:09:58.265Z] [LOG] [BACKEND CLEANUP] Pulizia lotti completata. Rimasti 3 lotti reali.
[2026-08-19T12:09:58.265Z] [LOG] === FINE PULIZIA AUTOMATICA ARCHIVIO LOTTI ===
[2026-08-19T12:09:59.324Z] [LOG] >>> ENTRATA GET /api/settings
[2026-08-19T12:09:59.379Z] [LOG] [DEBUG] Caricamento configurazione catalogo da Supabase (tabella 'catalog_settings')...
[2026-08-19T12:09:59.499Z] [LOG] [DEBUG] Syncing price rules from Supabase table 'price_rules'...
[2026-08-19T12:10:00.215Z] [LOG] [API /api/products] Successfully loaded 4625 products from Supabase via helper in 817ms
[2026-08-19T12:10:01.267Z] [LOG] === CARICAMENTO IMPOSTAZIONI DA SUPABASE ALL'AVVIO ===
[2026-08-19T12:10:01.268Z] [LOG] [DEBUG] Caricamento configurazione catalogo da Supabase (tabella 'catalog_settings')...
[2026-08-19T12:10:01.313Z] [LOG] [DEBUG] Syncing price rules from Supabase table 'price_rules'...
[2026-08-19T12:10:01.379Z] [LOG] === INIZIO STANDARDIZZAZIONE DATABASE SUPABASE ===
[2026-08-19T12:10:02.004Z] [LOG] === COMPLETATO STANDARDIZZAZIONE DATABASE SUPABASE ===
[2026-08-19T13:32:37.432Z] [LOG] >>> ENTRATA GET /api/settings
[2026-08-19T13:32:37.433Z] [LOG] [DEBUG] Caricamento configurazione catalogo da Supabase (tabella 'catalog_settings')...
[2026-08-19T13:32:37.567Z] [LOG] [DEBUG] Syncing price rules from Supabase table 'price_rules'...
[2026-08-19T13:32:38.297Z] [LOG] [API /api/products] Successfully loaded 4625 products from Supabase via helper in 837ms
[2026-08-19T13:32:42.889Z] [LOG] >>> ENTRATA GET /api/settings
[2026-08-19T13:32:42.890Z] [LOG] [DEBUG] Caricamento configurazione catalogo da Supabase (tabella 'catalog_settings')...
[2026-08-19T13:32:42.922Z] [LOG] [DEBUG] Syncing price rules from Supabase table 'price_rules'...
[2026-08-19T13:41:30.575Z] [LOG] >>> ENTRATA GET /api/settings
[2026-08-19T13:41:30.575Z] [LOG] [DEBUG] Caricamento configurazione catalogo da Supabase (tabella 'catalog_settings')...
[2026-08-19T13:41:30.729Z] [LOG] [DEBUG] Syncing price rules from Supabase table 'price_rules'...
[2026-08-20T18:04:51.791Z] [LOG] ‚úÖ File .env caricato correttamente in server.js
[2026-08-20T18:04:51.813Z] [LOG] üöÄ Server running on http://0.0.0.0:3000
[2026-08-20T18:04:51.813Z] [LOG] === INIZIO PULIZIA AUTOMATICA ARCHIVIO LOTTI ===
[2026-08-20T18:04:51.814Z] [LOG] [BACKEND CLEANUP] Pulizia lotti completata. Rimasti 3 lotti reali.
[2026-08-20T18:04:51.814Z] [LOG] === FINE PULIZIA AUTOMATICA ARCHIVIO LOTTI ===
[2026-08-20T18:04:54.816Z] [LOG] === CARICAMENTO IMPOSTAZIONI DA SUPABASE ALL'AVVIO ===
[2026-08-20T18:04:54.877Z] [LOG] [DEBUG] Caricamento configurazione catalogo da Supabase (tabella 'catalog_settings')...
[2026-08-20T18:04:55.846Z] [LOG] [DEBUG] Syncing price rules from Supabase table 'price_rules'...
[2026-08-20T18:04:56.177Z] [LOG] === INIZIO STANDARDIZZAZIONE DATABASE SUPABASE ===
[2026-08-20T18:04:57.277Z] [LOG] === COMPLETATO STANDARDIZZAZIONE DATABASE SUPABASE ===
[2026-08-20T18:06:06.844Z] [LOG] >>> ENTRATA GET /api/settings
[2026-08-20T18:06:06.845Z] [LOG] [DEBUG] Caricamento configurazione catalogo da Supabase (tabella 'catalog_settings')...
[2026-08-20T18:06:06.995Z] [LOG] [DEBUG] Syncing price rules from Supabase table 'price_rules'...
[2026-08-20T18:06:07.562Z] [LOG] [API /api/products] Successfully loaded 4625 products from Supabase via helper in 725ms
[2026-08-20T18:06:11.626Z] [LOG] >>> ENTRATA GET /api/settings
[2026-08-20T18:06:11.626Z] [LOG] [DEBUG] Caricamento configurazione catalogo da Supabase (tabella 'catalog_settings')...
[2026-08-20T18:06:11.669Z] [LOG] [DEBUG] Syncing price rules from Supabase table 'price_rules'...
[2026-08-20T18:10:19.870Z] [LOG] ‚úÖ File .env caricato correttamente in server.js
[2026-08-20T18:10:19.909Z] [LOG] üöÄ Server running on http://0.0.0.0:3000
[2026-08-20T18:10:19.909Z] [LOG] === INIZIO PULIZIA AUTOMATICA ARCHIVIO LOTTI ===
[2026-08-20T18:10:19.910Z] [LOG] [BACKEND CLEANUP] Pulizia lotti completata. Rimasti 3 lotti reali.
[2026-08-20T18:10:19.910Z] [LOG] === FINE PULIZIA AUTOMATICA ARCHIVIO LOTTI ===
[2026-08-20T18:10:22.911Z] [LOG] === CARICAMENTO IMPOSTAZIONI DA SUPABASE ALL'AVVIO ===
[2026-08-20T18:10:22.912Z] [LOG] [DEBUG] Caricamento configurazione catalogo da Supabase (tabella 'catalog_settings')...
[2026-08-20T18:10:22.949Z] [LOG] [DEBUG] Syncing price rules from Supabase table 'price_rules'...
[2026-08-20T18:10:23.040Z] [LOG] === INIZIO STANDARDIZZAZIONE DATABASE SUPABASE ===
[2026-08-20T18:10:23.685Z] [LOG] === COMPLETATO STANDARDIZZAZIONE DATABASE SUPABASE ===
[2026-08-20T18:10:24.496Z] [LOG] >>> ENTRATA GET /api/settings
[2026-08-20T18:10:24.496Z] [LOG] [DEBUG] Caricamento configurazione catalogo da Supabase (tabella 'catalog_settings')...
[2026-08-20T18:10:24.532Z] [LOG] [DEBUG] Syncing price rules from Supabase table 'price_rules'...
[2026-08-20T18:10:25.045Z] [LOG] [API /api/products] Successfully loaded 4625 products from Supabase via helper in 545ms
[2026-08-20T18:54:19.461Z] [LOG] >>> ENTRATA GET /api/settings
[2026-08-20T18:54:19.461Z] [LOG] [DEBUG] Caricamento configurazione catalogo da Supabase (tabella 'catalog_settings')...
[2026-08-20T18:54:19.523Z] [LOG] [DEBUG] Syncing price rules from Supabase table 'price_rules'...
[2026-08-20T19:02:31.693Z] [LOG] ‚úÖ File .env caricato correttamente in server.js
[2026-08-20T19:02:31.727Z] [LOG] üöÄ Server running on http://0.0.0.0:3000
[2026-08-20T19:02:31.727Z] [LOG] === INIZIO PULIZIA AUTOMATICA ARCHIVIO LOTTI ===
[2026-08-20T19:02:31.728Z] [LOG] [BACKEND CLEANUP] Pulizia lotti completata. Rimasti 3 lotti reali.
[2026-08-20T19:02:31.728Z] [LOG] === FINE PULIZIA AUTOMATICA ARCHIVIO LOTTI ===
[2026-08-20T19:02:34.730Z] [LOG] === CARICAMENTO IMPOSTAZIONI DA SUPABASE ALL'AVVIO ===
[2026-08-20T19:02:34.794Z] [LOG] [DEBUG] Caricamento configurazione catalogo da Supabase (tabella 'catalog_settings')...
[2026-08-20T19:02:34.897Z] [LOG] [DEBUG] Syncing price rules from Supabase table 'price_rules'...
[2026-08-20T19:02:35.014Z] [LOG] === INIZIO STANDARDIZZAZIONE DATABASE SUPABASE ===
[2026-08-20T19:02:35.703Z] [LOG] === COMPLETATO STANDARDIZZAZIONE DATABASE SUPABASE ===
[2026-08-20T19:02:39.316Z] [LOG] >>> ENTRATA GET /api/settings
[2026-08-20T19:02:39.316Z] [LOG] [DEBUG] Caricamento configurazione catalogo da Supabase (tabella 'catalog_settings')...
[2026-08-20T19:02:39.350Z] [LOG] [DEBUG] Syncing price rules from Supabase table 'price_rules'...
[2026-08-20T19:02:39.790Z] [LOG] [API /api/products] Successfully loaded 4625 products from Supabase via helper in 467ms
[2026-08-20T19:03:17.949Z] [LOG] >>> ENTRATA GET /api/settings
[2026-08-20T19:03:17.949Z] [LOG] [DEBUG] Caricamento configurazione catalogo da Supabase (tabella 'catalog_settings')...
[2026-08-20T19:03:18.043Z] [LOG] [DEBUG] Syncing price rules from Supabase table 'price_rules'...
[2026-08-20T19:03:18.584Z] [LOG] [API /api/products] Successfully loaded 4625 products from Supabase via helper in 638ms
[2026-08-20T19:03:23.036Z] [LOG] >>> ENTRATA GET /api/settings
[2026-08-20T19:03:23.036Z] [LOG] [DEBUG] Caricamento configurazione catalogo da Supabase (tabella 'catalog_settings')...
[2026-08-20T19:03:23.068Z] [LOG] [DEBUG] Syncing price rules from Supabase table 'price_rules'...
[2026-08-20T19:04:53.773Z] [LOG] >>> ENTRATA GET /api/settings
[2026-08-20T19:04:53.774Z] [LOG] [DEBUG] Caricamento configurazione catalogo da Supabase (tabella 'catalog_settings')...
[2026-08-20T19:04:53.809Z] [LOG] [DEBUG] Syncing price rules from Supabase table 'price_rules'...
[2026-08-20T19:05:30.271Z] [LOG] >>> ENTRATA GET /api/settings
[2026-08-20T19:05:30.271Z] [LOG] [DEBUG] Caricamento configurazione catalogo da Supabase (tabella 'catalog_settings')...
[2026-08-20T19:05:30.309Z] [LOG] [DEBUG] Syncing price rules from Supabase table 'price_rules'...
[2026-08-20T19:10:58.755Z] [LOG] >>> ENTRATA GET /api/settings
[2026-08-20T19:10:58.755Z] [LOG] [DEBUG] Caricamento configurazione catalogo da Supabase (tabella 'catalog_settings')...
[2026-08-20T19:10:58.813Z] [LOG] [DEBUG] Syncing price rules from Supabase table 'price_rules'...
[2026-08-20T19:10:59.300Z] [LOG] [API /api/products] Successfully loaded 4625 products from Supabase via helper in 550ms
[2026-08-20T19:11:09.366Z] [LOG] ‚úÖ File .env caricato correttamente in server.js
[2026-08-20T19:11:09.391Z] [LOG] üöÄ Server running on http://0.0.0.0:3000
[2026-08-20T19:11:09.392Z] [LOG] === INIZIO PULIZIA AUTOMATICA ARCHIVIO LOTTI ===
[2026-08-20T19:11:09.392Z] [LOG] [BACKEND CLEANUP] Pulizia lotti completata. Rimasti 3 lotti reali.
[2026-08-20T19:11:09.393Z] [LOG] === FINE PULIZIA AUTOMATICA ARCHIVIO LOTTI ===
[2026-08-20T19:11:12.396Z] [LOG] === CARICAMENTO IMPOSTAZIONI DA SUPABASE ALL'AVVIO ===
[2026-08-20T19:11:12.471Z] [LOG] [DEBUG] Caricamento configurazione catalogo da Supabase (tabella 'catalog_settings')...
[2026-08-20T19:11:12.589Z] [LOG] [DEBUG] Syncing price rules from Supabase table 'price_rules'...
[2026-08-20T19:11:12.711Z] [LOG] === INIZIO STANDARDIZZAZIONE DATABASE SUPABASE ===
[2026-08-20T19:11:13.309Z] [LOG] === COMPLETATO STANDARDIZZAZIONE DATABASE SUPABASE ===
[2026-08-20T19:11:15.830Z] [LOG] >>> ENTRATA GET /api/settings
[2026-08-20T19:11:15.831Z] [LOG] [DEBUG] Caricamento configurazione catalogo da Supabase (tabella 'catalog_settings')...
[2026-08-20T19:11:15.872Z] [LOG] [DEBUG] Syncing price rules from Supabase table 'price_rules'...
[2026-08-20T19:11:16.342Z] [LOG] [API /api/products] Successfully loaded 4625 products from Supabase via helper in 499ms
[2026-08-20T19:11:53.285Z] [LOG] >>> ENTRATA GET /api/settings
[2026-08-20T19:11:53.286Z] [LOG] [DEBUG] Caricamento configurazione catalogo da Supabase (tabella 'catalog_settings')...
[2026-08-20T19:11:53.332Z] [LOG] [DEBUG] Syncing price rules from Supabase table 'price_rules'...
[2026-08-20T19:13:03.203Z] [LOG] >>> ENTRATA GET /api/settings
[2026-08-20T19:13:03.204Z] [LOG] [DEBUG] Caricamento configurazione catalogo da Supabase (tabella 'catalog_settings')...
[2026-08-20T19:13:03.261Z] [LOG] [DEBUG] Syncing price rules from Supabase table 'price_rules'...
[2026-08-20T19:13:09.537Z] [LOG] >>> ENTRATA GET /api/settings
[2026-08-20T19:13:09.538Z] [LOG] [DEBUG] Caricamento configurazione catalogo da Supabase (tabella 'catalog_settings')...
[2026-08-20T19:13:09.576Z] [LOG] [DEBUG] Syncing price rules from Supabase table 'price_rules'...
[2026-08-20T19:13:14.142Z] [LOG] >>> ENTRATA GET /api/settings
[2026-08-20T19:13:14.143Z] [LOG] [DEBUG] Caricamento configurazione catalogo da Supabase (tabella 'catalog_settings')...
[2026-08-20T19:13:14.175Z] [LOG] [DEBUG] Syncing price rules from Supabase table 'price_rules'...
[2026-08-20T19:13:17.538Z] [LOG] >>> ENTRATA GET /api/settings
[2026-08-20T19:13:17.538Z] [LOG] [DEBUG] Caricamento configurazione catalogo da Supabase (tabella 'catalog_settings')...
[2026-08-20T19:13:17.572Z] [LOG] [DEBUG] Syncing price rules from Supabase table 'price_rules'...
[2026-08-20T19:13:23.834Z] [LOG] >>> ENTRATA GET /api/settings
[2026-08-20T19:13:23.834Z] [LOG] [DEBUG] Caricamento configurazione catalogo da Supabase (tabella 'catalog_settings')...
[2026-08-20T19:13:23.869Z] [LOG] [DEBUG] Syncing price rules from Supabase table 'price_rules'...
[2026-08-20T19:13:26.888Z] [LOG] >>> ENTRATA GET /api/settings
[2026-08-20T19:13:26.888Z] [LOG] [DEBUG] Caricamento configurazione catalogo da Supabase (tabella 'catalog_settings')...
[2026-08-20T19:13:26.924Z] [LOG] [DEBUG] Syncing price rules from Supabase table 'price_rules'...
[2026-08-20T19:13:29.413Z] [LOG] >>> ENTRATA GET /api/settings
[2026-08-20T19:13:29.414Z] [LOG] [DEBUG] Caricamento configurazione catalogo da Supabase (tabella 'catalog_settings')...
[2026-08-20T19:13:29.448Z] [LOG] [DEBUG] Syncing price rules from Supabase table 'price_rules'...
[2026-08-20T19:13:32.662Z] [LOG] >>> ENTRATA GET /api/settings
[2026-08-20T19:13:32.663Z] [LOG] [DEBUG] Caricamento configurazione catalogo da Supabase (tabella 'catalog_settings')...
[2026-08-20T19:13:32.694Z] [LOG] [DEBUG] Syncing price rules from Supabase table 'price_rules'...
[2026-08-20T19:13:35.462Z] [LOG] >>> ENTRATA GET /api/settings
[2026-08-20T19:13:35.463Z] [LOG] [DEBUG] Caricamento configurazione catalogo da Supabase (tabella 'catalog_settings')...
[2026-08-20T19:13:35.497Z] [LOG] [DEBUG] Syncing price rules from Supabase table 'price_rules'...
[2026-08-20T19:13:39.941Z] [LOG] >>> ENTRATA GET /api/settings
[2026-08-20T19:13:39.942Z] [LOG] [DEBUG] Caricamento configurazione catalogo da Supabase (tabella 'catalog_settings')...
[2026-08-20T19:13:39.975Z] [LOG] [DEBUG] Syncing price rules from Supabase table 'price_rules'...
[2026-08-20T19:13:53.607Z] [LOG] >>> ENTRATA GET /api/settings
[2026-08-20T19:13:53.608Z] [LOG] [DEBUG] Caricamento configurazione catalogo da Supabase (tabella 'catalog_settings')...
[2026-08-20T19:13:53.641Z] [LOG] [DEBUG] Syncing price rules from Supabase table 'price_rules'...
[2026-08-20T19:13:56.896Z] [LOG] >>> ENTRATA GET /api/settings
[2026-08-20T19:13:56.896Z] [LOG] [DEBUG] Caricamento configurazione catalogo da Supabase (tabella 'catalog_settings')...
[2026-08-20T19:13:56.931Z] [LOG] [DEBUG] Syncing price rules from Supabase table 'price_rules'...
[2026-08-20T19:14:00.682Z] [LOG] >>> ENTRATA GET /api/settings
[2026-08-20T19:14:00.682Z] [LOG] [DEBUG] Caricamento configurazione catalogo da Supabase (tabella 'catalog_settings')...
[2026-08-20T19:14:00.719Z] [LOG] [DEBUG] Syncing price rules from Supabase table 'price_rules'...
[2026-08-20T19:14:11.540Z] [LOG] >>> ENTRATA GET /api/settings
[2026-08-20T19:14:11.540Z] [LOG] [DEBUG] Caricamento configurazione catalogo da Supabase (tabella 'catalog_settings')...
[2026-08-20T19:14:11.607Z] [LOG] [DEBUG] Syncing price rules from Supabase table 'price_rules'...
[2026-08-20T19:14:16.166Z] [LOG] >>> ENTRATA GET /api/settings
[2026-08-20T19:14:16.167Z] [LOG] [DEBUG] Caricamento configurazione catalogo da Supabase (tabella 'catalog_settings')...
[2026-08-20T19:14:16.201Z] [LOG] [DEBUG] Syncing price rules from Supabase table 'price_rules'...
[2026-08-20T19:14:24.162Z] [LOG] >>> ENTRATA GET /api/settings
[2026-08-20T19:14:24.162Z] [LOG] [DEBUG] Caricamento configurazione catalogo da Supabase (tabella 'catalog_settings')...
[2026-08-20T19:14:24.195Z] [LOG] [DEBUG] Syncing price rules from Supabase table 'price_rules'...
[2026-08-20T19:14:28.388Z] [LOG] >>> ENTRATA GET /api/settings
[2026-08-20T19:14:28.389Z] [LOG] [DEBUG] Caricamento configurazione catalogo da Supabase (tabella 'catalog_settings')...
[2026-08-20T19:14:28.437Z] [LOG] [DEBUG] Syncing price rules from Supabase table 'price_rules'...
[2026-08-20T19:14:31.672Z] [LOG] >>> ENTRATA GET /api/settings
[2026-08-20T19:14:31.673Z] [LOG] [DEBUG] Caricamento configurazione catalogo da Supabase (tabella 'catalog_settings')...
[2026-08-20T19:14:31.706Z] [LOG] [DEBUG] Syncing price rules from Supabase table 'price_rules'...
[2026-08-20T19:14:34.150Z] [LOG] >>> ENTRATA GET /api/settings
[2026-08-20T19:14:34.150Z] [LOG] [DEBUG] Caricamento configurazione catalogo da Supabase (tabella 'catalog_settings')...
[2026-08-20T19:14:34.205Z] [LOG] [DEBUG] Syncing price rules from Supabase table 'price_rules'...
[2026-08-20T19:14:36.908Z] [LOG] >>> ENTRATA GET /api/settings
[2026-08-20T19:14:36.908Z] [LOG] [DEBUG] Caricamento configurazione catalogo da Supabase (tabella 'catalog_settings')...
[2026-08-20T19:14:36.944Z] [LOG] [DEBUG] Syncing price rules from Supabase table 'price_rules'...
[2026-08-20T19:14:43.664Z] [LOG] >>> ENTRATA GET /api/settings
[2026-08-20T19:14:43.664Z] [LOG] [DEBUG] Caricamento configurazione catalogo da Supabase (tabella 'catalog_settings')...
[2026-08-20T19:14:43.894Z] [LOG] [DEBUG] Syncing price rules from Supabase table 'price_rules'...
[2026-08-20T19:15:06.746Z] [LOG] >>> ENTRATA GET /api/settings
[2026-08-20T19:15:06.746Z] [LOG] [DEBUG] Caricamento configurazione catalogo da Supabase (tabella 'catalog_settings')...
[2026-08-20T19:15:06.781Z] [LOG] [DEBUG] Syncing price rules from Supabase table 'price_rules'...
[2026-08-20T19:15:11.700Z] [LOG] >>> ENTRATA GET /api/settings
[2026-08-20T19:15:11.700Z] [LOG] [DEBUG] Caricamento configurazione catalogo da Supabase (tabella 'catalog_settings')...
[2026-08-20T19:15:11.732Z] [LOG] [DEBUG] Syncing price rules from Supabase table 'price_rules'...
[2026-08-20T19:15:24.261Z] [LOG] >>> ENTRATA GET /api/settings
[2026-08-20T19:15:24.262Z] [LOG] [DEBUG] Caricamento configurazione catalogo da Supabase (tabella 'catalog_settings')...
[2026-08-20T19:15:24.307Z] [LOG] [DEBUG] Syncing price rules from Supabase table 'price_rules'...
[2026-08-20T19:15:32.175Z] [LOG] >>> ENTRATA GET /api/settings
[2026-08-20T19:15:32.176Z] [LOG] [DEBUG] Caricamento configurazione catalogo da Supabase (tabella 'catalog_settings')...
[2026-08-20T19:15:32.214Z] [LOG] [DEBUG] Syncing price rules from Supabase table 'price_rules'...
[2026-08-20T19:16:31.952Z] [LOG] >>> ENTRATA GET /api/settings
[2026-08-20T19:16:31.953Z] [LOG] [DEBUG] Caricamento configurazione catalogo da Supabase (tabella 'catalog_settings')...
[2026-08-20T19:16:31.987Z] [LOG] [DEBUG] Syncing price rules from Supabase table 'price_rules'...
[2026-08-20T19:18:50.291Z] [LOG] >>> ENTRATA GET /api/settings
[2026-08-20T19:18:50.291Z] [LOG] [DEBUG] Caricamento configurazione catalogo da Supabase (tabella 'catalog_settings')...
[2026-08-20T19:18:50.329Z] [LOG] [DEBUG] Syncing price rules from Supabase table 'price_rules'...
[2026-08-20T19:18:58.785Z] [LOG] >>> ENTRATA GET /api/settings
[2026-08-20T19:18:58.785Z] [LOG] [DEBUG] Caricamento configurazione catalogo da Supabase (tabella 'catalog_settings')...
[2026-08-20T19:18:58.833Z] [LOG] [DEBUG] Syncing price rules from Supabase table 'price_rules'...
[2026-08-20T19:19:11.039Z] [LOG] >>> ENTRATA GET /api/settings
[2026-08-20T19:19:11.039Z] [LOG] [DEBUG] Caricamento configurazione catalogo da Supabase (tabella 'catalog_settings')...
[2026-08-20T19:19:11.076Z] [LOG] [DEBUG] Syncing price rules from Supabase table 'price_rules'...
[2026-08-20T19:19:33.628Z] [LOG] >>> ENTRATA GET /api/settings
[2026-08-20T19:19:33.628Z] [LOG] [DEBUG] Caricamento configurazione catalogo da Supabase (tabella 'catalog_settings')...
[2026-08-20T19:19:33.669Z] [LOG] [DEBUG] Syncing price rules from Supabase table 'price_rules'...
[2026-08-20T19:20:04.439Z] [LOG] >>> ENTRATA GET /api/settings
[2026-08-20T19:20:04.440Z] [LOG] [DEBUG] Caricamento configurazione catalogo da Supabase (tabella 'catalog_settings')...
[2026-08-20T19:20:04.478Z] [LOG] [DEBUG] Syncing price rules from Supabase table 'price_rules'...
[2026-08-20T19:20:12.851Z] [LOG] >>> ENTRATA GET /api/settings
[2026-08-20T19:20:12.852Z] [LOG] [DEBUG] Caricamento configurazione catalogo da Supabase (tabella 'catalog_settings')...
[2026-08-20T19:20:12.886Z] [LOG] [DEBUG] Syncing price rules from Supabase table 'price_rules'...
[2026-08-20T19:20:22.178Z] [LOG] >>> ENTRATA GET /api/settings
[2026-08-20T19:20:22.178Z] [LOG] [DEBUG] Caricamento configurazione catalogo da Supabase (tabella 'catalog_settings')...
[2026-08-20T19:20:22.225Z] [LOG] [DEBUG] Syncing price rules from Supabase table 'price_rules'...
[2026-08-20T19:20:35.262Z] [LOG] >>> ENTRATA GET /api/settings
[2026-08-20T19:20:35.263Z] [LOG] [DEBUG] Caricamento configurazione catalogo da Supabase (tabella 'catalog_settings')...
[2026-08-20T19:20:35.311Z] [LOG] [DEBUG] Syncing price rules from Supabase table 'price_rules'...
[2026-08-20T19:21:12.644Z] [LOG] >>> ENTRATA GET /api/settings
[2026-08-20T19:21:12.645Z] [LOG] [DEBUG] Caricamento configurazione catalogo da Supabase (tabella 'catalog_settings')...
[2026-08-20T19:21:12.679Z] [LOG] [DEBUG] Syncing price rules from Supabase table 'price_rules'...
[2026-08-20T19:21:32.999Z] [LOG] >>> ENTRATA GET /api/settings
[2026-08-20T19:21:33.000Z] [LOG] [DEBUG] Caricamento configurazione catalogo da Supabase (tabella 'catalog_settings')...
[2026-08-20T19:21:33.071Z] [LOG] [DEBUG] Syncing price rules from Supabase table 'price_rules'...
[2026-08-20T19:21:44.422Z] [LOG] >>> ENTRATA GET /api/settings
[2026-08-20T19:21:44.423Z] [LOG] [DEBUG] Caricamento configurazione catalogo da Supabase (tabella 'catalog_settings')...
[2026-08-20T19:21:44.457Z] [LOG] [DEBUG] Syncing price rules from Supabase table 'price_rules'...
[2026-08-20T19:21:57.082Z] [LOG] >>> ENTRATA GET /api/settings
[2026-08-20T19:21:57.083Z] [LOG] [DEBUG] Caricamento configurazione catalogo da Supabase (tabella 'catalog_settings')...
[2026-08-20T19:21:57.120Z] [LOG] [DEBUG] Syncing price rules from Supabase table 'price_rules'...
[2026-08-20T19:22:20.163Z] [LOG] >>> ENTRATA GET /api/settings
[2026-08-20T19:22:20.163Z] [LOG] [DEBUG] Caricamento configurazione catalogo da Supabase (tabella 'catalog_settings')...
[2026-08-20T19:22:20.200Z] [LOG] [DEBUG] Syncing price rules from Supabase table 'price_rules'...
[2026-08-20T19:23:43.843Z] [LOG] >>> ENTRATA GET /api/settings
[2026-08-20T19:23:43.844Z] [LOG] [DEBUG] Caricamento configurazione catalogo da Supabase (tabella 'catalog_settings')...
[2026-08-20T19:23:43.879Z] [LOG] [DEBUG] Syncing price rules from Supabase table 'price_rules'...
[2026-08-20T19:23:51.067Z] [LOG] >>> ENTRATA GET /api/settings
[2026-08-20T19:23:51.067Z] [LOG] [DEBUG] Caricamento configurazione catalogo da Supabase (tabella 'catalog_settings')...
[2026-08-20T19:23:51.101Z] [LOG] [DEBUG] Syncing price rules from Supabase table 'price_rules'...
[2026-08-20T19:24:05.821Z] [LOG] >>> ENTRATA GET /api/settings
[2026-08-20T19:24:05.821Z] [LOG] [DEBUG] Caricamento configurazione catalogo da Supabase (tabella 'catalog_settings')...
[2026-08-20T19:24:05.854Z] [LOG] [DEBUG] Syncing price rules from Supabase table 'price_rules'...
[2026-08-20T19:27:10.270Z] [LOG] >>> ENTRATA GET /api/settings
[2026-08-20T19:27:10.271Z] [LOG] [DEBUG] Caricamento configurazione catalogo da Supabase (tabella 'catalog_settings')...
[2026-08-20T19:27:10.354Z] [LOG] [DEBUG] Syncing price rules from Supabase table 'price_rules'...
[2026-08-20T19:27:46.038Z] [LOG] ‚úÖ File .env caricato correttamente in server.js
[2026-08-20T19:27:46.061Z] [LOG] üöÄ Server running on http://0.0.0.0:3000
[2026-08-20T19:27:46.061Z] [LOG] === INIZIO PULIZIA AUTOMATICA ARCHIVIO LOTTI ===
[2026-08-20T19:27:46.062Z] [LOG] [BACKEND CLEANUP] Pulizia lotti completata. Rimasti 3 lotti reali.
[2026-08-20T19:27:46.062Z] [LOG] === FINE PULIZIA AUTOMATICA ARCHIVIO LOTTI ===
[2026-08-20T19:27:49.064Z] [LOG] === CARICAMENTO IMPOSTAZIONI DA SUPABASE ALL'AVVIO ===
[2026-08-20T19:27:49.123Z] [LOG] [DEBUG] Caricamento configurazione catalogo da Supabase (tabella 'catalog_settings')...
[2026-08-20T19:27:49.222Z] [LOG] [DEBUG] Syncing price rules from Supabase table 'price_rules'...
[2026-08-20T19:27:49.350Z] [LOG] === INIZIO STANDARDIZZAZIONE DATABASE SUPABASE ===
[2026-08-20T19:27:49.919Z] [LOG] === COMPLETATO STANDARDIZZAZIONE DATABASE SUPABASE ===
[2026-08-20T19:27:54.310Z] [LOG] >>> ENTRATA GET /api/settings
[2026-08-20T19:27:54.311Z] [LOG] [DEBUG] Caricamento configurazione catalogo da Supabase (tabella 'catalog_settings')...
[2026-08-20T19:27:54.364Z] [LOG] [DEBUG] Syncing price rules from Supabase table 'price_rules'...
[2026-08-20T19:27:54.754Z] [LOG] [API /api/products] Successfully loaded 4625 products from Supabase via helper in 446ms
[2026-08-20T19:34:01.325Z] [LOG] ‚úÖ File .env caricato correttamente in server.js
[2026-08-20T19:34:01.346Z] [LOG] üöÄ Server running on http://0.0.0.0:3000
[2026-08-20T19:34:01.346Z] [LOG] === INIZIO PULIZIA AUTOMATICA ARCHIVIO LOTTI ===
[2026-08-20T19:34:01.348Z] [LOG] [BACKEND CLEANUP] Pulizia lotti completata. Rimasti 3 lotti reali.
[2026-08-20T19:34:01.348Z] [LOG] === FINE PULIZIA AUTOMATICA ARCHIVIO LOTTI ===
[2026-08-20T19:34:04.350Z] [LOG] === CARICAMENTO IMPOSTAZIONI DA SUPABASE ALL'AVVIO ===
[2026-08-20T19:34:04.406Z] [LOG] [DEBUG] Caricamento configurazione catalogo da Supabase (tabella 'catalog_settings')...
[2026-08-20T19:34:04.514Z] [LOG] [DEBUG] Syncing price rules from Supabase table 'price_rules'...
[2026-08-20T19:34:04.666Z] [LOG] === INIZIO STANDARDIZZAZIONE DATABASE SUPABASE ===
[2026-08-20T19:34:05.359Z] [LOG] === COMPLETATO STANDARDIZZAZIONE DATABASE SUPABASE ===
[2026-08-20T19:34:10.247Z] [LOG] >>> ENTRATA GET /api/settings
[2026-08-20T19:34:10.247Z] [LOG] [DEBUG] Caricamento configurazione catalogo da Supabase (tabella 'catalog_settings')...
[2026-08-20T19:34:10.335Z] [LOG] [DEBUG] Syncing price rules from Supabase table 'price_rules'...
[2026-08-20T19:34:10.844Z] [LOG] [API /api/products] Successfully loaded 4625 products from Supabase via helper in 604ms
[2026-08-20T19:42:20.863Z] [LOG] >>> ENTRATA GET /api/settings
[2026-08-20T19:42:20.863Z] [LOG] [DEBUG] Caricamento configurazione catalogo da Supabase (tabella 'catalog_settings')...
[2026-08-20T19:42:20.902Z] [LOG] [DEBUG] Syncing price rules from Supabase table 'price_rules'...
[2026-08-20T19:42:37.409Z] [LOG] >>> ENTRATA GET /api/settings
[2026-08-20T19:42:37.410Z] [LOG] [DEBUG] Caricamento configurazione catalogo da Supabase (tabella 'catalog_settings')...
[2026-08-20T19:42:37.491Z] [LOG] [DEBUG] Syncing price rules from Supabase table 'price_rules'...
[2026-08-20T19:42:37.979Z] [LOG] [API /api/products] Successfully loaded 4625 products from Supabase via helper in 573ms
[2026-08-20T19:57:51.047Z] [LOG] >>> ENTRATA GET /api/settings
[2026-08-20T19:57:51.049Z] [LOG] [DEBUG] Caricamento configurazione catalogo da Supabase (tabella 'catalog_settings')...
[2026-08-20T19:57:51.093Z] [LOG] [DEBUG] Syncing price rules from Supabase table 'price_rules'...
[2026-08-20T19:57:55.093Z] [LOG] >>> ENTRATA GET /api/settings
[2026-08-20T19:57:55.093Z] [LOG] [DEBUG] Caricamento configurazione catalogo da Supabase (tabella 'catalog_settings')...
[2026-08-20T19:57:55.144Z] [LOG] [DEBUG] Syncing price rules from Supabase table 'price_rules'...
[2026-08-20T20:19:45.291Z] [LOG] ‚úÖ File .env caricato correttamente in server.js
[2026-08-20T20:19:45.316Z] [LOG] üöÄ Server running on http://0.0.0.0:3000
[2026-08-20T20:19:45.316Z] [LOG] === INIZIO PULIZIA AUTOMATICA ARCHIVIO LOTTI ===
[2026-08-20T20:19:45.317Z] [LOG] [BACKEND CLEANUP] Pulizia lotti completata. Rimasti 3 lotti reali.
[2026-08-20T20:19:45.317Z] [LOG] === FINE PULIZIA AUTOMATICA ARCHIVIO LOTTI ===
[2026-08-20T20:19:48.318Z] [LOG] === CARICAMENTO IMPOSTAZIONI DA SUPABASE ALL'AVVIO ===
[2026-08-20T20:19:48.320Z] [LOG] [DEBUG] Caricamento configurazione catalogo da Supabase (tabella 'catalog_settings')...
[2026-08-20T20:19:48.364Z] [LOG] [DEBUG] Syncing price rules from Supabase table 'price_rules'...
[2026-08-20T20:19:48.438Z] [LOG] === INIZIO STANDARDIZZAZIONE DATABASE SUPABASE ===
[2026-08-20T20:19:49.211Z] [LOG] === COMPLETATO STANDARDIZZAZIONE DATABASE SUPABASE ===
[2026-08-20T20:20:11.203Z] [LOG] ‚úÖ File .env caricato correttamente in server.js
[2026-08-20T20:20:11.229Z] [LOG] üöÄ Server running on http://0.0.0.0:3000
[2026-08-20T20:20:11.229Z] [LOG] === INIZIO PULIZIA AUTOMATICA ARCHIVIO LOTTI ===
[2026-08-20T20:20:11.230Z] [LOG] [BACKEND CLEANUP] Pulizia lotti completata. Rimasti 3 lotti reali.
[2026-08-20T20:20:11.231Z] [LOG] === FINE PULIZIA AUTOMATICA ARCHIVIO LOTTI ===
[2026-08-20T20:20:14.232Z] [LOG] === CARICAMENTO IMPOSTAZIONI DA SUPABASE ALL'AVVIO ===
[2026-08-20T20:20:14.290Z] [LOG] [DEBUG] Caricamento configurazione catalogo da Supabase (tabella 'catalog_settings')...
[2026-08-20T20:20:14.445Z] [LOG] [DEBUG] Syncing price rules from Supabase table 'price_rules'...
[2026-08-20T20:20:14.579Z] [LOG] === INIZIO STANDARDIZZAZIONE DATABASE SUPABASE ===
[2026-08-20T20:20:15.242Z] [LOG] === COMPLETATO STANDARDIZZAZIONE DATABASE SUPABASE ===
[2026-08-20T20:20:18.324Z] [LOG] >>> ENTRATA GET /api/settings
[2026-08-20T20:20:18.325Z] [LOG] [DEBUG] Caricamento configurazione catalogo da Supabase (tabella 'catalog_settings')...
[2026-08-20T20:20:18.362Z] [LOG] [DEBUG] Syncing price rules from Supabase table 'price_rules'...
[2026-08-20T20:20:18.848Z] [LOG] [API /api/products] Successfully loaded 4625 products from Supabase via helper in 518ms
[2026-08-20T20:22:14.496Z] [LOG] >>> ENTRATA GET /api/settings
[2026-08-20T20:22:14.496Z] [LOG] [DEBUG] Caricamento configurazione catalogo da Supabase (tabella 'catalog_settings')...
[2026-08-20T20:22:14.540Z] [LOG] [DEBUG] Syncing price rules from Supabase table 'price_rules'...
[2026-08-20T20:27:56.142Z] [LOG] ‚úÖ File .env caricato correttamente in server.js
[2026-08-20T20:27:56.166Z] [LOG] üöÄ Server running on http://0.0.0.0:3000
[2026-08-20T20:27:56.166Z] [LOG] === INIZIO PULIZIA AUTOMATICA ARCHIVIO LOTTI ===
[2026-08-20T20:27:56.167Z] [LOG] [BACKEND CLEANUP] Pulizia lotti completata. Rimasti 3 lotti reali.
[2026-08-20T20:27:56.168Z] [LOG] === FINE PULIZIA AUTOMATICA ARCHIVIO LOTTI ===
[2026-08-20T20:27:59.169Z] [LOG] === CARICAMENTO IMPOSTAZIONI DA SUPABASE ALL'AVVIO ===
[2026-08-20T20:27:59.227Z] [LOG] [DEBUG] Caricamento configurazione catalogo da Supabase (tabella 'catalog_settings')...
[2026-08-20T20:27:59.350Z] [LOG] [DEBUG] Syncing price rules from Supabase table 'price_rules'...
[2026-08-20T20:27:59.483Z] [LOG] === INIZIO STANDARDIZZAZIONE DATABASE SUPABASE ===
[2026-08-20T20:28:00.312Z] [LOG] === COMPLETATO STANDARDIZZAZIONE DATABASE SUPABASE ===
[2026-08-20T20:28:03.061Z] [ERROR] ‚ùå Errore upload Supabase Storage bucket reviews: Bucket not found
[2026-08-20T20:28:03.061Z] [ERROR] ‚ö†Ô∏è Errore nel salvataggio della recensione: Impossibile caricare l'immagine su Supabase Storage (bucket 'reviews'): Bucket not found
[2026-08-21T09:46:08.627Z] [LOG] ‚úÖ File .env caricato correttamente in server.js
[2026-08-21T09:46:08.656Z] [LOG] üöÄ Server running on http://0.0.0.0:3000
[2026-08-21T09:46:08.656Z] [LOG] === INIZIO PULIZIA AUTOMATICA ARCHIVIO LOTTI ===
[2026-08-21T09:46:08.657Z] [LOG] [BACKEND CLEANUP] Pulizia lotti completata. Rimasti 3 lotti reali.
[2026-08-21T09:46:08.657Z] [LOG] === FINE PULIZIA AUTOMATICA ARCHIVIO LOTTI ===
[2026-08-21T09:46:11.660Z] [LOG] === CARICAMENTO IMPOSTAZIONI DA SUPABASE ALL'AVVIO ===
[2026-08-21T09:46:11.733Z] [LOG] [DEBUG] Caricamento configurazione catalogo da Supabase (tabella 'catalog_settings')...
[2026-08-21T09:46:11.908Z] [LOG] [DEBUG] Syncing price rules from Supabase table 'price_rules'...
[2026-08-21T09:46:12.073Z] [LOG] === INIZIO STANDARDIZZAZIONE DATABASE SUPABASE ===
[2026-08-21T09:46:12.813Z] [LOG] === COMPLETATO STANDARDIZZAZIONE DATABASE SUPABASE ===
[2026-08-21T09:46:13.433Z] [LOG] >>> ENTRATA GET /api/settings
[2026-08-21T09:46:13.433Z] [LOG] [DEBUG] Caricamento configurazione catalogo da Supabase (tabella 'catalog_settings')...
[2026-08-21T09:46:13.541Z] [LOG] [DEBUG] Syncing price rules from Supabase table 'price_rules'...
[2026-08-21T09:46:13.950Z] [LOG] [API /api/products] Successfully loaded 4625 products from Supabase via helper in 518ms
[2026-08-21T09:46:49.012Z] [LOG] ‚úÖ File .env caricato correttamente in server.js
[2026-08-21T09:48:56.907Z] [LOG] ‚úÖ File .env caricato correttamente in server.js
[2026-08-21T09:48:56.930Z] [LOG] üöÄ Server running on http://0.0.0.0:3000
[2026-08-21T09:48:56.930Z] [LOG] === INIZIO PULIZIA AUTOMATICA ARCHIVIO LOTTI ===
[2026-08-21T09:48:56.931Z] [LOG] [BACKEND CLEANUP] Pulizia lotti completata. Rimasti 3 lotti reali.
[2026-08-21T09:48:56.931Z] [LOG] === FINE PULIZIA AUTOMATICA ARCHIVIO LOTTI ===
[2026-08-21T09:48:59.933Z] [LOG] === CARICAMENTO IMPOSTAZIONI DA SUPABASE ALL'AVVIO ===
[2026-08-21T09:48:59.934Z] [LOG] [DEBUG] Caricamento configurazione catalogo da Supabase (tabella 'catalog_settings')...
[2026-08-21T09:49:00.173Z] [LOG] [DEBUG] Syncing price rules from Supabase table 'price_rules'...
[2026-08-21T09:49:00.318Z] [LOG] === INIZIO STANDARDIZZAZIONE DATABASE SUPABASE ===
[2026-08-21T09:49:00.969Z] [LOG] === COMPLETATO STANDARDIZZAZIONE DATABASE SUPABASE ===
[2026-08-21T09:49:02.190Z] [LOG] >>> ENTRATA GET /api/settings
[2026-08-21T09:49:02.190Z] [LOG] [DEBUG] Caricamento configurazione catalogo da Supabase (tabella 'catalog_settings')...
[2026-08-21T09:49:02.266Z] [LOG] [DEBUG] Syncing price rules from Supabase table 'price_rules'...
[2026-08-21T09:49:02.726Z] [LOG] [API /api/products] Successfully loaded 4625 products from Supabase via helper in 539ms
[2026-08-21T09:52:08.097Z] [LOG] [COUPON DEBUG]
Operazione: SELECT
Tabella: public.coupons
[2026-08-21T09:52:08.168Z] [LOG] [COUPON DEBUG]
Operazione: SELECT
Tabella: public.coupons
Numero coupon restituiti: 2
Risultato: SUCCESS
[2026-08-21T09:52:13.392Z] [LOG] ‚úÖ File .env caricato correttamente in server.js
[2026-08-21T09:52:13.415Z] [LOG] üöÄ Server running on http://0.0.0.0:3000
[2026-08-21T09:52:13.415Z] [LOG] === INIZIO PULIZIA AUTOMATICA ARCHIVIO LOTTI ===
[2026-08-21T09:52:13.416Z] [LOG] [BACKEND CLEANUP] Pulizia lotti completata. Rimasti 3 lotti reali.
[2026-08-21T09:52:13.416Z] [LOG] === FINE PULIZIA AUTOMATICA ARCHIVIO LOTTI ===
[2026-08-21T09:52:16.416Z] [LOG] === CARICAMENTO IMPOSTAZIONI DA SUPABASE ALL'AVVIO ===
[2026-08-21T09:52:16.417Z] [LOG] [DEBUG] Caricamento configurazione catalogo da Supabase (tabella 'catalog_settings')...
[2026-08-21T09:52:16.494Z] [LOG] [DEBUG] Syncing price rules from Supabase table 'price_rules'...
[2026-08-21T09:52:16.598Z] [LOG] === INIZIO STANDARDIZZAZIONE DATABASE SUPABASE ===
[2026-08-21T09:52:16.675Z] [LOG] >>> ENTRATA GET /api/settings
[2026-08-21T09:52:16.675Z] [LOG] [DEBUG] Caricamento configurazione catalogo da Supabase (tabella 'catalog_settings')...
[2026-08-21T09:52:16.723Z] [LOG] [DEBUG] Syncing price rules from Supabase table 'price_rules'...
[2026-08-21T09:52:17.234Z] [LOG] === COMPLETATO STANDARDIZZAZIONE DATABASE SUPABASE ===
[2026-08-21T09:52:17.454Z] [LOG] [COUPON DEBUG]
Operazione: SELECT
Tabella: public.coupons
[2026-08-21T09:52:17.488Z] [LOG] [COUPON DEBUG]
Operazione: SELECT
Tabella: public.coupons
Numero coupon restituiti: 2
Risultato: SUCCESS
[2026-08-21T09:52:18.937Z] [LOG] >>> ENTRATA GET /api/settings
[2026-08-21T09:52:18.937Z] [LOG] [DEBUG] Caricamento configurazione catalogo da Supabase (tabella 'catalog_settings')...
[2026-08-21T09:52:18.971Z] [LOG] [DEBUG] Syncing price rules from Supabase table 'price_rules'...
[2026-08-21T09:52:19.408Z] [LOG] [API /api/products] Successfully loaded 4625 products from Supabase via helper in 476ms
[2026-08-21T09:52:22.188Z] [LOG] >>> ENTRATA GET /api/settings
[2026-08-21T09:52:22.188Z] [LOG] [DEBUG] Caricamento configurazione catalogo da Supabase (tabella 'catalog_settings')...
[2026-08-21T09:52:22.225Z] [LOG] [DEBUG] Syncing price rules from Supabase table 'price_rules'...
[2026-08-21T09:52:24.545Z] [LOG] [COUPON DEBUG]
Operazione: SELECT
Tabella: public.coupons
[2026-08-21T09:52:24.578Z] [LOG] [COUPON DEBUG]
Operazione: SELECT
Tabella: public.coupons
Numero coupon restituiti: 2
Risultato: SUCCESS
[2026-08-21T09:52:32.950Z] [LOG] [COUPON DEBUG]
Operazione: SELECT
Tabella: public.coupons
[2026-08-21T09:52:33.007Z] [LOG] [COUPON DEBUG]
Operazione: SELECT
Tabella: public.coupons
Numero coupon restituiti: 2
Risultato: SUCCESS
[2026-08-21T09:52:33.008Z] [LOG] [COUPON DEBUG]
Operazione: CREATE
Codice: SPEDGRA
ID prima del salvataggio: (assegnato da PostgreSQL sequence)
Tabella: public.coupons
[2026-08-21T09:52:33.069Z] [LOG] [COUPON DEBUG]
Operazione: CREATE
Codice: SPEDGRA
Risultato Supabase: SUCCESS
ID restituito da Supabase: 34
[2026-08-21T09:52:33.188Z] [LOG] [COUPON DEBUG]
Operazione: SELECT
Tabella: public.coupons
[2026-08-21T09:52:33.227Z] [LOG] [COUPON DEBUG]
Operazione: SELECT
Tabella: public.coupons
Numero coupon restituiti: 3
Risultato: SUCCESS
[2026-08-21T09:52:36.282Z] [LOG] >>> ENTRATA GET /api/settings
[2026-08-21T09:52:36.282Z] [LOG] [DEBUG] Caricamento configurazione catalogo da Supabase (tabella 'catalog_settings')...
[2026-08-21T09:52:36.339Z] [LOG] [DEBUG] Syncing price rules from Supabase table 'price_rules'...
[2026-08-21T09:52:36.806Z] [LOG] [API /api/products] Successfully loaded 4625 products from Supabase via helper in 529ms
[2026-08-21T09:52:45.175Z] [LOG] [COUPON DEBUG]
Operazione: SELECT
Tabella: public.coupons
[2026-08-21T09:52:45.232Z] [LOG] [COUPON DEBUG]
Operazione: SELECT
Tabella: public.coupons
Numero coupon restituiti: 3
Risultato: SUCCESS
[2026-08-21T09:52:49.223Z] [LOG] [COUPON DEBUG]
Operazione: SELECT
Tabella: public.coupons
[2026-08-21T09:52:49.269Z] [LOG] [COUPON DEBUG]
Operazione: SELECT
Tabella: public.coupons
Numero coupon restituiti: 3
Risultato: SUCCESS
[2026-08-21T09:52:50.071Z] [LOG] [COUPON DEBUG]
Operazione: SELECT
Tabella: public.coupons
[2026-08-21T09:52:50.118Z] [LOG] [COUPON DEBUG]
Operazione: SELECT
Tabella: public.coupons
Numero coupon restituiti: 3
Risultato: SUCCESS
[2026-08-21T09:53:10.501Z] [LOG] =========================================
[2026-08-21T09:53:10.501Z] [LOG] üì¨ [DEBUG SERVER] POST /api/orders RECEIVED!
[2026-08-21T09:53:10.501Z] [LOG] 1. Full Body sent by frontend: {
  "nome": "Giuseppe Platania",
  "telefono": "393474975241",
  "carrello": [
    {
      "squadra": "Adulto kits 2026 Argentine Trasferta",
      "infoPerso": "Nessuna",
      "taglia": "S",
      "prezzo": 23.99,
      "imgUrl": "https://jerseys-catalog.com/upload/20260330/c2b621921c87e7db865440068ca9196d.png",
      "id": "9e0fc672-c650-4a07-bf50-c88a535dc6b6",
      "legacy_id": "913",
      "quantita": 1
    },
    {
      "squadra": "Spese di spedizione",
      "infoPerso": "Spedizione standard",
      "taglia": "-",
      "prezzo": 2,
      "quantita": 1,
      "imgUrl": ""
    }
  ],
  "user_id": "8313ed33-3330-4fdb-aaad-a4440bbd0a22",
  "access_token": "eyJhbGciOiJFUzI1NiIsImtpZCI6ImU0YmRmNTFhLTBkOWQtNDVkMC1iN2VmLTNmYjA1NjJlMjYzZCIsInR5cCI6IkpXVCJ9.eyJpc3MiOiJodHRwczovL3JjbnVlZGZ1ZWF5bWZwcGVzbmV0LnN1cGFiYXNlLmNvL2F1dGgvdjEiLCJzdWIiOiI4MzEzZWQzMy0zMzMwLTRmZGItYWFhZC1hNDQ0MGJiZDBhMjIiLCJhdWQiOiJhdXRoZW50aWNhdGVkIiwiZXhwIjoxNzg3MzA5MTczLCJpYXQiOjE3ODczMDU1NzMsImVtYWlsIjoic2VyZ2lvdHRvY2F0YW5pYUBnbWFpbC5jb20iLCJwaG9uZSI6IiIsImFwcF9tZXRhZGF0YSI6eyJwcm92aWRlciI6ImVtYWlsIiwicHJvdmlkZXJzIjpbImVtYWlsIl19LCJ1c2VyX21ldGFkYXRhIjp7ImNvZ25vbWUiOiJDYXRhbmlhIiwiZW1haWwiOiJzZXJnaW90dG9jYXRhbmlhQGdtYWlsLmNvbSIsImVtYWlsX3ZlcmlmaWVkIjp0cnVlLCJmaXJzdF9uYW1lIjoic2VyZ2lvIiwibGFzdF9uYW1lIjoiY2F0YW5pYSIsIm5vbWUiOiJTZXJnaW8iLCJwaG9uZV92ZXJpZmllZCI6ZmFsc2UsInN1YiI6IjgzMTNlZDMzLTMzMzAtNGZkYi1hYWFkLWE0NDQwYmJkMGEyMiIsInRlbGVmb25vIjoiMzcwMTM4NDkzMiIsIndpc2hsaXN0IjpbIjZkMmM4YWQ3LTQzMDgtNGVlNi04MjIzLWUwNWNhNTcwZGM3MCJdfSwicm9sZSI6ImF1dGhlbnRpY2F0ZWQiLCJhYWwiOiJhYWwxIiwiYW1yIjpbeyJtZXRob2QiOiJwYXNzd29yZCIsInRpbWVzdGFtcCI6MTc4NjE4ODc0Nn1dLCJzZXNzaW9uX2lkIjoiYjRjNzdlNGMtMGY1MC00Njc4LWEwMDEtOWM2NzdjZWRlMDRjIiwiaXNfYW5vbnltb3VzIjpmYWxzZX0.Zv79qVjoWyy139ugHSFMLNSWh_DcK2zrk8vY0pEVIgzeeeNtiuU-IKY2kSE2UrM3D_Em3bvH2gpTHjh0mninHg",
  "registered_name": "Sergio Catania",
  "coupon_code": "SPEDGRA",
  "coupon_discount": 2,
  "coupon_type": "fisso",
  "coupon_value": 2
}
[2026-08-21T09:53:10.502Z] [LOG] =========================================
[2026-08-21T09:53:11.107Z] [LOG] 2. Products in Cart:
[2026-08-21T09:53:11.108Z] [LOG] --- Cart Item #1 ---
[2026-08-21T09:53:11.108Z] [LOG] Item object: {
  "squadra": "Adulto kits 2026 Argentine Trasferta",
  "infoPerso": "Nessuna",
  "taglia": "S",
  "prezzo": 23.99,
  "imgUrl": "https://jerseys-catalog.com/upload/20260330/c2b621921c87e7db865440068ca9196d.png",
  "id": "9e0fc672-c650-4a07-bf50-c88a535dc6b6",
  "legacy_id": "913",
  "quantita": 1
}
[2026-08-21T09:53:11.108Z] [LOG] 3. Prezzo (prezzo): 23.99 (Parsed as: 23.99)
[2026-08-21T09:53:11.108Z] [LOG]    Quantita (quantita): 1 (Parsed as: 1)
[2026-08-21T09:53:11.109Z] [LOG] 
================ MATCHING REPORT ================
[2026-08-21T09:53:11.109Z] [LOG] Prodotto nel carrello: "Adulto kits 2026 Argentine Trasferta" (id: 9e0fc672-c650-4a07-bf50-c88a535dc6b6, legacy_id: 913)
‚Üì
Prodotto trovato su Supabase: "Adulto kits 2026 Argentine Trasferta" (id: 9e0fc672-c650-4a07-bf50-c88a535dc6b6, legacy_id: 913) tramite ID (9e0fc672-c650-4a07-bf50-c88a535dc6b6)
‚Üì
Prezzo fornitore recuperato: $8.00
[2026-08-21T09:53:11.109Z] [LOG] =================================================

[2026-08-21T09:53:11.110Z] [LOG] --- Cart Item #2 ---
[2026-08-21T09:53:11.110Z] [LOG] Item object: {
  "squadra": "Spese di spedizione",
  "infoPerso": "Spedizione standard",
  "taglia": "-",
  "prezzo": 2,
  "quantita": 1,
  "imgUrl": ""
}
[2026-08-21T09:53:11.110Z] [LOG] 3. Prezzo (prezzo): 2 (Parsed as: 2)
[2026-08-21T09:53:11.110Z] [LOG]    Quantita (quantita): 1 (Parsed as: 0)
[2026-08-21T09:53:11.112Z] [LOG] 
================ MATCHING REPORT ================
[2026-08-21T09:53:11.112Z] [LOG] Prodotto nel carrello: "Spese di spedizione" (id: N/A, legacy_id: N/A)
‚Üì
Prodotto trovato su Supabase: Nessuna corrispondenza trovata.
‚Üì
Prezzo fornitore recuperato: $0.00
‚Üì
Motivo dell'eventuale mancata corrispondenza: Il frontend non ha inviato id o legacy_id per questo prodotto. Nessun prodotto nel database corrisponde al nome/versione "Spese di spedizione".
[2026-08-21T09:53:11.112Z] [LOG] =================================================

[2026-08-21T09:53:11.112Z] [LOG] [COUPON DEBUG]
Operazione: SELECT
Tabella: public.coupons
[2026-08-21T09:53:11.152Z] [LOG] [COUPON DEBUG]
Operazione: SELECT
Tabella: public.coupons
Numero coupon restituiti: 3
Risultato: SUCCESS
[2026-08-21T09:53:11.258Z] [LOG] [COUPONS] Incrementato utilizzazioni coupon 'SPEDGRA' a 1
[2026-08-21T09:53:11.315Z] [LOG] === OVERALL CALCULATIONS & VALUES ===
[2026-08-21T09:53:11.316Z] [LOG] - totale_pagato_cliente: 23.99
[2026-08-21T09:53:11.316Z] [LOG] - costo_prodotti_usd: 8
[2026-08-21T09:53:11.316Z] [LOG] - order_shipping_usd (spedizione): 4
[2026-08-21T09:53:11.317Z] [LOG] - costo_totale_usd: 12
[2026-08-21T09:53:11.317Z] [LOG] - exchangeRate: 0.856037
[2026-08-21T09:53:11.317Z] [LOG] - costo_totale_eur: 10.272444
[2026-08-21T09:53:11.317Z] [LOG] - profitto_eur (5. Profitto calcolato): 13.717555999999998
[2026-08-21T09:53:11.318Z] [LOG] üì§ Registrazione dell'ordine nel database Supabase (atomica)...
[2026-08-21T09:53:11.318Z] [LOG] 
================ ORDER DATA DA SALVARE ================
[2026-08-21T09:53:11.319Z] [LOG] {
  "data": "21/08/2026, 09:53:11",
  "nome": "Giuseppe Platania",
  "telefono": "393474975241",
  "squadra": "1x Adulto kits 2026 Argentine Trasferta / 1x Spese di spedizione",
  "personalizzazione": "1x [Nessuna] | 1x [Spedizione standard]",
  "taglia": "1x [S] / 1x [-]",
  "totale": "23,99‚Ç¨",
  "foto": "=IMAGE(\"https://jerseys-catalog.com/upload/20260330/c2b621921c87e7db865440068ca9196d.png\")",
  "prezzo_fornitore": "1x $8.00 / 1x -",
  "costo_prodotti_usd": "8,00",
  "costo_spedizione_usd": "4,00",
  "costo_totale_usd": "12,00",
  "cambio_usd_eur": "0,8560",
  "costo_totale_eur": "10,27",
  "profitto_eur": "13,72",
  "is_archived": false,
  "carrello": [
    {
      "squadra": "Adulto kits 2026 Argentine Trasferta",
      "infoPerso": "Nessuna",
      "taglia": "S",
      "prezzo": 23.99,
      "imgUrl": "https://jerseys-catalog.com/upload/20260330/c2b621921c87e7db865440068ca9196d.png",
      "id": "9e0fc672-c650-4a07-bf50-c88a535dc6b6",
      "legacy_id": "913",
      "quantita": 1
    },
    {
      "squadra": "Spese di spedizione",
      "infoPerso": "Spedizione standard",
      "taglia": "-",
      "prezzo": 2,
      "quantita": 1,
      "imgUrl": ""
    }
  ],
  "coupon_code": "SPEDGRA",
  "coupon_discount": 2,
  "coupon_type": "fisso",
  "coupon_value": 2
}
[2026-08-21T09:53:11.319Z] [LOG] =======================================================

[2026-08-21T09:53:11.395Z] [LOG] 
================ RIGA SALVATA SU SUPABASE ================
[2026-08-21T09:53:11.395Z] [LOG] [
  {
    "id": 139,
    "data": "21/08/2026, 09:53:11",
    "nome": "Giuseppe Platania",
    "telefono": "393474975241",
    "squadra": "1x Adulto kits 2026 Argentine Trasferta / 1x Spese di spedizione",
    "personalizzazione": "1x [Nessuna] | 1x [Spedizione standard]",
    "taglia": "1x [S] / 1x [-]",
    "totale": "23,99‚Ç¨",
    "foto": "=IMAGE(\"https://jerseys-catalog.com/upload/20260330/c2b621921c87e7db865440068ca9196d.png\")",
    "prezzo_fornitore": "1x $8.00 / 1x -",
    "costo_prodotti_usd": "8,00",
    "costo_spedizione_usd": "4,00",
    "costo_totale_usd": "12,00",
    "cambio_usd_eur": "0,8560",
    "costo_totale_eur": "10,27",
    "profitto_eur": "13,72",
    "is_archived": false,
    "lotto_id": null,
    "carrello": [
      {
        "id": "9e0fc672-c650-4a07-bf50-c88a535dc6b6",
        "imgUrl": "https://jerseys-catalog.com/upload/20260330/c2b621921c87e7db865440068ca9196d.png",
        "prezzo": 23.99,
        "taglia": "S",
        "squadra": "Adulto kits 2026 Argentine Trasferta",
        "quantita": 1,
        "infoPerso": "Nessuna",
        "legacy_id": "913"
      },
      {
        "imgUrl": "",
        "prezzo": 2,
        "taglia": "-",
        "squadra": "Spese di spedizione",
        "quantita": 1,
        "infoPerso": "Spedizione standard"
      }
    ],
    "created_at": "2026-08-21T09:53:11.350653+00:00",
    "coupon_id": null,
    "coupon_code": "SPEDGRA",
    "coupon_name": null,
    "coupon_type": "fisso",
    "coupon_value": 2,
    "coupon_discount": 2,
    "free_shipping_discount": 0,
    "final_total_after_coupon": null
  }
]
[2026-08-21T09:53:11.395Z] [LOG] ==========================================================

[2026-08-21T09:53:11.395Z] [LOG] ‚úÖ Order inserted successfully in Supabase 'orders' table.
[2026-08-21T09:53:11.395Z] [LOG] üì§ Ricalcolo automatico del lotto corrente (atomico)...
[2026-08-21T09:53:11.487Z] [LOG] =================================
[2026-08-21T09:53:11.487Z] [LOG] DEBUG AREA CLIENTE
[2026-08-21T09:53:11.489Z] [LOG] insertedAdminOrder: {
  "id": 139,
  "data": "21/08/2026, 09:53:11",
  "nome": "Giuseppe Platania",
  "telefono": "393474975241",
  "squadra": "1x Adulto kits 2026 Argentine Trasferta / 1x Spese di spedizione",
  "personalizzazione": "1x [Nessuna] | 1x [Spedizione standard]",
  "taglia": "1x [S] / 1x [-]",
  "totale": "23,99‚Ç¨",
  "foto": "=IMAGE(\"https://jerseys-catalog.com/upload/20260330/c2b621921c87e7db865440068ca9196d.png\")",
  "prezzo_fornitore": "1x $8.00 / 1x -",
  "costo_prodotti_usd": "8,00",
  "costo_spedizione_usd": "4,00",
  "costo_totale_usd": "12,00",
  "cambio_usd_eur": "0,8560",
  "costo_totale_eur": "10,27",
  "profitto_eur": "13,72",
  "is_archived": false,
  "lotto_id": null,
  "carrello": [
    {
      "id": "9e0fc672-c650-4a07-bf50-c88a535dc6b6",
      "imgUrl": "https://jerseys-catalog.com/upload/20260330/c2b621921c87e7db865440068ca9196d.png",
      "prezzo": 23.99,
      "taglia": "S",
      "squadra": "Adulto kits 2026 Argentine Trasferta",
      "quantita": 1,
      "infoPerso": "Nessuna",
      "legacy_id": "913"
    },
    {
      "imgUrl": "",
      "prezzo": 2,
      "taglia": "-",
      "squadra": "Spese di spedizione",
      "quantita": 1,
      "infoPerso": "Spedizione standard"
    }
  ],
  "created_at": "2026-08-21T09:53:11.350653+00:00",
  "coupon_id": null,
  "coupon_code": "SPEDGRA",
  "coupon_name": null,
  "coupon_type": "fisso",
  "coupon_value": 2,
  "coupon_discount": 2,
  "free_shipping_discount": 0,
  "final_total_after_coupon": null
}
[2026-08-21T09:53:11.490Z] [LOG] user_id: 8313ed33-3330-4fdb-aaad-a4440bbd0a22
[2026-08-21T09:53:11.490Z] [LOG] access_token: PRESENTE
[2026-08-21T09:53:11.490Z] [LOG] =================================
[2026-08-21T09:53:11.490Z] [LOG] üë§ Utente autenticato rilevato (8313ed33-3330-4fdb-aaad-a4440bbd0a22). Associazione dell'ordine all'Area Cliente...
[2026-08-21T09:53:11.493Z] [LOG] üì§ Inserimento in customer_orders: {
  "user_id": "8313ed33-3330-4fdb-aaad-a4440bbd0a22",
  "order_number": "ORD-139",
  "admin_order_id": 139,
  "subtotal": 23.99,
  "shipping": 2,
  "total": 23.99,
  "payment_status": "pending",
  "status": "Ordine Ricevuto",
  "created_at": "2026-08-21T09:53:11.492Z",
  "updated_at": "2026-08-21T09:53:11.492Z",
  "coupon_code": "SPEDGRA",
  "coupon_discount": 2,
  "coupon_type": "fisso",
  "coupon_value": 2
}
[2026-08-21T09:53:11.550Z] [WARN] ‚ö†Ô∏è Colonna coupon_type non trovata su customer_orders (tabella non aggiornata). Riprovo l'inserimento senza coupon_type e coupon_value...
[2026-08-21T09:53:11.607Z] [LOG] ‚úÖ Inserito in customer_orders con ID: 0e33033c-a738-4286-8778-4ee14bc6cc32
[2026-08-21T09:53:11.608Z] [LOG] üì§ Inserimento in customer_order_items: [
  {
    "order_id": "0e33033c-a738-4286-8778-4ee14bc6cc32",
    "product_id": 913,
    "nome": "Adulto kits 2026 Argentine Trasferta",
    "categoria": "Kit",
    "stagione": "2026/2027",
    "taglia": "S",
    "personalizzazione": "Nessuna",
    "prezzo": 23.99,
    "quantita": 1
  }
]
[2026-08-21T09:53:11.654Z] [LOG] ‚úÖ Inseriti tutti i prodotti dell'ordine in customer_order_items!
[2026-08-21T09:53:11.654Z] [LOG] === DEBUG SERVER SUCCESS ===
[2026-08-21T09:53:51.241Z] [LOG] [COUPON DEBUG]
Operazione: SELECT
Tabella: public.coupons
[2026-08-21T09:53:51.300Z] [LOG] [COUPON DEBUG]
Operazione: SELECT
Tabella: public.coupons
Numero coupon restituiti: 3
Risultato: SUCCESS
[2026-08-21T09:53:51.762Z] [LOG] Costo completino USD: 11
[2026-08-21T09:53:51.763Z] [LOG] Costo spedizione USD: 4
[2026-08-21T09:53:51.763Z] [LOG] Costo personalizzazioni USD: 3
[2026-08-21T09:53:51.763Z] [LOG] Totale USD: 18
[2026-08-21T09:53:51.763Z] [LOG] Cambio USD/EUR: 0.856037
[2026-08-21T09:53:51.763Z] [LOG] Prezzo finale EUR: 15.41
[2026-08-21T09:53:51.763Z] [LOG] Totale cliente: 15.41
[2026-08-21T09:54:05.515Z] [LOG] =========================================
[2026-08-21T09:54:05.515Z] [LOG] üì¨ [DEBUG SERVER] POST /api/orders RECEIVED!
[2026-08-21T09:54:05.515Z] [LOG] 1. Full Body sent by frontend: {
  "nome": "Riccardo Giovanni Torrisi",
  "telefono": "393455347496",
  "carrello": [
    {
      "squadra": "Retro 98 Fiorentina Casa",
      "infoPerso": "Nome: BATISTUTA - Num: 9 - Patch: SERIE A",
      "taglia": "M",
      "prezzo": 25.99,
      "imgUrl": "https://jerseys-catalog.com/upload/20240413/965e80a516c9e58e6dcfec0bae06c7c4.jpeg",
      "id": "b471fb27-98e9-4ddd-8ab8-4e95257f27a0",
      "legacy_id": "473",
      "quantita": 1
    }
  ],
  "user_id": "8313ed33-3330-4fdb-aaad-a4440bbd0a22",
  "access_token": "eyJhbGciOiJFUzI1NiIsImtpZCI6ImU0YmRmNTFhLTBkOWQtNDVkMC1iN2VmLTNmYjA1NjJlMjYzZCIsInR5cCI6IkpXVCJ9.eyJpc3MiOiJodHRwczovL3JjbnVlZGZ1ZWF5bWZwcGVzbmV0LnN1cGFiYXNlLmNvL2F1dGgvdjEiLCJzdWIiOiI4MzEzZWQzMy0zMzMwLTRmZGItYWFhZC1hNDQ0MGJiZDBhMjIiLCJhdWQiOiJhdXRoZW50aWNhdGVkIiwiZXhwIjoxNzg3MzA5MTczLCJpYXQiOjE3ODczMDU1NzMsImVtYWlsIjoic2VyZ2lvdHRvY2F0YW5pYUBnbWFpbC5jb20iLCJwaG9uZSI6IiIsImFwcF9tZXRhZGF0YSI6eyJwcm92aWRlciI6ImVtYWlsIiwicHJvdmlkZXJzIjpbImVtYWlsIl19LCJ1c2VyX21ldGFkYXRhIjp7ImNvZ25vbWUiOiJDYXRhbmlhIiwiZW1haWwiOiJzZXJnaW90dG9jYXRhbmlhQGdtYWlsLmNvbSIsImVtYWlsX3ZlcmlmaWVkIjp0cnVlLCJmaXJzdF9uYW1lIjoic2VyZ2lvIiwibGFzdF9uYW1lIjoiY2F0YW5pYSIsIm5vbWUiOiJTZXJnaW8iLCJwaG9uZV92ZXJpZmllZCI6ZmFsc2UsInN1YiI6IjgzMTNlZDMzLTMzMzAtNGZkYi1hYWFkLWE0NDQwYmJkMGEyMiIsInRlbGVmb25vIjoiMzcwMTM4NDkzMiIsIndpc2hsaXN0IjpbIjZkMmM4YWQ3LTQzMDgtNGVlNi04MjIzLWUwNWNhNTcwZGM3MCJdfSwicm9sZSI6ImF1dGhlbnRpY2F0ZWQiLCJhYWwiOiJhYWwxIiwiYW1yIjpbeyJtZXRob2QiOiJwYXNzd29yZCIsInRpbWVzdGFtcCI6MTc4NjE4ODc0Nn1dLCJzZXNzaW9uX2lkIjoiYjRjNzdlNGMtMGY1MC00Njc4LWEwMDEtOWM2NzdjZWRlMDRjIiwiaXNfYW5vbnltb3VzIjpmYWxzZX0.Zv79qVjoWyy139ugHSFMLNSWh_DcK2zrk8vY0pEVIgzeeeNtiuU-IKY2kSE2UrM3D_Em3bvH2gpTHjh0mninHg",
  "registered_name": "Sergio Catania",
  "coupon_code": "MIAKHALIFA",
  "coupon_discount": 0,
  "coupon_type": "fornitore",
  "coupon_value": 0
}
[2026-08-21T09:54:05.515Z] [LOG] =========================================
[2026-08-21T09:54:06.048Z] [LOG] 2. Products in Cart:
[2026-08-21T09:54:06.048Z] [LOG] --- Cart Item #1 ---
[2026-08-21T09:54:06.048Z] [LOG] Item object: {
  "squadra": "Retro 98 Fiorentina Casa",
  "infoPerso": "Nome: BATISTUTA - Num: 9 - Patch: SERIE A",
  "taglia": "M",
  "prezzo": 25.99,
  "imgUrl": "https://jerseys-catalog.com/upload/20240413/965e80a516c9e58e6dcfec0bae06c7c4.jpeg",
  "id": "b471fb27-98e9-4ddd-8ab8-4e95257f27a0",
  "legacy_id": "473",
  "quantita": 1
}
[2026-08-21T09:54:06.048Z] [LOG] 3. Prezzo (prezzo): 25.99 (Parsed as: 25.99)
[2026-08-21T09:54:06.048Z] [LOG]    Quantita (quantita): 1 (Parsed as: 1)
[2026-08-21T09:54:06.048Z] [LOG] 
================ MATCHING REPORT ================
[2026-08-21T09:54:06.049Z] [LOG] Prodotto nel carrello: "Retro 98 Fiorentina Casa" (id: b471fb27-98e9-4ddd-8ab8-4e95257f27a0, legacy_id: 473)
‚Üì
Prodotto trovato su Supabase: "Retro 98 Fiorentina Casa" (id: b471fb27-98e9-4ddd-8ab8-4e95257f27a0, legacy_id: 473) tramite ID (b471fb27-98e9-4ddd-8ab8-4e95257f27a0)
‚Üì
Prezzo fornitore recuperato: $11.00
[2026-08-21T09:54:06.049Z] [LOG] =================================================

[2026-08-21T09:54:06.049Z] [LOG] [COUPON DEBUG]
Operazione: SELECT
Tabella: public.coupons
[2026-08-21T09:54:06.099Z] [LOG] [COUPON DEBUG]
Operazione: SELECT
Tabella: public.coupons
Numero coupon restituiti: 3
Risultato: SUCCESS
[2026-08-21T09:54:06.134Z] [LOG] Costo completino USD: 11
[2026-08-21T09:54:06.134Z] [LOG] Costo spedizione USD: 4
[2026-08-21T09:54:06.134Z] [LOG] Costo personalizzazioni USD: 3
[2026-08-21T09:54:06.134Z] [LOG] Totale USD: 18
[2026-08-21T09:54:06.134Z] [LOG] Cambio USD/EUR: 0.856037
[2026-08-21T09:54:06.134Z] [LOG] Prezzo finale EUR: 15.41
[2026-08-21T09:54:06.134Z] [LOG] Totale cliente: 15.41
[2026-08-21T09:54:06.214Z] [LOG] [COUPONS] Incrementato utilizzazioni coupon 'MIAKHALIFA' a 8
[2026-08-21T09:54:06.232Z] [LOG] === OVERALL CALCULATIONS & VALUES ===
[2026-08-21T09:54:06.232Z] [LOG] - totale_pagato_cliente: 15.41
[2026-08-21T09:54:06.232Z] [LOG] - costo_prodotti_usd: 14
[2026-08-21T09:54:06.232Z] [LOG] - order_shipping_usd (spedizione): 4
[2026-08-21T09:54:06.232Z] [LOG] - costo_totale_usd: 18
[2026-08-21T09:54:06.232Z] [LOG] - exchangeRate: 0.856037
[2026-08-21T09:54:06.233Z] [LOG] - costo_totale_eur: 15.408666
[2026-08-21T09:54:06.233Z] [LOG] - profitto_eur (5. Profitto calcolato): 0.0013339999999999463
[2026-08-21T09:54:06.233Z] [LOG] üì§ Registrazione dell'ordine nel database Supabase (atomica)...
[2026-08-21T09:54:06.233Z] [LOG] 
================ ORDER DATA DA SALVARE ================
[2026-08-21T09:54:06.234Z] [LOG] {
  "data": "21/08/2026, 09:54:06",
  "nome": "Riccardo Giovanni Torrisi",
  "telefono": "393455347496",
  "squadra": "1x Retro 98 Fiorentina Casa",
  "personalizzazione": "1x [Nome: BATISTUTA - Num: 9 - Patch: SERIE A]",
  "taglia": "1x [M]",
  "totale": "15,41‚Ç¨",
  "foto": "=IMAGE(\"https://jerseys-catalog.com/upload/20240413/965e80a516c9e58e6dcfec0bae06c7c4.jpeg\")",
  "prezzo_fornitore": "1x $14.00",
  "costo_prodotti_usd": "14,00",
  "costo_spedizione_usd": "4,00",
  "costo_totale_usd": "18,00",
  "cambio_usd_eur": "0,8560",
  "costo_totale_eur": "15,41",
  "profitto_eur": "0,00",
  "is_archived": false,
  "carrello": [
    {
      "squadra": "Retro 98 Fiorentina Casa",
      "infoPerso": "Nome: BATISTUTA - Num: 9 - Patch: SERIE A",
      "taglia": "M",
      "prezzo": 25.99,
      "imgUrl": "https://jerseys-catalog.com/upload/20240413/965e80a516c9e58e6dcfec0bae06c7c4.jpeg",
      "id": "b471fb27-98e9-4ddd-8ab8-4e95257f27a0",
      "legacy_id": "473",
      "quantita": 1
    }
  ],
  "coupon_code": "MIAKHALIFA",
  "coupon_discount": 0,
  "coupon_type": "fornitore",
  "coupon_value": 0
}
[2026-08-21T09:54:06.234Z] [LOG] =======================================================

[2026-08-21T09:54:06.278Z] [LOG] 
================ RIGA SALVATA SU SUPABASE ================
[2026-08-21T09:54:06.278Z] [LOG] [
  {
    "id": 140,
    "data": "21/08/2026, 09:54:06",
    "nome": "Riccardo Giovanni Torrisi",
    "telefono": "393455347496",
    "squadra": "1x Retro 98 Fiorentina Casa",
    "personalizzazione": "1x [Nome: BATISTUTA - Num: 9 - Patch: SERIE A]",
    "taglia": "1x [M]",
    "totale": "15,41‚Ç¨",
    "foto": "=IMAGE(\"https://jerseys-catalog.com/upload/20240413/965e80a516c9e58e6dcfec0bae06c7c4.jpeg\")",
    "prezzo_fornitore": "1x $14.00",
    "costo_prodotti_usd": "14,00",
    "costo_spedizione_usd": "4,00",
    "costo_totale_usd": "18,00",
    "cambio_usd_eur": "0,8560",
    "costo_totale_eur": "15,41",
    "profitto_eur": "0,00",
    "is_archived": false,
    "lotto_id": null,
    "carrello": [
      {
        "id": "b471fb27-98e9-4ddd-8ab8-4e95257f27a0",
        "imgUrl": "https://jerseys-catalog.com/upload/20240413/965e80a516c9e58e6dcfec0bae06c7c4.jpeg",
        "prezzo": 25.99,
        "taglia": "M",
        "squadra": "Retro 98 Fiorentina Casa",
        "quantita": 1,
        "infoPerso": "Nome: BATISTUTA - Num: 9 - Patch: SERIE A",
        "legacy_id": "473"
      }
    ],
    "created_at": "2026-08-21T09:54:06.257889+00:00",
    "coupon_id": null,
    "coupon_code": "MIAKHALIFA",
    "coupon_name": null,
    "coupon_type": "fornitore",
    "coupon_value": 0,
    "coupon_discount": 0,
    "free_shipping_discount": 0,
    "final_total_after_coupon": null
  }
]
[2026-08-21T09:54:06.278Z] [LOG] ==========================================================

[2026-08-21T09:54:06.278Z] [LOG] ‚úÖ Order inserted successfully in Supabase 'orders' table.
[2026-08-21T09:54:06.278Z] [LOG] üì§ Ricalcolo automatico del lotto corrente (atomico)...
[2026-08-21T09:54:06.358Z] [LOG] =================================
[2026-08-21T09:54:06.358Z] [LOG] DEBUG AREA CLIENTE
[2026-08-21T09:54:06.358Z] [LOG] insertedAdminOrder: {
  "id": 140,
  "data": "21/08/2026, 09:54:06",
  "nome": "Riccardo Giovanni Torrisi",
  "telefono": "393455347496",
  "squadra": "1x Retro 98 Fiorentina Casa",
  "personalizzazione": "1x [Nome: BATISTUTA - Num: 9 - Patch: SERIE A]",
  "taglia": "1x [M]",
  "totale": "15,41‚Ç¨",
  "foto": "=IMAGE(\"https://jerseys-catalog.com/upload/20240413/965e80a516c9e58e6dcfec0bae06c7c4.jpeg\")",
  "prezzo_fornitore": "1x $14.00",
  "costo_prodotti_usd": "14,00",
  "costo_spedizione_usd": "4,00",
  "costo_totale_usd": "18,00",
  "cambio_usd_eur": "0,8560",
  "costo_totale_eur": "15,41",
  "profitto_eur": "0,00",
  "is_archived": false,
  "lotto_id": null,
  "carrello": [
    {
      "id": "b471fb27-98e9-4ddd-8ab8-4e95257f27a0",
      "imgUrl": "https://jerseys-catalog.com/upload/20240413/965e80a516c9e58e6dcfec0bae06c7c4.jpeg",
      "prezzo": 25.99,
      "taglia": "M",
      "squadra": "Retro 98 Fiorentina Casa",
      "quantita": 1,
      "infoPerso": "Nome: BATISTUTA - Num: 9 - Patch: SERIE A",
      "legacy_id": "473"
    }
  ],
  "created_at": "2026-08-21T09:54:06.257889+00:00",
  "coupon_id": null,
  "coupon_code": "MIAKHALIFA",
  "coupon_name": null,
  "coupon_type": "fornitore",
  "coupon_value": 0,
  "coupon_discount": 0,
  "free_shipping_discount": 0,
  "final_total_after_coupon": null
}
[2026-08-21T09:54:06.359Z] [LOG] user_id: 8313ed33-3330-4fdb-aaad-a4440bbd0a22
[2026-08-21T09:54:06.359Z] [LOG] access_token: PRESENTE
[2026-08-21T09:54:06.359Z] [LOG] =================================
[2026-08-21T09:54:06.359Z] [LOG] üë§ Utente autenticato rilevato (8313ed33-3330-4fdb-aaad-a4440bbd0a22). Associazione dell'ordine all'Area Cliente...
[2026-08-21T09:54:06.362Z] [LOG] üì§ Inserimento in customer_orders: {
  "user_id": "8313ed33-3330-4fdb-aaad-a4440bbd0a22",
  "order_number": "ORD-140",
  "admin_order_id": 140,
  "subtotal": 25.99,
  "shipping": 0,
  "total": 15.41,
  "payment_status": "pending",
  "status": "Ordine Ricevuto",
  "created_at": "2026-08-21T09:54:06.360Z",
  "updated_at": "2026-08-21T09:54:06.360Z",
  "coupon_code": "MIAKHALIFA",
  "coupon_discount": 0,
  "coupon_type": "fornitore",
  "coupon_value": 0
}
[2026-08-21T09:54:06.400Z] [WARN] ‚ö†Ô∏è Colonna coupon_type non trovata su customer_orders (tabella non aggiornata). Riprovo l'inserimento senza coupon_type e coupon_value...
[2026-08-21T09:54:06.442Z] [LOG] ‚úÖ Inserito in customer_orders con ID: d00ee38f-1441-4d4a-9d28-0a4f373c061e
[2026-08-21T09:54:06.442Z] [LOG] üì§ Inserimento in customer_order_items: [
  {
    "order_id": "d00ee38f-1441-4d4a-9d28-0a4f373c061e",
    "product_id": 473,
    "nome": "Retro 98 Fiorentina Casa",
    "categoria": "Retro",
    "stagione": "2024/2025",
    "taglia": "M",
    "personalizzazione": "Nome: BATISTUTA - Num: 9 - Patch: SERIE A",
    "prezzo": 25.99,
    "quantita": 1
  }
]
[2026-08-21T09:54:06.481Z] [LOG] ‚úÖ Inseriti tutti i prodotti dell'ordine in customer_order_items!
[2026-08-21T09:54:06.481Z] [LOG] === DEBUG SERVER SUCCESS ===
[2026-08-21T09:55:45.505Z] [LOG] =========================================
[2026-08-21T09:55:45.505Z] [LOG] üì¨ [DEBUG SERVER] POST /api/orders RECEIVED!
[2026-08-21T09:55:45.505Z] [LOG] 1. Full Body sent by frontend: {
  "nome": "Riccardo Giovanni Torrisi",
  "telefono": "393455347496",
  "carrello": [
    {
      "squadra": "Kit Casa Norvegia",
      "infoPerso": "Nessuna",
      "taglia": "S",
      "prezzo": 23.99,
      "imgUrl": "https://jerseys-catalog.com/upload/20260414/1aac10bc83f48f5cdbe918afe1924ad5.png#zoom=1.2&x=0&y=0",
      "id": "99297cb8-c2f7-444e-9a9d-17d22b8457eb",
      "legacy_id": "836",
      "quantita": 1
    },
    {
      "squadra": "Bambino kits 26/27 Juventus Casa",
      "infoPerso": "Nome: AURORA - Num: 21",
      "taglia": "16",
      "prezzo": 24.99,
      "imgUrl": "https://jerseys-catalog.com/upload/20260529/00d672d61c347e9c6ef6390a06f592b5.png",
      "id": "8a43d609-420e-4d41-a29e-cbdd77dd520f",
      "legacy_id": "2074",
      "quantita": 1
    },
    {
      "squadra": "Adulto kits 26/27 Juventus Casa",
      "infoPerso": "Nome: YILDIZ - Num: 10",
      "taglia": "M",
      "prezzo": 26.99,
      "imgUrl": "https://jerseys-catalog.com/upload/20260522/f8cc2731522c2d77336fadcaf76adc9e.png",
      "id": "55523f1a-874f-4ad4-bc85-bc2aaead593e",
      "legacy_id": "1958",
      "quantita": 1
    }
  ],
  "user_id": "8313ed33-3330-4fdb-aaad-a4440bbd0a22",
  "access_token": "eyJhbGciOiJFUzI1NiIsImtpZCI6ImU0YmRmNTFhLTBkOWQtNDVkMC1iN2VmLTNmYjA1NjJlMjYzZCIsInR5cCI6IkpXVCJ9.eyJpc3MiOiJodHRwczovL3JjbnVlZGZ1ZWF5bWZwcGVzbmV0LnN1cGFiYXNlLmNvL2F1dGgvdjEiLCJzdWIiOiI4MzEzZWQzMy0zMzMwLTRmZGItYWFhZC1hNDQ0MGJiZDBhMjIiLCJhdWQiOiJhdXRoZW50aWNhdGVkIiwiZXhwIjoxNzg3MzA5MTczLCJpYXQiOjE3ODczMDU1NzMsImVtYWlsIjoic2VyZ2lvdHRvY2F0YW5pYUBnbWFpbC5jb20iLCJwaG9uZSI6IiIsImFwcF9tZXRhZGF0YSI6eyJwcm92aWRlciI6ImVtYWlsIiwicHJvdmlkZXJzIjpbImVtYWlsIl19LCJ1c2VyX21ldGFkYXRhIjp7ImNvZ25vbWUiOiJDYXRhbmlhIiwiZW1haWwiOiJzZXJnaW90dG9jYXRhbmlhQGdtYWlsLmNvbSIsImVtYWlsX3ZlcmlmaWVkIjp0cnVlLCJmaXJzdF9uYW1lIjoic2VyZ2lvIiwibGFzdF9uYW1lIjoiY2F0YW5pYSIsIm5vbWUiOiJTZXJnaW8iLCJwaG9uZV92ZXJpZmllZCI6ZmFsc2UsInN1YiI6IjgzMTNlZDMzLTMzMzAtNGZkYi1hYWFkLWE0NDQwYmJkMGEyMiIsInRlbGVmb25vIjoiMzcwMTM4NDkzMiIsIndpc2hsaXN0IjpbIjZkMmM4YWQ3LTQzMDgtNGVlNi04MjIzLWUwNWNhNTcwZGM3MCJdfSwicm9sZSI6ImF1dGhlbnRpY2F0ZWQiLCJhYWwiOiJhYWwxIiwiYW1yIjpbeyJtZXRob2QiOiJwYXNzd29yZCIsInRpbWVzdGFtcCI6MTc4NjE4ODc0Nn1dLCJzZXNzaW9uX2lkIjoiYjRjNzdlNGMtMGY1MC00Njc4LWEwMDEtOWM2NzdjZWRlMDRjIiwiaXNfYW5vbnltb3VzIjpmYWxzZX0.Zv79qVjoWyy139ugHSFMLNSWh_DcK2zrk8vY0pEVIgzeeeNtiuU-IKY2kSE2UrM3D_Em3bvH2gpTHjh0mninHg",
  "registered_name": "Sergio Catania",
  "coupon_code": null,
  "coupon_discount": null,
  "coupon_type": null,
  "coupon_value": null
}
[2026-08-21T09:55:45.505Z] [LOG] =========================================
[2026-08-21T09:55:46.006Z] [LOG] 2. Products in Cart:
[2026-08-21T09:55:46.007Z] [LOG] --- Cart Item #1 ---
[2026-08-21T09:55:46.007Z] [LOG] Item object: {
  "squadra": "Kit Casa Norvegia",
  "infoPerso": "Nessuna",
  "taglia": "S",
  "prezzo": 23.99,
  "imgUrl": "https://jerseys-catalog.com/upload/20260414/1aac10bc83f48f5cdbe918afe1924ad5.png#zoom=1.2&x=0&y=0",
  "id": "99297cb8-c2f7-444e-9a9d-17d22b8457eb",
  "legacy_id": "836",
  "quantita": 1
}
[2026-08-21T09:55:46.007Z] [LOG] 3. Prezzo (prezzo): 23.99 (Parsed as: 23.99)
[2026-08-21T09:55:46.007Z] [LOG]    Quantita (quantita): 1 (Parsed as: 1)
[2026-08-21T09:55:46.007Z] [LOG] 
================ MATCHING REPORT ================
[2026-08-21T09:55:46.008Z] [LOG] Prodotto nel carrello: "Kit Casa Norvegia" (id: 99297cb8-c2f7-444e-9a9d-17d22b8457eb, legacy_id: 836)
‚Üì
Prodotto trovato su Supabase: "Kit Casa Norvegia" (id: 99297cb8-c2f7-444e-9a9d-17d22b8457eb, legacy_id: 836) tramite ID (99297cb8-c2f7-444e-9a9d-17d22b8457eb)
‚Üì
Prezzo fornitore recuperato: $8.30
[2026-08-21T09:55:46.008Z] [LOG] =================================================

[2026-08-21T09:55:46.008Z] [LOG] --- Cart Item #2 ---
[2026-08-21T09:55:46.008Z] [LOG] Item object: {
  "squadra": "Bambino kits 26/27 Juventus Casa",
  "infoPerso": "Nome: AURORA - Num: 21",
  "taglia": "16",
  "prezzo": 24.99,
  "imgUrl": "https://jerseys-catalog.com/upload/20260529/00d672d61c347e9c6ef6390a06f592b5.png",
  "id": "8a43d609-420e-4d41-a29e-cbdd77dd520f",
  "legacy_id": "2074",
  "quantita": 1
}
[2026-08-21T09:55:46.008Z] [LOG] 3. Prezzo (prezzo): 24.99 (Parsed as: 24.99)
[2026-08-21T09:55:46.008Z] [LOG]    Quantita (quantita): 1 (Parsed as: 1)
[2026-08-21T09:55:46.009Z] [LOG] 
================ MATCHING REPORT ================
[2026-08-21T09:55:46.009Z] [LOG] Prodotto nel carrello: "Bambino kits 26/27 Juventus Casa" (id: 8a43d609-420e-4d41-a29e-cbdd77dd520f, legacy_id: 2074)
‚Üì
Prodotto trovato su Supabase: "Bambino kits 26/27 Juventus Casa" (id: 8a43d609-420e-4d41-a29e-cbdd77dd520f, legacy_id: 2074) tramite ID (8a43d609-420e-4d41-a29e-cbdd77dd520f)
‚Üì
Prezzo fornitore recuperato: $7.00
[2026-08-21T09:55:46.009Z] [LOG] =================================================

[2026-08-21T09:55:46.009Z] [LOG] --- Cart Item #3 ---
[2026-08-21T09:55:46.009Z] [LOG] Item object: {
  "squadra": "Adulto kits 26/27 Juventus Casa",
  "infoPerso": "Nome: YILDIZ - Num: 10",
  "taglia": "M",
  "prezzo": 26.99,
  "imgUrl": "https://jerseys-catalog.com/upload/20260522/f8cc2731522c2d77336fadcaf76adc9e.png",
  "id": "55523f1a-874f-4ad4-bc85-bc2aaead593e",
  "legacy_id": "1958",
  "quantita": 1
}
[2026-08-21T09:55:46.009Z] [LOG] 3. Prezzo (prezzo): 26.99 (Parsed as: 26.99)
[2026-08-21T09:55:46.009Z] [LOG]    Quantita (quantita): 1 (Parsed as: 1)
[2026-08-21T09:55:46.010Z] [LOG] 
================ MATCHING REPORT ================
[2026-08-21T09:55:46.010Z] [LOG] Prodotto nel carrello: "Adulto kits 26/27 Juventus Casa" (id: 55523f1a-874f-4ad4-bc85-bc2aaead593e, legacy_id: 1958)
‚Üì
Prodotto trovato su Supabase: "Adulto kits 26/27 Juventus Casa" (id: 55523f1a-874f-4ad4-bc85-bc2aaead593e, legacy_id: 1958) tramite ID (55523f1a-874f-4ad4-bc85-bc2aaead593e)
‚Üì
Prezzo fornitore recuperato: $8.00
[2026-08-21T09:55:46.010Z] [LOG] =================================================

[2026-08-21T09:55:46.039Z] [LOG] === OVERALL CALCULATIONS & VALUES ===
[2026-08-21T09:55:46.039Z] [LOG] - totale_pagato_cliente: 75.97
[2026-08-21T09:55:46.039Z] [LOG] - costo_prodotti_usd: 27.3
[2026-08-21T09:55:46.040Z] [LOG] - order_shipping_usd (spedizione): 12
[2026-08-21T09:55:46.040Z] [LOG] - costo_totale_usd: 39.3
[2026-08-21T09:55:46.040Z] [LOG] - exchangeRate: 0.856037
[2026-08-21T09:55:46.040Z] [LOG] - costo_totale_eur: 33.6422541
[2026-08-21T09:55:46.040Z] [LOG] - profitto_eur (5. Profitto calcolato): 42.3277459
[2026-08-21T09:55:46.041Z] [LOG] üì§ Registrazione dell'ordine nel database Supabase (atomica)...
[2026-08-21T09:55:46.041Z] [LOG] 
================ ORDER DATA DA SALVARE ================
[2026-08-21T09:55:46.041Z] [LOG] {
  "data": "21/08/2026, 09:55:46",
  "nome": "Riccardo Giovanni Torrisi",
  "telefono": "393455347496",
  "squadra": "1x Kit Casa Norvegia / 1x Bambino kits 26/27 Juventus Casa / 1x Adulto kits 26/27 Juventus Casa",
  "personalizzazione": "1x [Nessuna] | 1x [Nome: AURORA - Num: 21] | 1x [Nome: YILDIZ - Num: 10]",
  "taglia": "1x [S] / 1x [16] / 1x [M]",
  "totale": "75,97‚Ç¨",
  "foto": "=IMAGE(\"https://jerseys-catalog.com/upload/20260414/1aac10bc83f48f5cdbe918afe1924ad5.png#zoom=1.2&x=0&y=0\")",
  "prezzo_fornitore": "1x $8.30 / 1x $9.00 / 1x $10.00",
  "costo_prodotti_usd": "27,30",
  "costo_spedizione_usd": "12,00",
  "costo_totale_usd": "39,30",
  "cambio_usd_eur": "0,8560",
  "costo_totale_eur": "33,64",
  "profitto_eur": "42,33",
  "is_archived": false,
  "carrello": [
    {
      "squadra": "Kit Casa Norvegia",
      "infoPerso": "Nessuna",
      "taglia": "S",
      "prezzo": 23.99,
      "imgUrl": "https://jerseys-catalog.com/upload/20260414/1aac10bc83f48f5cdbe918afe1924ad5.png#zoom=1.2&x=0&y=0",
      "id": "99297cb8-c2f7-444e-9a9d-17d22b8457eb",
      "legacy_id": "836",
      "quantita": 1
    },
    {
      "squadra": "Bambino kits 26/27 Juventus Casa",
      "infoPerso": "Nome: AURORA - Num: 21",
      "taglia": "16",
      "prezzo": 24.99,
      "imgUrl": "https://jerseys-catalog.com/upload/20260529/00d672d61c347e9c6ef6390a06f592b5.png",
      "id": "8a43d609-420e-4d41-a29e-cbdd77dd520f",
      "legacy_id": "2074",
      "quantita": 1
    },
    {
      "squadra": "Adulto kits 26/27 Juventus Casa",
      "infoPerso": "Nome: YILDIZ - Num: 10",
      "taglia": "M",
      "prezzo": 26.99,
      "imgUrl": "https://jerseys-catalog.com/upload/20260522/f8cc2731522c2d77336fadcaf76adc9e.png",
      "id": "55523f1a-874f-4ad4-bc85-bc2aaead593e",
      "legacy_id": "1958",
      "quantita": 1
    }
  ],
  "coupon_code": null,
  "coupon_discount": 0,
  "coupon_type": null,
  "coupon_value": 0
}
[2026-08-21T09:55:46.041Z] [LOG] =======================================================

[2026-08-21T09:55:46.115Z] [LOG] 
================ RIGA SALVATA SU SUPABASE ================
[2026-08-21T09:55:46.115Z] [LOG] [
  {
    "id": 141,
    "data": "21/08/2026, 09:55:46",
    "nome": "Riccardo Giovanni Torrisi",
    "telefono": "393455347496",
    "squadra": "1x Kit Casa Norvegia / 1x Bambino kits 26/27 Juventus Casa / 1x Adulto kits 26/27 Juventus Casa",
    "personalizzazione": "1x [Nessuna] | 1x [Nome: AURORA - Num: 21] | 1x [Nome: YILDIZ - Num: 10]",
    "taglia": "1x [S] / 1x [16] / 1x [M]",
    "totale": "75,97‚Ç¨",
    "foto": "=IMAGE(\"https://jerseys-catalog.com/upload/20260414/1aac10bc83f48f5cdbe918afe1924ad5.png#zoom=1.2&x=0&y=0\")",
    "prezzo_fornitore": "1x $8.30 / 1x $9.00 / 1x $10.00",
    "costo_prodotti_usd": "27,30",
    "costo_spedizione_usd": "12,00",
    "costo_totale_usd": "39,30",
    "cambio_usd_eur": "0,8560",
    "costo_totale_eur": "33,64",
    "profitto_eur": "42,33",
    "is_archived": false,
    "lotto_id": null,
    "carrello": [
      {
        "id": "99297cb8-c2f7-444e-9a9d-17d22b8457eb",
        "imgUrl": "https://jerseys-catalog.com/upload/20260414/1aac10bc83f48f5cdbe918afe1924ad5.png#zoom=1.2&x=0&y=0",
        "prezzo": 23.99,
        "taglia": "S",
        "squadra": "Kit Casa Norvegia",
        "quantita": 1,
        "infoPerso": "Nessuna",
        "legacy_id": "836"
      },
      {
        "id": "8a43d609-420e-4d41-a29e-cbdd77dd520f",
        "imgUrl": "https://jerseys-catalog.com/upload/20260529/00d672d61c347e9c6ef6390a06f592b5.png",
        "prezzo": 24.99,
        "taglia": "16",
        "squadra": "Bambino kits 26/27 Juventus Casa",
        "quantita": 1,
        "infoPerso": "Nome: AURORA - Num: 21",
        "legacy_id": "2074"
      },
      {
        "id": "55523f1a-874f-4ad4-bc85-bc2aaead593e",
        "imgUrl": "https://jerseys-catalog.com/upload/20260522/f8cc2731522c2d77336fadcaf76adc9e.png",
        "prezzo": 26.99,
        "taglia": "M",
        "squadra": "Adulto kits 26/27 Juventus Casa",
        "quantita": 1,
        "infoPerso": "Nome: YILDIZ - Num: 10",
        "legacy_id": "1958"
      }
    ],
    "created_at": "2026-08-21T09:55:46.075917+00:00",
    "coupon_id": null,
    "coupon_code": null,
    "coupon_name": null,
    "coupon_type": null,
    "coupon_value": 0,
    "coupon_discount": 0,
    "free_shipping_discount": 0,
    "final_total_after_coupon": null
  }
]
[2026-08-21T09:55:46.115Z] [LOG] ==========================================================

[2026-08-21T09:55:46.115Z] [LOG] ‚úÖ Order inserted successfully in Supabase 'orders' table.
[2026-08-21T09:55:46.115Z] [LOG] üì§ Ricalcolo automatico del lotto corrente (atomico)...
[2026-08-21T09:55:46.196Z] [LOG] =================================
[2026-08-21T09:55:46.196Z] [LOG] DEBUG AREA CLIENTE
[2026-08-21T09:55:46.197Z] [LOG] insertedAdminOrder: {
  "id": 141,
  "data": "21/08/2026, 09:55:46",
  "nome": "Riccardo Giovanni Torrisi",
  "telefono": "393455347496",
  "squadra": "1x Kit Casa Norvegia / 1x Bambino kits 26/27 Juventus Casa / 1x Adulto kits 26/27 Juventus Casa",
  "personalizzazione": "1x [Nessuna] | 1x [Nome: AURORA - Num: 21] | 1x [Nome: YILDIZ - Num: 10]",
  "taglia": "1x [S] / 1x [16] / 1x [M]",
  "totale": "75,97‚Ç¨",
  "foto": "=IMAGE(\"https://jerseys-catalog.com/upload/20260414/1aac10bc83f48f5cdbe918afe1924ad5.png#zoom=1.2&x=0&y=0\")",
  "prezzo_fornitore": "1x $8.30 / 1x $9.00 / 1x $10.00",
  "costo_prodotti_usd": "27,30",
  "costo_spedizione_usd": "12,00",
  "costo_totale_usd": "39,30",
  "cambio_usd_eur": "0,8560",
  "costo_totale_eur": "33,64",
  "profitto_eur": "42,33",
  "is_archived": false,
  "lotto_id": null,
  "carrello": [
    {
      "id": "99297cb8-c2f7-444e-9a9d-17d22b8457eb",
      "imgUrl": "https://jerseys-catalog.com/upload/20260414/1aac10bc83f48f5cdbe918afe1924ad5.png#zoom=1.2&x=0&y=0",
      "prezzo": 23.99,
      "taglia": "S",
      "squadra": "Kit Casa Norvegia",
      "quantita": 1,
      "infoPerso": "Nessuna",
      "legacy_id": "836"
    },
    {
      "id": "8a43d609-420e-4d41-a29e-cbdd77dd520f",
      "imgUrl": "https://jerseys-catalog.com/upload/20260529/00d672d61c347e9c6ef6390a06f592b5.png",
      "prezzo": 24.99,
      "taglia": "16",
      "squadra": "Bambino kits 26/27 Juventus Casa",
      "quantita": 1,
      "infoPerso": "Nome: AURORA - Num: 21",
      "legacy_id": "2074"
    },
    {
      "id": "55523f1a-874f-4ad4-bc85-bc2aaead593e",
      "imgUrl": "https://jerseys-catalog.com/upload/20260522/f8cc2731522c2d77336fadcaf76adc9e.png",
      "prezzo": 26.99,
      "taglia": "M",
      "squadra": "Adulto kits 26/27 Juventus Casa",
      "quantita": 1,
      "infoPerso": "Nome: YILDIZ - Num: 10",
      "legacy_id": "1958"
    }
  ],
  "created_at": "2026-08-21T09:55:46.075917+00:00",
  "coupon_id": null,
  "coupon_code": null,
  "coupon_name": null,
  "coupon_type": null,
  "coupon_value": 0,
  "coupon_discount": 0,
  "free_shipping_discount": 0,
  "final_total_after_coupon": null
}
[2026-08-21T09:55:46.197Z] [LOG] user_id: 8313ed33-3330-4fdb-aaad-a4440bbd0a22
[2026-08-21T09:55:46.202Z] [LOG] access_token: PRESENTE
[2026-08-21T09:55:46.203Z] [LOG] =================================
[2026-08-21T09:55:46.203Z] [LOG] üë§ Utente autenticato rilevato (8313ed33-3330-4fdb-aaad-a4440bbd0a22). Associazione dell'ordine all'Area Cliente...
[2026-08-21T09:55:46.204Z] [LOG] üì§ Inserimento in customer_orders: {
  "user_id": "8313ed33-3330-4fdb-aaad-a4440bbd0a22",
  "order_number": "ORD-141",
  "admin_order_id": 141,
  "subtotal": 75.97,
  "shipping": 0,
  "total": 75.97,
  "payment_status": "pending",
  "status": "Ordine Ricevuto",
  "created_at": "2026-08-21T09:55:46.204Z",
  "updated_at": "2026-08-21T09:55:46.204Z",
  "coupon_code": null,
  "coupon_discount": 0,
  "coupon_type": null,
  "coupon_value": 0
}
[2026-08-21T09:55:46.255Z] [WARN] ‚ö†Ô∏è Colonna coupon_type non trovata su customer_orders (tabella non aggiornata). Riprovo l'inserimento senza coupon_type e coupon_value...
[2026-08-21T09:55:46.297Z] [LOG] ‚úÖ Inserito in customer_orders con ID: e0cc33d9-e6cc-489a-8378-03bf0885017f
[2026-08-21T09:55:46.302Z] [LOG] üì§ Inserimento in customer_order_items: [
  {
    "order_id": "e0cc33d9-e6cc-489a-8378-03bf0885017f",
    "product_id": 836,
    "nome": "Kit Casa Norvegia",
    "categoria": "Kit",
    "stagione": "2026/2027",
    "taglia": "S",
    "personalizzazione": "Nessuna",
    "prezzo": 23.99,
    "quantita": 1
  },
  {
    "order_id": "e0cc33d9-e6cc-489a-8378-03bf0885017f",
    "product_id": 2074,
    "nome": "Bambino kits 26/27 Juventus Casa",
    "categoria": "Kit",
    "stagione": "2026/2027",
    "taglia": "16",
    "personalizzazione": "Nome: AURORA - Num: 21",
    "prezzo": 24.99,
    "quantita": 1
  },
  {
    "order_id": "e0cc33d9-e6cc-489a-8378-03bf0885017f",
    "product_id": 1958,
    "nome": "Adulto kits 26/27 Juventus Casa",
    "categoria": "Kit",
    "stagione": "2026/2027",
    "taglia": "M",
    "personalizzazione": "Nome: YILDIZ - Num: 10",
    "prezzo": 26.99,
    "quantita": 1
  }
]
[2026-08-21T09:55:46.337Z] [LOG] ‚úÖ Inseriti tutti i prodotti dell'ordine in customer_order_items!
[2026-08-21T09:55:46.337Z] [LOG] === DEBUG SERVER SUCCESS ===
[2026-08-21T09:56:11.154Z] [LOG] [COUPON DEBUG]
Operazione: SELECT
Tabella: public.coupons
[2026-08-21T09:56:11.205Z] [LOG] [COUPON DEBUG]
Operazione: SELECT
Tabella: public.coupons
Numero coupon restituiti: 3
Risultato: SUCCESS
[2026-08-21T09:56:11.735Z] [LOG] Costo completino USD: 8
[2026-08-21T09:56:11.735Z] [LOG] Costo spedizione USD: 4
[2026-08-21T09:56:11.735Z] [LOG] Costo personalizzazioni USD: 2
[2026-08-21T09:56:11.735Z] [LOG] Totale USD: 14
[2026-08-21T09:56:11.735Z] [LOG] Cambio USD/EUR: 0.856037
[2026-08-21T09:56:11.735Z] [LOG] Prezzo finale EUR: 11.98
[2026-08-21T09:56:11.735Z] [LOG] Totale cliente: 11.98
[2026-08-21T09:56:19.845Z] [LOG] =========================================
[2026-08-21T09:56:19.845Z] [LOG] üì¨ [DEBUG SERVER] POST /api/orders RECEIVED!
[2026-08-21T09:56:19.845Z] [LOG] 1. Full Body sent by frontend: {
  "nome": "giovanni pappalardo",
  "telefono": "123",
  "carrello": [
    {
      "squadra": "Adulto kits 26/27 Argentina Casa",
      "infoPerso": "Nome: L. MARTINEZ - Num: 22",
      "taglia": "S",
      "prezzo": 26.99,
      "imgUrl": "https://jerseys-catalog.com/upload/20260704/c34cb0f2faf7cb3bb6d51bc78aafcaa1.png",
      "id": "76c2e26f-29a6-4caf-8bd3-ef67fd547a8d",
      "legacy_id": "1501",
      "quantita": 1
    }
  ],
  "user_id": "8313ed33-3330-4fdb-aaad-a4440bbd0a22",
  "access_token": "eyJhbGciOiJFUzI1NiIsImtpZCI6ImU0YmRmNTFhLTBkOWQtNDVkMC1iN2VmLTNmYjA1NjJlMjYzZCIsInR5cCI6IkpXVCJ9.eyJpc3MiOiJodHRwczovL3JjbnVlZGZ1ZWF5bWZwcGVzbmV0LnN1cGFiYXNlLmNvL2F1dGgvdjEiLCJzdWIiOiI4MzEzZWQzMy0zMzMwLTRmZGItYWFhZC1hNDQ0MGJiZDBhMjIiLCJhdWQiOiJhdXRoZW50aWNhdGVkIiwiZXhwIjoxNzg3MzA5MTczLCJpYXQiOjE3ODczMDU1NzMsImVtYWlsIjoic2VyZ2lvdHRvY2F0YW5pYUBnbWFpbC5jb20iLCJwaG9uZSI6IiIsImFwcF9tZXRhZGF0YSI6eyJwcm92aWRlciI6ImVtYWlsIiwicHJvdmlkZXJzIjpbImVtYWlsIl19LCJ1c2VyX21ldGFkYXRhIjp7ImNvZ25vbWUiOiJDYXRhbmlhIiwiZW1haWwiOiJzZXJnaW90dG9jYXRhbmlhQGdtYWlsLmNvbSIsImVtYWlsX3ZlcmlmaWVkIjp0cnVlLCJmaXJzdF9uYW1lIjoic2VyZ2lvIiwibGFzdF9uYW1lIjoiY2F0YW5pYSIsIm5vbWUiOiJTZXJnaW8iLCJwaG9uZV92ZXJpZmllZCI6ZmFsc2UsInN1YiI6IjgzMTNlZDMzLTMzMzAtNGZkYi1hYWFkLWE0NDQwYmJkMGEyMiIsInRlbGVmb25vIjoiMzcwMTM4NDkzMiIsIndpc2hsaXN0IjpbIjZkMmM4YWQ3LTQzMDgtNGVlNi04MjIzLWUwNWNhNTcwZGM3MCJdfSwicm9sZSI6ImF1dGhlbnRpY2F0ZWQiLCJhYWwiOiJhYWwxIiwiYW1yIjpbeyJtZXRob2QiOiJwYXNzd29yZCIsInRpbWVzdGFtcCI6MTc4NjE4ODc0Nn1dLCJzZXNzaW9uX2lkIjoiYjRjNzdlNGMtMGY1MC00Njc4LWEwMDEtOWM2NzdjZWRlMDRjIiwiaXNfYW5vbnltb3VzIjpmYWxzZX0.Zv79qVjoWyy139ugHSFMLNSWh_DcK2zrk8vY0pEVIgzeeeNtiuU-IKY2kSE2UrM3D_Em3bvH2gpTHjh0mninHg",
  "registered_name": "Sergio Catania",
  "coupon_code": "MIAKHALIFA",
  "coupon_discount": 0,
  "coupon_type": "fornitore",
  "coupon_value": 0
}
[2026-08-21T09:56:19.845Z] [LOG] =========================================
[2026-08-21T09:56:20.397Z] [LOG] 2. Products in Cart:
[2026-08-21T09:56:20.398Z] [LOG] --- Cart Item #1 ---
[2026-08-21T09:56:20.398Z] [LOG] Item object: {
  "squadra": "Adulto kits 26/27 Argentina Casa",
  "infoPerso": "Nome: L. MARTINEZ - Num: 22",
  "taglia": "S",
  "prezzo": 26.99,
  "imgUrl": "https://jerseys-catalog.com/upload/20260704/c34cb0f2faf7cb3bb6d51bc78aafcaa1.png",
  "id": "76c2e26f-29a6-4caf-8bd3-ef67fd547a8d",
  "legacy_id": "1501",
  "quantita": 1
}
[2026-08-21T09:56:20.398Z] [LOG] 3. Prezzo (prezzo): 26.99 (Parsed as: 26.99)
[2026-08-21T09:56:20.398Z] [LOG]    Quantita (quantita): 1 (Parsed as: 1)
[2026-08-21T09:56:20.399Z] [LOG] 
================ MATCHING REPORT ================
[2026-08-21T09:56:20.399Z] [LOG] Prodotto nel carrello: "Adulto kits 26/27 Argentina Casa" (id: 76c2e26f-29a6-4caf-8bd3-ef67fd547a8d, legacy_id: 1501)
‚Üì
Prodotto trovato su Supabase: "Adulto kits 26/27 Argentina Casa" (id: 76c2e26f-29a6-4caf-8bd3-ef67fd547a8d, legacy_id: 1501) tramite ID (76c2e26f-29a6-4caf-8bd3-ef67fd547a8d)
‚Üì
Prezzo fornitore recuperato: $8.00
[2026-08-21T09:56:20.399Z] [LOG] =================================================

[2026-08-21T09:56:20.400Z] [LOG] [COUPON DEBUG]
Operazione: SELECT
Tabella: public.coupons
[2026-08-21T09:56:20.447Z] [LOG] [COUPON DEBUG]
Operazione: SELECT
Tabella: public.coupons
Numero coupon restituiti: 3
Risultato: SUCCESS
[2026-08-21T09:56:20.476Z] [LOG] Costo completino USD: 8
[2026-08-21T09:56:20.476Z] [LOG] Costo spedizione USD: 4
[2026-08-21T09:56:20.476Z] [LOG] Costo personalizzazioni USD: 2
[2026-08-21T09:56:20.476Z] [LOG] Totale USD: 14
[2026-08-21T09:56:20.476Z] [LOG] Cambio USD/EUR: 0.856037
[2026-08-21T09:56:20.476Z] [LOG] Prezzo finale EUR: 11.98
[2026-08-21T09:56:20.476Z] [LOG] Totale cliente: 11.98
[2026-08-21T09:56:20.546Z] [LOG] [COUPONS] Incrementato utilizzazioni coupon 'MIAKHALIFA' a 9
[2026-08-21T09:56:20.560Z] [LOG] === OVERALL CALCULATIONS & VALUES ===
[2026-08-21T09:56:20.560Z] [LOG] - totale_pagato_cliente: 11.98
[2026-08-21T09:56:20.560Z] [LOG] - costo_prodotti_usd: 10
[2026-08-21T09:56:20.560Z] [LOG] - order_shipping_usd (spedizione): 4
[2026-08-21T09:56:20.561Z] [LOG] - costo_totale_usd: 14
[2026-08-21T09:56:20.561Z] [LOG] - exchangeRate: 0.856037
[2026-08-21T09:56:20.561Z] [LOG] - costo_totale_eur: 11.984518000000001
[2026-08-21T09:56:20.561Z] [LOG] - profitto_eur (5. Profitto calcolato): -0.00451800000000091
[2026-08-21T09:56:20.561Z] [LOG] üì§ Registrazione dell'ordine nel database Supabase (atomica)...
[2026-08-21T09:56:20.561Z] [LOG] 
================ ORDER DATA DA SALVARE ================
[2026-08-21T09:56:20.562Z] [LOG] {
  "data": "21/08/2026, 09:56:20",
  "nome": "giovanni pappalardo",
  "telefono": "123",
  "squadra": "1x Adulto kits 26/27 Argentina Casa",
  "personalizzazione": "1x [Nome: L. MARTINEZ - Num: 22]",
  "taglia": "1x [S]",
  "totale": "11,98‚Ç¨",
  "foto": "=IMAGE(\"https://jerseys-catalog.com/upload/20260704/c34cb0f2faf7cb3bb6d51bc78aafcaa1.png\")",
  "prezzo_fornitore": "1x $10.00",
  "costo_prodotti_usd": "10,00",
  "costo_spedizione_usd": "4,00",
  "costo_totale_usd": "14,00",
  "cambio_usd_eur": "0,8560",
  "costo_totale_eur": "11,98",
  "profitto_eur": "-0,00",
  "is_archived": false,
  "carrello": [
    {
      "squadra": "Adulto kits 26/27 Argentina Casa",
      "infoPerso": "Nome: L. MARTINEZ - Num: 22",
      "taglia": "S",
      "prezzo": 26.99,
      "imgUrl": "https://jerseys-catalog.com/upload/20260704/c34cb0f2faf7cb3bb6d51bc78aafcaa1.png",
      "id": "76c2e26f-29a6-4caf-8bd3-ef67fd547a8d",
      "legacy_id": "1501",
      "quantita": 1
    }
  ],
  "coupon_code": "MIAKHALIFA",
  "coupon_discount": 0,
  "coupon_type": "fornitore",
  "coupon_value": 0
}
[2026-08-21T09:56:20.562Z] [LOG] =======================================================

[2026-08-21T09:56:20.600Z] [LOG] 
================ RIGA SALVATA SU SUPABASE ================
[2026-08-21T09:56:20.600Z] [LOG] [
  {
    "id": 142,
    "data": "21/08/2026, 09:56:20",
    "nome": "giovanni pappalardo",
    "telefono": "123",
    "squadra": "1x Adulto kits 26/27 Argentina Casa",
    "personalizzazione": "1x [Nome: L. MARTINEZ - Num: 22]",
    "taglia": "1x [S]",
    "totale": "11,98‚Ç¨",
    "foto": "=IMAGE(\"https://jerseys-catalog.com/upload/20260704/c34cb0f2faf7cb3bb6d51bc78aafcaa1.png\")",
    "prezzo_fornitore": "1x $10.00",
    "costo_prodotti_usd": "10,00",
    "costo_spedizione_usd": "4,00",
    "costo_totale_usd": "14,00",
    "cambio_usd_eur": "0,8560",
    "costo_totale_eur": "11,98",
    "profitto_eur": "-0,00",
    "is_archived": false,
    "lotto_id": null,
    "carrello": [
      {
        "id": "76c2e26f-29a6-4caf-8bd3-ef67fd547a8d",
        "imgUrl": "https://jerseys-catalog.com/upload/20260704/c34cb0f2faf7cb3bb6d51bc78aafcaa1.png",
        "prezzo": 26.99,
        "taglia": "S",
        "squadra": "Adulto kits 26/27 Argentina Casa",
        "quantita": 1,
        "infoPerso": "Nome: L. MARTINEZ - Num: 22",
        "legacy_id": "1501"
      }
    ],
    "created_at": "2026-08-21T09:56:20.581178+00:00",
    "coupon_id": null,
    "coupon_code": "MIAKHALIFA",
    "coupon_name": null,
    "coupon_type": "fornitore",
    "coupon_value": 0,
    "coupon_discount": 0,
    "free_shipping_discount": 0,
    "final_total_after_coupon": null
  }
]
[2026-08-21T09:56:20.601Z] [LOG] ==========================================================

[2026-08-21T09:56:20.601Z] [LOG] ‚úÖ Order inserted successfully in Supabase 'orders' table.
[2026-08-21T09:56:20.601Z] [LOG] üì§ Ricalcolo automatico del lotto corrente (atomico)...
[2026-08-21T09:56:20.686Z] [LOG] =================================
[2026-08-21T09:56:20.686Z] [LOG] DEBUG AREA CLIENTE
[2026-08-21T09:56:20.686Z] [LOG] insertedAdminOrder: {
  "id": 142,
  "data": "21/08/2026, 09:56:20",
  "nome": "giovanni pappalardo",
  "telefono": "123",
  "squadra": "1x Adulto kits 26/27 Argentina Casa",
  "personalizzazione": "1x [Nome: L. MARTINEZ - Num: 22]",
  "taglia": "1x [S]",
  "totale": "11,98‚Ç¨",
  "foto": "=IMAGE(\"https://jerseys-catalog.com/upload/20260704/c34cb0f2faf7cb3bb6d51bc78aafcaa1.png\")",
  "prezzo_fornitore": "1x $10.00",
  "costo_prodotti_usd": "10,00",
  "costo_spedizione_usd": "4,00",
  "costo_totale_usd": "14,00",
  "cambio_usd_eur": "0,8560",
  "costo_totale_eur": "11,98",
  "profitto_eur": "-0,00",
  "is_archived": false,
  "lotto_id": null,
  "carrello": [
    {
      "id": "76c2e26f-29a6-4caf-8bd3-ef67fd547a8d",
      "imgUrl": "https://jerseys-catalog.com/upload/20260704/c34cb0f2faf7cb3bb6d51bc78aafcaa1.png",
      "prezzo": 26.99,
      "taglia": "S",
      "squadra": "Adulto kits 26/27 Argentina Casa",
      "quantita": 1,
      "infoPerso": "Nome: L. MARTINEZ - Num: 22",
      "legacy_id": "1501"
    }
  ],
  "created_at": "2026-08-21T09:56:20.581178+00:00",
  "coupon_id": null,
  "coupon_code": "MIAKHALIFA",
  "coupon_name": null,
  "coupon_type": "fornitore",
  "coupon_value": 0,
  "coupon_discount": 0,
  "free_shipping_discount": 0,
  "final_total_after_coupon": null
}
[2026-08-21T09:56:20.686Z] [LOG] user_id: 8313ed33-3330-4fdb-aaad-a4440bbd0a22
[2026-08-21T09:56:20.686Z] [LOG] access_token: PRESENTE
[2026-08-21T09:56:20.686Z] [LOG] =================================
[2026-08-21T09:56:20.686Z] [LOG] üë§ Utente autenticato rilevato (8313ed33-3330-4fdb-aaad-a4440bbd0a22). Associazione dell'ordine all'Area Cliente...
[2026-08-21T09:56:20.687Z] [LOG] üì§ Inserimento in customer_orders: {
  "user_id": "8313ed33-3330-4fdb-aaad-a4440bbd0a22",
  "order_number": "ORD-142",
  "admin_order_id": 142,
  "subtotal": 26.99,
  "shipping": 0,
  "total": 11.98,
  "payment_status": "pending",
  "status": "Ordine Ricevuto",
  "created_at": "2026-08-21T09:56:20.687Z",
  "updated_at": "2026-08-21T09:56:20.687Z",
  "coupon_code": "MIAKHALIFA",
  "coupon_discount": 0,
  "coupon_type": "fornitore",
  "coupon_value": 0
}
[2026-08-21T09:56:20.720Z] [WARN] ‚ö†Ô∏è Colonna coupon_type non trovata su customer_orders (tabella non aggiornata). Riprovo l'inserimento senza coupon_type e coupon_value...
[2026-08-21T09:56:20.757Z] [LOG] ‚úÖ Inserito in customer_orders con ID: 21f8fcac-4721-46fd-b047-96517e56bf19
[2026-08-21T09:56:20.759Z] [LOG] üì§ Inserimento in customer_order_items: [
  {
    "order_id": "21f8fcac-4721-46fd-b047-96517e56bf19",
    "product_id": 1501,
    "nome": "Adulto kits 26/27 Argentina Casa",
    "categoria": "Kit",
    "stagione": "2026/2027",
    "taglia": "S",
    "personalizzazione": "Nome: L. MARTINEZ - Num: 22",
    "prezzo": 26.99,
    "quantita": 1
  }
]
[2026-08-21T09:56:20.796Z] [LOG] ‚úÖ Inseriti tutti i prodotti dell'ordine in customer_order_items!
[2026-08-21T09:56:20.797Z] [LOG] === DEBUG SERVER SUCCESS ===
[2026-08-21T09:56:43.033Z] [LOG] [COUPON DEBUG]
Operazione: SELECT
Tabella: public.coupons
[2026-08-21T09:56:43.114Z] [LOG] [COUPON DEBUG]
Operazione: SELECT
Tabella: public.coupons
Numero coupon restituiti: 3
Risultato: SUCCESS
[2026-08-21T09:56:43.633Z] [LOG] Costo completino USD: 8
[2026-08-21T09:56:43.634Z] [LOG] Costo spedizione USD: 4
[2026-08-21T09:56:43.634Z] [LOG] Costo personalizzazioni USD: 1
[2026-08-21T09:56:43.634Z] [LOG] Totale USD: 13
[2026-08-21T09:56:43.634Z] [LOG] Cambio USD/EUR: 0.856037
[2026-08-21T09:56:43.634Z] [LOG] Prezzo finale EUR: 11.13
[2026-08-21T09:56:43.634Z] [LOG] Totale cliente: 11.13
[2026-08-21T09:56:52.550Z] [LOG] =========================================
[2026-08-21T09:56:52.550Z] [LOG] üì¨ [DEBUG SERVER] POST /api/orders RECEIVED!
[2026-08-21T09:56:52.550Z] [LOG] 1. Full Body sent by frontend: {
  "nome": "Alessandro pappalardo",
  "telefono": "393455847289",
  "carrello": [
    {
      "squadra": "Adulto kits 26/27 Arsenal Trasferta",
      "infoPerso": "Patch: Premier League",
      "taglia": "S",
      "prezzo": 24.99,
      "imgUrl": "https://jerseys-catalog.com/upload/20260804/2140a2f0cc9a3a14fa38d92146d64dfd.png",
      "id": "5b5f67ce-5fed-4739-83ad-07a2117c25ee",
      "legacy_id": "5",
      "quantita": 1
    }
  ],
  "user_id": "8313ed33-3330-4fdb-aaad-a4440bbd0a22",
  "access_token": "eyJhbGciOiJFUzI1NiIsImtpZCI6ImU0YmRmNTFhLTBkOWQtNDVkMC1iN2VmLTNmYjA1NjJlMjYzZCIsInR5cCI6IkpXVCJ9.eyJpc3MiOiJodHRwczovL3JjbnVlZGZ1ZWF5bWZwcGVzbmV0LnN1cGFiYXNlLmNvL2F1dGgvdjEiLCJzdWIiOiI4MzEzZWQzMy0zMzMwLTRmZGItYWFhZC1hNDQ0MGJiZDBhMjIiLCJhdWQiOiJhdXRoZW50aWNhdGVkIiwiZXhwIjoxNzg3MzA5MTczLCJpYXQiOjE3ODczMDU1NzMsImVtYWlsIjoic2VyZ2lvdHRvY2F0YW5pYUBnbWFpbC5jb20iLCJwaG9uZSI6IiIsImFwcF9tZXRhZGF0YSI6eyJwcm92aWRlciI6ImVtYWlsIiwicHJvdmlkZXJzIjpbImVtYWlsIl19LCJ1c2VyX21ldGFkYXRhIjp7ImNvZ25vbWUiOiJDYXRhbmlhIiwiZW1haWwiOiJzZXJnaW90dG9jYXRhbmlhQGdtYWlsLmNvbSIsImVtYWlsX3ZlcmlmaWVkIjp0cnVlLCJmaXJzdF9uYW1lIjoic2VyZ2lvIiwibGFzdF9uYW1lIjoiY2F0YW5pYSIsIm5vbWUiOiJTZXJnaW8iLCJwaG9uZV92ZXJpZmllZCI6ZmFsc2UsInN1YiI6IjgzMTNlZDMzLTMzMzAtNGZkYi1hYWFkLWE0NDQwYmJkMGEyMiIsInRlbGVmb25vIjoiMzcwMTM4NDkzMiIsIndpc2hsaXN0IjpbIjZkMmM4YWQ3LTQzMDgtNGVlNi04MjIzLWUwNWNhNTcwZGM3MCJdfSwicm9sZSI6ImF1dGhlbnRpY2F0ZWQiLCJhYWwiOiJhYWwxIiwiYW1yIjpbeyJtZXRob2QiOiJwYXNzd29yZCIsInRpbWVzdGFtcCI6MTc4NjE4ODc0Nn1dLCJzZXNzaW9uX2lkIjoiYjRjNzdlNGMtMGY1MC00Njc4LWEwMDEtOWM2NzdjZWRlMDRjIiwiaXNfYW5vbnltb3VzIjpmYWxzZX0.Zv79qVjoWyy139ugHSFMLNSWh_DcK2zrk8vY0pEVIgzeeeNtiuU-IKY2kSE2UrM3D_Em3bvH2gpTHjh0mninHg",
  "registered_name": "Sergio Catania",
  "coupon_code": "MIAKHALIFA",
  "coupon_discount": 0,
  "coupon_type": "fornitore",
  "coupon_value": 0
}
[2026-08-21T09:56:52.550Z] [LOG] =========================================
[2026-08-21T09:56:53.028Z] [LOG] 2. Products in Cart:
[2026-08-21T09:56:53.029Z] [LOG] --- Cart Item #1 ---
[2026-08-21T09:56:53.029Z] [LOG] Item object: {
  "squadra": "Adulto kits 26/27 Arsenal Trasferta",
  "infoPerso": "Patch: Premier League",
  "taglia": "S",
  "prezzo": 24.99,
  "imgUrl": "https://jerseys-catalog.com/upload/20260804/2140a2f0cc9a3a14fa38d92146d64dfd.png",
  "id": "5b5f67ce-5fed-4739-83ad-07a2117c25ee",
  "legacy_id": "5",
  "quantita": 1
}
[2026-08-21T09:56:53.029Z] [LOG] 3. Prezzo (prezzo): 24.99 (Parsed as: 24.99)
[2026-08-21T09:56:53.029Z] [LOG]    Quantita (quantita): 1 (Parsed as: 1)
[2026-08-21T09:56:53.029Z] [LOG] 
================ MATCHING REPORT ================
[2026-08-21T09:56:53.029Z] [LOG] Prodotto nel carrello: "Adulto kits 26/27 Arsenal Trasferta" (id: 5b5f67ce-5fed-4739-83ad-07a2117c25ee, legacy_id: 5)
‚Üì
Prodotto trovato su Supabase: "Adulto kits 26/27 Arsenal Trasferta" (id: 5b5f67ce-5fed-4739-83ad-07a2117c25ee, legacy_id: 5) tramite ID (5b5f67ce-5fed-4739-83ad-07a2117c25ee)
‚Üì
Prezzo fornitore recuperato: $8.00
[2026-08-21T09:56:53.029Z] [LOG] =================================================

[2026-08-21T09:56:53.030Z] [LOG] [COUPON DEBUG]
Operazione: SELECT
Tabella: public.coupons
[2026-08-21T09:56:53.073Z] [LOG] [COUPON DEBUG]
Operazione: SELECT
Tabella: public.coupons
Numero coupon restituiti: 3
Risultato: SUCCESS
[2026-08-21T09:56:53.099Z] [LOG] Costo completino USD: 8
[2026-08-21T09:56:53.099Z] [LOG] Costo spedizione USD: 4
[2026-08-21T09:56:53.099Z] [LOG] Costo personalizzazioni USD: 1
[2026-08-21T09:56:53.099Z] [LOG] Totale USD: 13
[2026-08-21T09:56:53.099Z] [LOG] Cambio USD/EUR: 0.856037
[2026-08-21T09:56:53.100Z] [LOG] Prezzo finale EUR: 11.13
[2026-08-21T09:56:53.100Z] [LOG] Totale cliente: 11.13
[2026-08-21T09:56:53.180Z] [LOG] [COUPONS] Incrementato utilizzazioni coupon 'MIAKHALIFA' a 10
[2026-08-21T09:56:53.190Z] [LOG] === OVERALL CALCULATIONS & VALUES ===
[2026-08-21T09:56:53.191Z] [LOG] - totale_pagato_cliente: 11.13
[2026-08-21T09:56:53.191Z] [LOG] - costo_prodotti_usd: 9
[2026-08-21T09:56:53.191Z] [LOG] - order_shipping_usd (spedizione): 4
[2026-08-21T09:56:53.191Z] [LOG] - costo_totale_usd: 13
[2026-08-21T09:56:53.191Z] [LOG] - exchangeRate: 0.856037
[2026-08-21T09:56:53.191Z] [LOG] - costo_totale_eur: 11.128481
[2026-08-21T09:56:53.191Z] [LOG] - profitto_eur (5. Profitto calcolato): 0.001519000000000048
[2026-08-21T09:56:53.192Z] [LOG] üì§ Registrazione dell'ordine nel database Supabase (atomica)...
[2026-08-21T09:56:53.192Z] [LOG] 
================ ORDER DATA DA SALVARE ================
[2026-08-21T09:56:53.192Z] [LOG] {
  "data": "21/08/2026, 09:56:53",
  "nome": "Alessandro pappalardo",
  "telefono": "393455847289",
  "squadra": "1x Adulto kits 26/27 Arsenal Trasferta",
  "personalizzazione": "1x [Patch: Premier League]",
  "taglia": "1x [S]",
  "totale": "11,13‚Ç¨",
  "foto": "=IMAGE(\"https://jerseys-catalog.com/upload/20260804/2140a2f0cc9a3a14fa38d92146d64dfd.png\")",
  "prezzo_fornitore": "1x $9.00",
  "costo_prodotti_usd": "9,00",
  "costo_spedizione_usd": "4,00",
  "costo_totale_usd": "13,00",
  "cambio_usd_eur": "0,8560",
  "costo_totale_eur": "11,13",
  "profitto_eur": "0,00",
  "is_archived": false,
  "carrello": [
    {
      "squadra": "Adulto kits 26/27 Arsenal Trasferta",
      "infoPerso": "Patch: Premier League",
      "taglia": "S",
      "prezzo": 24.99,
      "imgUrl": "https://jerseys-catalog.com/upload/20260804/2140a2f0cc9a3a14fa38d92146d64dfd.png",
      "id": "5b5f67ce-5fed-4739-83ad-07a2117c25ee",
      "legacy_id": "5",
      "quantita": 1
    }
  ],
  "coupon_code": "MIAKHALIFA",
  "coupon_discount": 0,
  "coupon_type": "fornitore",
  "coupon_value": 0
}
[2026-08-21T09:56:53.192Z] [LOG] =======================================================

[2026-08-21T09:56:53.275Z] [LOG] 
================ RIGA SALVATA SU SUPABASE ================
[2026-08-21T09:56:53.275Z] [LOG] [
  {
    "id": 143,
    "data": "21/08/2026, 09:56:53",
    "nome": "Alessandro pappalardo",
    "telefono": "393455847289",
    "squadra": "1x Adulto kits 26/27 Arsenal Trasferta",
    "personalizzazione": "1x [Patch: Premier League]",
    "taglia": "1x [S]",
    "totale": "11,13‚Ç¨",
    "foto": "=IMAGE(\"https://jerseys-catalog.com/upload/20260804/2140a2f0cc9a3a14fa38d92146d64dfd.png\")",
    "prezzo_fornitore": "1x $9.00",
    "costo_prodotti_usd": "9,00",
    "costo_spedizione_usd": "4,00",
    "costo_totale_usd": "13,00",
    "cambio_usd_eur": "0,8560",
    "costo_totale_eur": "11,13",
    "profitto_eur": "0,00",
    "is_archived": false,
    "lotto_id": null,
    "carrello": [
      {
        "id": "5b5f67ce-5fed-4739-83ad-07a2117c25ee",
        "imgUrl": "https://jerseys-catalog.com/upload/20260804/2140a2f0cc9a3a14fa38d92146d64dfd.png",
        "prezzo": 24.99,
        "taglia": "S",
        "squadra": "Adulto kits 26/27 Arsenal Trasferta",
        "quantita": 1,
        "infoPerso": "Patch: Premier League",
        "legacy_id": "5"
      }
    ],
    "created_at": "2026-08-21T09:56:53.251213+00:00",
    "coupon_id": null,
    "coupon_code": "MIAKHALIFA",
    "coupon_name": null,
    "coupon_type": "fornitore",
    "coupon_value": 0,
    "coupon_discount": 0,
    "free_shipping_discount": 0,
    "final_total_after_coupon": null
  }
]
[2026-08-21T09:56:53.275Z] [LOG] ==========================================================

[2026-08-21T09:56:53.275Z] [LOG] ‚úÖ Order inserted successfully in Supabase 'orders' table.
[2026-08-21T09:56:53.275Z] [LOG] üì§ Ricalcolo automatico del lotto corrente (atomico)...
[2026-08-21T09:56:53.364Z] [LOG] =================================
[2026-08-21T09:56:53.364Z] [LOG] DEBUG AREA CLIENTE
[2026-08-21T09:56:53.365Z] [LOG] insertedAdminOrder: {
  "id": 143,
  "data": "21/08/2026, 09:56:53",
  "nome": "Alessandro pappalardo",
  "telefono": "393455847289",
  "squadra": "1x Adulto kits 26/27 Arsenal Trasferta",
  "personalizzazione": "1x [Patch: Premier League]",
  "taglia": "1x [S]",
  "totale": "11,13‚Ç¨",
  "foto": "=IMAGE(\"https://jerseys-catalog.com/upload/20260804/2140a2f0cc9a3a14fa38d92146d64dfd.png\")",
  "prezzo_fornitore": "1x $9.00",
  "costo_prodotti_usd": "9,00",
  "costo_spedizione_usd": "4,00",
  "costo_totale_usd": "13,00",
  "cambio_usd_eur": "0,8560",
  "costo_totale_eur": "11,13",
  "profitto_eur": "0,00",
  "is_archived": false,
  "lotto_id": null,
  "carrello": [
    {
      "id": "5b5f67ce-5fed-4739-83ad-07a2117c25ee",
      "imgUrl": "https://jerseys-catalog.com/upload/20260804/2140a2f0cc9a3a14fa38d92146d64dfd.png",
      "prezzo": 24.99,
      "taglia": "S",
      "squadra": "Adulto kits 26/27 Arsenal Trasferta",
      "quantita": 1,
      "infoPerso": "Patch: Premier League",
      "legacy_id": "5"
    }
  ],
  "created_at": "2026-08-21T09:56:53.251213+00:00",
  "coupon_id": null,
  "coupon_code": "MIAKHALIFA",
  "coupon_name": null,
  "coupon_type": "fornitore",
  "coupon_value": 0,
  "coupon_discount": 0,
  "free_shipping_discount": 0,
  "final_total_after_coupon": null
}
[2026-08-21T09:56:53.365Z] [LOG] user_id: 8313ed33-3330-4fdb-aaad-a4440bbd0a22
[2026-08-21T09:56:53.365Z] [LOG] access_token: PRESENTE
[2026-08-21T09:56:53.365Z] [LOG] =================================
[2026-08-21T09:56:53.365Z] [LOG] üë§ Utente autenticato rilevato (8313ed33-3330-4fdb-aaad-a4440bbd0a22). Associazione dell'ordine all'Area Cliente...
[2026-08-21T09:56:53.370Z] [LOG] üì§ Inserimento in customer_orders: {
  "user_id": "8313ed33-3330-4fdb-aaad-a4440bbd0a22",
  "order_number": "ORD-143",
  "admin_order_id": 143,
  "subtotal": 24.99,
  "shipping": 0,
  "total": 11.13,
  "payment_status": "pending",
  "status": "Ordine Ricevuto",
  "created_at": "2026-08-21T09:56:53.370Z",
  "updated_at": "2026-08-21T09:56:53.370Z",
  "coupon_code": "MIAKHALIFA",
  "coupon_discount": 0,
  "coupon_type": "fornitore",
  "coupon_value": 0
}
[2026-08-21T09:56:53.417Z] [WARN] ‚ö†Ô∏è Colonna coupon_type non trovata su customer_orders (tabella non aggiornata). Riprovo l'inserimento senza coupon_type e coupon_value...
[2026-08-21T09:56:53.458Z] [LOG] ‚úÖ Inserito in customer_orders con ID: f7df768e-cb5e-4426-90bc-bb0952e5804d
[2026-08-21T09:56:53.459Z] [LOG] üì§ Inserimento in customer_order_items: [
  {
    "order_id": "f7df768e-cb5e-4426-90bc-bb0952e5804d",
    "product_id": 5,
    "nome": "Adulto kits 26/27 Arsenal Trasferta",
    "categoria": "Kit",
    "stagione": "2026/2027",
    "taglia": "S",
    "personalizzazione": "Patch: Premier League",
    "prezzo": 24.99,
    "quantita": 1
  }
]
[2026-08-21T09:56:53.499Z] [LOG] ‚úÖ Inseriti tutti i prodotti dell'ordine in customer_order_items!
[2026-08-21T09:56:53.499Z] [LOG] === DEBUG SERVER SUCCESS ===
[2026-08-21T09:57:10.123Z] [LOG] [COUPON DEBUG]
Operazione: SELECT
Tabella: public.coupons
[2026-08-21T09:57:10.161Z] [LOG] [COUPON DEBUG]
Operazione: SELECT
Tabella: public.coupons
Numero coupon restituiti: 3
Risultato: SUCCESS
[2026-08-21T09:57:10.941Z] [LOG] Costo completino USD: 8
[2026-08-21T09:57:10.941Z] [LOG] Costo spedizione USD: 4
[2026-08-21T09:57:10.941Z] [LOG] Costo personalizzazioni USD: 0
[2026-08-21T09:57:10.941Z] [LOG] Totale USD: 12
[2026-08-21T09:57:10.941Z] [LOG] Cambio USD/EUR: 0.856037
[2026-08-21T09:57:10.941Z] [LOG] Prezzo finale EUR: 10.27
[2026-08-21T09:57:10.941Z] [LOG] Totale cliente: 10.27
[2026-08-21T09:57:15.681Z] [LOG] =========================================
[2026-08-21T09:57:15.681Z] [LOG] üì¨ [DEBUG SERVER] POST /api/orders RECEIVED!
[2026-08-21T09:57:15.681Z] [LOG] 1. Full Body sent by frontend: {
  "nome": "Kevin Completini",
  "telefono": "393701384932",
  "carrello": [
    {
      "squadra": "Adulto kits 26/27 Barcelona Trasferta",
      "infoPerso": "Nessuna",
      "taglia": "L",
      "prezzo": 23.99,
      "imgUrl": "https://jerseys-catalog.com/upload/20260817/9d9c66767b2cffb6e4d35dd6786152b9.png",
      "id": "0f63109f-cbe4-441c-9921-810171eb4e10",
      "legacy_id": "24",
      "quantita": 1
    }
  ],
  "user_id": "8313ed33-3330-4fdb-aaad-a4440bbd0a22",
  "access_token": "eyJhbGciOiJFUzI1NiIsImtpZCI6ImU0YmRmNTFhLTBkOWQtNDVkMC1iN2VmLTNmYjA1NjJlMjYzZCIsInR5cCI6IkpXVCJ9.eyJpc3MiOiJodHRwczovL3JjbnVlZGZ1ZWF5bWZwcGVzbmV0LnN1cGFiYXNlLmNvL2F1dGgvdjEiLCJzdWIiOiI4MzEzZWQzMy0zMzMwLTRmZGItYWFhZC1hNDQ0MGJiZDBhMjIiLCJhdWQiOiJhdXRoZW50aWNhdGVkIiwiZXhwIjoxNzg3MzA5MTczLCJpYXQiOjE3ODczMDU1NzMsImVtYWlsIjoic2VyZ2lvdHRvY2F0YW5pYUBnbWFpbC5jb20iLCJwaG9uZSI6IiIsImFwcF9tZXRhZGF0YSI6eyJwcm92aWRlciI6ImVtYWlsIiwicHJvdmlkZXJzIjpbImVtYWlsIl19LCJ1c2VyX21ldGFkYXRhIjp7ImNvZ25vbWUiOiJDYXRhbmlhIiwiZW1haWwiOiJzZXJnaW90dG9jYXRhbmlhQGdtYWlsLmNvbSIsImVtYWlsX3ZlcmlmaWVkIjp0cnVlLCJmaXJzdF9uYW1lIjoic2VyZ2lvIiwibGFzdF9uYW1lIjoiY2F0YW5pYSIsIm5vbWUiOiJTZXJnaW8iLCJwaG9uZV92ZXJpZmllZCI6ZmFsc2UsInN1YiI6IjgzMTNlZDMzLTMzMzAtNGZkYi1hYWFkLWE0NDQwYmJkMGEyMiIsInRlbGVmb25vIjoiMzcwMTM4NDkzMiIsIndpc2hsaXN0IjpbIjZkMmM4YWQ3LTQzMDgtNGVlNi04MjIzLWUwNWNhNTcwZGM3MCJdfSwicm9sZSI6ImF1dGhlbnRpY2F0ZWQiLCJhYWwiOiJhYWwxIiwiYW1yIjpbeyJtZXRob2QiOiJwYXNzd29yZCIsInRpbWVzdGFtcCI6MTc4NjE4ODc0Nn1dLCJzZXNzaW9uX2lkIjoiYjRjNzdlNGMtMGY1MC00Njc4LWEwMDEtOWM2NzdjZWRlMDRjIiwiaXNfYW5vbnltb3VzIjpmYWxzZX0.Zv79qVjoWyy139ugHSFMLNSWh_DcK2zrk8vY0pEVIgzeeeNtiuU-IKY2kSE2UrM3D_Em3bvH2gpTHjh0mninHg",
  "registered_name": "Sergio Catania",
  "coupon_code": "MIAKHALIFA",
  "coupon_discount": 0,
  "coupon_type": "fornitore",
  "coupon_value": 0
}
[2026-08-21T09:57:15.681Z] [LOG] =========================================
[2026-08-21T09:57:16.169Z] [LOG] 2. Products in Cart:
[2026-08-21T09:57:16.169Z] [LOG] --- Cart Item #1 ---
[2026-08-21T09:57:16.169Z] [LOG] Item object: {
  "squadra": "Adulto kits 26/27 Barcelona Trasferta",
  "infoPerso": "Nessuna",
  "taglia": "L",
  "prezzo": 23.99,
  "imgUrl": "https://jerseys-catalog.com/upload/20260817/9d9c66767b2cffb6e4d35dd6786152b9.png",
  "id": "0f63109f-cbe4-441c-9921-810171eb4e10",
  "legacy_id": "24",
  "quantita": 1
}
[2026-08-21T09:57:16.169Z] [LOG] 3. Prezzo (prezzo): 23.99 (Parsed as: 23.99)
[2026-08-21T09:57:16.169Z] [LOG]    Quantita (quantita): 1 (Parsed as: 1)
[2026-08-21T09:57:16.169Z] [LOG] 
================ MATCHING REPORT ================
[2026-08-21T09:57:16.169Z] [LOG] Prodotto nel carrello: "Adulto kits 26/27 Barcelona Trasferta" (id: 0f63109f-cbe4-441c-9921-810171eb4e10, legacy_id: 24)
‚Üì
Prodotto trovato su Supabase: "Adulto kits 26/27 Barcelona Trasferta" (id: 0f63109f-cbe4-441c-9921-810171eb4e10, legacy_id: 24) tramite ID (0f63109f-cbe4-441c-9921-810171eb4e10)
‚Üì
Prezzo fornitore recuperato: $8.00
[2026-08-21T09:57:16.169Z] [LOG] =================================================

[2026-08-21T09:57:16.171Z] [LOG] [COUPON DEBUG]
Operazione: SELECT
Tabella: public.coupons
[2026-08-21T09:57:16.208Z] [LOG] [COUPON DEBUG]
Operazione: SELECT
Tabella: public.coupons
Numero coupon restituiti: 3
Risultato: SUCCESS
[2026-08-21T09:57:16.230Z] [LOG] Costo completino USD: 8
[2026-08-21T09:57:16.230Z] [LOG] Costo spedizione USD: 4
[2026-08-21T09:57:16.231Z] [LOG] Costo personalizzazioni USD: 0
[2026-08-21T09:57:16.231Z] [LOG] Totale USD: 12
[2026-08-21T09:57:16.231Z] [LOG] Cambio USD/EUR: 0.856037
[2026-08-21T09:57:16.231Z] [LOG] Prezzo finale EUR: 10.27
[2026-08-21T09:57:16.231Z] [LOG] Totale cliente: 10.27
[2026-08-21T09:57:16.323Z] [LOG] [COUPONS] Incrementato utilizzazioni coupon 'MIAKHALIFA' a 11
[2026-08-21T09:57:16.340Z] [LOG] === OVERALL CALCULATIONS & VALUES ===
[2026-08-21T09:57:16.340Z] [LOG] - totale_pagato_cliente: 10.27
[2026-08-21T09:57:16.341Z] [LOG] - costo_prodotti_usd: 8
[2026-08-21T09:57:16.341Z] [LOG] - order_shipping_usd (spedizione): 4
[2026-08-21T09:57:16.341Z] [LOG] - costo_totale_usd: 12
[2026-08-21T09:57:16.341Z] [LOG] - exchangeRate: 0.856037
[2026-08-21T09:57:16.341Z] [LOG] - costo_totale_eur: 10.272444
[2026-08-21T09:57:16.341Z] [LOG] - profitto_eur (5. Profitto calcolato): -0.002444000000000557
[2026-08-21T09:57:16.341Z] [LOG] üì§ Registrazione dell'ordine nel database Supabase (atomica)...
[2026-08-21T09:57:16.342Z] [LOG] 
================ ORDER DATA DA SALVARE ================
[2026-08-21T09:57:16.342Z] [LOG] {
  "data": "21/08/2026, 09:57:16",
  "nome": "Kevin Completini",
  "telefono": "393701384932",
  "squadra": "1x Adulto kits 26/27 Barcelona Trasferta",
  "personalizzazione": "1x [Nessuna]",
  "taglia": "1x [L]",
  "totale": "10,27‚Ç¨",
  "foto": "=IMAGE(\"https://jerseys-catalog.com/upload/20260817/9d9c66767b2cffb6e4d35dd6786152b9.png\")",
  "prezzo_fornitore": "1x $8.00",
  "costo_prodotti_usd": "8,00",
  "costo_spedizione_usd": "4,00",
  "costo_totale_usd": "12,00",
  "cambio_usd_eur": "0,8560",
  "costo_totale_eur": "10,27",
  "profitto_eur": "-0,00",
  "is_archived": false,
  "carrello": [
    {
      "squadra": "Adulto kits 26/27 Barcelona Trasferta",
      "infoPerso": "Nessuna",
      "taglia": "L",
      "prezzo": 23.99,
      "imgUrl": "https://jerseys-catalog.com/upload/20260817/9d9c66767b2cffb6e4d35dd6786152b9.png",
      "id": "0f63109f-cbe4-441c-9921-810171eb4e10",
      "legacy_id": "24",
      "quantita": 1
    }
  ],
  "coupon_code": "MIAKHALIFA",
  "coupon_discount": 0,
  "coupon_type": "fornitore",
  "coupon_value": 0
}
[2026-08-21T09:57:16.342Z] [LOG] =======================================================

[2026-08-21T09:57:16.379Z] [LOG] 
================ RIGA SALVATA SU SUPABASE ================
[2026-08-21T09:57:16.379Z] [LOG] [
  {
    "id": 144,
    "data": "21/08/2026, 09:57:16",
    "nome": "Kevin Completini",
    "telefono": "393701384932",
    "squadra": "1x Adulto kits 26/27 Barcelona Trasferta",
    "personalizzazione": "1x [Nessuna]",
    "taglia": "1x [L]",
    "totale": "10,27‚Ç¨",
    "foto": "=IMAGE(\"https://jerseys-catalog.com/upload/20260817/9d9c66767b2cffb6e4d35dd6786152b9.png\")",
    "prezzo_fornitore": "1x $8.00",
    "costo_prodotti_usd": "8,00",
    "costo_spedizione_usd": "4,00",
    "costo_totale_usd": "12,00",
    "cambio_usd_eur": "0,8560",
    "costo_totale_eur": "10,27",
    "profitto_eur": "-0,00",
    "is_archived": false,
    "lotto_id": null,
    "carrello": [
      {
        "id": "0f63109f-cbe4-441c-9921-810171eb4e10",
        "imgUrl": "https://jerseys-catalog.com/upload/20260817/9d9c66767b2cffb6e4d35dd6786152b9.png",
        "prezzo": 23.99,
        "taglia": "L",
        "squadra": "Adulto kits 26/27 Barcelona Trasferta",
        "quantita": 1,
        "infoPerso": "Nessuna",
        "legacy_id": "24"
      }
    ],
    "created_at": "2026-08-21T09:57:16.362258+00:00",
    "coupon_id": null,
    "coupon_code": "MIAKHALIFA",
    "coupon_name": null,
    "coupon_type": "fornitore",
    "coupon_value": 0,
    "coupon_discount": 0,
    "free_shipping_discount": 0,
    "final_total_after_coupon": null
  }
]
[2026-08-21T09:57:16.379Z] [LOG] ==========================================================

[2026-08-21T09:57:16.379Z] [LOG] ‚úÖ Order inserted successfully in Supabase 'orders' table.
[2026-08-21T09:57:16.379Z] [LOG] üì§ Ricalcolo automatico del lotto corrente (atomico)...
[2026-08-21T09:57:16.450Z] [LOG] =================================
[2026-08-21T09:57:16.450Z] [LOG] DEBUG AREA CLIENTE
[2026-08-21T09:57:16.450Z] [LOG] insertedAdminOrder: {
  "id": 144,
  "data": "21/08/2026, 09:57:16",
  "nome": "Kevin Completini",
  "telefono": "393701384932",
  "squadra": "1x Adulto kits 26/27 Barcelona Trasferta",
  "personalizzazione": "1x [Nessuna]",
  "taglia": "1x [L]",
  "totale": "10,27‚Ç¨",
  "foto": "=IMAGE(\"https://jerseys-catalog.com/upload/20260817/9d9c66767b2cffb6e4d35dd6786152b9.png\")",
  "prezzo_fornitore": "1x $8.00",
  "costo_prodotti_usd": "8,00",
  "costo_spedizione_usd": "4,00",
  "costo_totale_usd": "12,00",
  "cambio_usd_eur": "0,8560",
  "costo_totale_eur": "10,27",
  "profitto_eur": "-0,00",
  "is_archived": false,
  "lotto_id": null,
  "carrello": [
    {
      "id": "0f63109f-cbe4-441c-9921-810171eb4e10",
      "imgUrl": "https://jerseys-catalog.com/upload/20260817/9d9c66767b2cffb6e4d35dd6786152b9.png",
      "prezzo": 23.99,
      "taglia": "L",
      "squadra": "Adulto kits 26/27 Barcelona Trasferta",
      "quantita": 1,
      "infoPerso": "Nessuna",
      "legacy_id": "24"
    }
  ],
  "created_at": "2026-08-21T09:57:16.362258+00:00",
  "coupon_id": null,
  "coupon_code": "MIAKHALIFA",
  "coupon_name": null,
  "coupon_type": "fornitore",
  "coupon_value": 0,
  "coupon_discount": 0,
  "free_shipping_discount": 0,
  "final_total_after_coupon": null
}
[2026-08-21T09:57:16.451Z] [LOG] user_id: 8313ed33-3330-4fdb-aaad-a4440bbd0a22
[2026-08-21T09:57:16.451Z] [LOG] access_token: PRESENTE
[2026-08-21T09:57:16.451Z] [LOG] =================================
[2026-08-21T09:57:16.451Z] [LOG] üë§ Utente autenticato rilevato (8313ed33-3330-4fdb-aaad-a4440bbd0a22). Associazione dell'ordine all'Area Cliente...
[2026-08-21T09:57:16.454Z] [LOG] üì§ Inserimento in customer_orders: {
  "user_id": "8313ed33-3330-4fdb-aaad-a4440bbd0a22",
  "order_number": "ORD-144",
  "admin_order_id": 144,
  "subtotal": 23.99,
  "shipping": 0,
  "total": 10.27,
  "payment_status": "pending",
  "status": "Ordine Ricevuto",
  "created_at": "2026-08-21T09:57:16.452Z",
  "updated_at": "2026-08-21T09:57:16.452Z",
  "coupon_code": "MIAKHALIFA",
  "coupon_discount": 0,
  "coupon_type": "fornitore",
  "coupon_value": 0
}
[2026-08-21T09:57:16.497Z] [WARN] ‚ö†Ô∏è Colonna coupon_type non trovata su customer_orders (tabella non aggiornata). Riprovo l'inserimento senza coupon_type e coupon_value...
[2026-08-21T09:57:16.543Z] [LOG] ‚úÖ Inserito in customer_orders con ID: 8e307f6d-0545-4beb-bd95-e4d69788226f
[2026-08-21T09:57:16.544Z] [LOG] üì§ Inserimento in customer_order_items: [
  {
    "order_id": "8e307f6d-0545-4beb-bd95-e4d69788226f",
    "product_id": 24,
    "nome": "Adulto kits 26/27 Barcelona Trasferta",
    "categoria": "Kit",
    "stagione": "2026/2027",
    "taglia": "L",
    "personalizzazione": "Nessuna",
    "prezzo": 23.99,
    "quantita": 1
  }
]
[2026-08-21T09:57:16.577Z] [LOG] ‚úÖ Inseriti tutti i prodotti dell'ordine in customer_order_items!
[2026-08-21T09:57:16.577Z] [LOG] === DEBUG SERVER SUCCESS ===
[2026-08-21T09:58:16.615Z] [LOG] =========================================
[2026-08-21T09:58:16.615Z] [LOG] üì¨ [DEBUG SERVER] POST /api/orders RECEIVED!
[2026-08-21T09:58:16.615Z] [LOG] 1. Full Body sent by frontend: {
  "nome": "Orazio Giuffrida",
  "telefono": "393885631165",
  "carrello": [
    {
      "squadra": "Retro 1994 Italy Casa",
      "infoPerso": "Nome: R.BAGGIO - Num: 10",
      "taglia": "M",
      "prezzo": 24.99,
      "imgUrl": "https://jerseys-catalog.com/upload/20230914/e17e757b33e66c7ab00f75d7cc2ab7ac.jpg",
      "id": "0aeb9d9b-c9f6-4e4d-9ba6-57bcd6e52405",
      "legacy_id": "58",
      "quantita": 1
    },
    {
      "squadra": "Adulto kits 26/27 Juventus Trasferta",
      "infoPerso": "Nome: YILDIZ - Num: 10 - Patch: serie A",
      "taglia": "L",
      "prezzo": 27.99,
      "imgUrl": "https://jerseys-catalog.com/upload/20260817/37644aa9b74671d356a4eaa1e9ded079.png",
      "id": "55899f07-ca14-43e7-987f-cdd4bab8ee65",
      "legacy_id": "25",
      "quantita": 1
    }
  ],
  "user_id": "8313ed33-3330-4fdb-aaad-a4440bbd0a22",
  "access_token": "eyJhbGciOiJFUzI1NiIsImtpZCI6ImU0YmRmNTFhLTBkOWQtNDVkMC1iN2VmLTNmYjA1NjJlMjYzZCIsInR5cCI6IkpXVCJ9.eyJpc3MiOiJodHRwczovL3JjbnVlZGZ1ZWF5bWZwcGVzbmV0LnN1cGFiYXNlLmNvL2F1dGgvdjEiLCJzdWIiOiI4MzEzZWQzMy0zMzMwLTRmZGItYWFhZC1hNDQ0MGJiZDBhMjIiLCJhdWQiOiJhdXRoZW50aWNhdGVkIiwiZXhwIjoxNzg3MzA5MTczLCJpYXQiOjE3ODczMDU1NzMsImVtYWlsIjoic2VyZ2lvdHRvY2F0YW5pYUBnbWFpbC5jb20iLCJwaG9uZSI6IiIsImFwcF9tZXRhZGF0YSI6eyJwcm92aWRlciI6ImVtYWlsIiwicHJvdmlkZXJzIjpbImVtYWlsIl19LCJ1c2VyX21ldGFkYXRhIjp7ImNvZ25vbWUiOiJDYXRhbmlhIiwiZW1haWwiOiJzZXJnaW90dG9jYXRhbmlhQGdtYWlsLmNvbSIsImVtYWlsX3ZlcmlmaWVkIjp0cnVlLCJmaXJzdF9uYW1lIjoic2VyZ2lvIiwibGFzdF9uYW1lIjoiY2F0YW5pYSIsIm5vbWUiOiJTZXJnaW8iLCJwaG9uZV92ZXJpZmllZCI6ZmFsc2UsInN1YiI6IjgzMTNlZDMzLTMzMzAtNGZkYi1hYWFkLWE0NDQwYmJkMGEyMiIsInRlbGVmb25vIjoiMzcwMTM4NDkzMiIsIndpc2hsaXN0IjpbIjZkMmM4YWQ3LTQzMDgtNGVlNi04MjIzLWUwNWNhNTcwZGM3MCJdfSwicm9sZSI6ImF1dGhlbnRpY2F0ZWQiLCJhYWwiOiJhYWwxIiwiYW1yIjpbeyJtZXRob2QiOiJwYXNzd29yZCIsInRpbWVzdGFtcCI6MTc4NjE4ODc0Nn1dLCJzZXNzaW9uX2lkIjoiYjRjNzdlNGMtMGY1MC00Njc4LWEwMDEtOWM2NzdjZWRlMDRjIiwiaXNfYW5vbnltb3VzIjpmYWxzZX0.Zv79qVjoWyy139ugHSFMLNSWh_DcK2zrk8vY0pEVIgzeeeNtiuU-IKY2kSE2UrM3D_Em3bvH2gpTHjh0mninHg",
  "registered_name": "Sergio Catania",
  "coupon_code": null,
  "coupon_discount": null,
  "coupon_type": null,
  "coupon_value": null
}
[2026-08-21T09:58:16.615Z] [LOG] =========================================
[2026-08-21T09:58:17.109Z] [LOG] 2. Products in Cart:
[2026-08-21T09:58:17.109Z] [LOG] --- Cart Item #1 ---
[2026-08-21T09:58:17.109Z] [LOG] Item object: {
  "squadra": "Retro 1994 Italy Casa",
  "infoPerso": "Nome: R.BAGGIO - Num: 10",
  "taglia": "M",
  "prezzo": 24.99,
  "imgUrl": "https://jerseys-catalog.com/upload/20230914/e17e757b33e66c7ab00f75d7cc2ab7ac.jpg",
  "id": "0aeb9d9b-c9f6-4e4d-9ba6-57bcd6e52405",
  "legacy_id": "58",
  "quantita": 1
}
[2026-08-21T09:58:17.109Z] [LOG] 3. Prezzo (prezzo): 24.99 (Parsed as: 24.99)
[2026-08-21T09:58:17.109Z] [LOG]    Quantita (quantita): 1 (Parsed as: 1)
[2026-08-21T09:58:17.109Z] [LOG] 
================ MATCHING REPORT ================
[2026-08-21T09:58:17.109Z] [LOG] Prodotto nel carrello: "Retro 1994 Italy Casa" (id: 0aeb9d9b-c9f6-4e4d-9ba6-57bcd6e52405, legacy_id: 58)
‚Üì
Prodotto trovato su Supabase: "Retro 1994 Italy Casa" (id: 0aeb9d9b-c9f6-4e4d-9ba6-57bcd6e52405, legacy_id: 58) tramite ID (0aeb9d9b-c9f6-4e4d-9ba6-57bcd6e52405)
‚Üì
Prezzo fornitore recuperato: $9.99
[2026-08-21T09:58:17.109Z] [LOG] =================================================

[2026-08-21T09:58:17.109Z] [LOG] --- Cart Item #2 ---
[2026-08-21T09:58:17.110Z] [LOG] Item object: {
  "squadra": "Adulto kits 26/27 Juventus Trasferta",
  "infoPerso": "Nome: YILDIZ - Num: 10 - Patch: serie A",
  "taglia": "L",
  "prezzo": 27.99,
  "imgUrl": "https://jerseys-catalog.com/upload/20260817/37644aa9b74671d356a4eaa1e9ded079.png",
  "id": "55899f07-ca14-43e7-987f-cdd4bab8ee65",
  "legacy_id": "25",
  "quantita": 1
}
[2026-08-21T09:58:17.110Z] [LOG] 3. Prezzo (prezzo): 27.99 (Parsed as: 27.99)
[2026-08-21T09:58:17.110Z] [LOG]    Quantita (quantita): 1 (Parsed as: 1)
[2026-08-21T09:58:17.110Z] [LOG] 
================ MATCHING REPORT ================
[2026-08-21T09:58:17.110Z] [LOG] Prodotto nel carrello: "Adulto kits 26/27 Juventus Trasferta" (id: 55899f07-ca14-43e7-987f-cdd4bab8ee65, legacy_id: 25)
‚Üì
Prodotto trovato su Supabase: "Adulto kits 26/27 Juventus Trasferta" (id: 55899f07-ca14-43e7-987f-cdd4bab8ee65, legacy_id: 25) tramite ID (55899f07-ca14-43e7-987f-cdd4bab8ee65)
‚Üì
Prezzo fornitore recuperato: $8.00
[2026-08-21T09:58:17.110Z] [LOG] =================================================

[2026-08-21T09:58:17.148Z] [LOG] === OVERALL CALCULATIONS & VALUES ===
[2026-08-21T09:58:17.148Z] [LOG] - totale_pagato_cliente: 52.98
[2026-08-21T09:58:17.148Z] [LOG] - costo_prodotti_usd: 22.990000000000002
[2026-08-21T09:58:17.148Z] [LOG] - order_shipping_usd (spedizione): 8
[2026-08-21T09:58:17.148Z] [LOG] - costo_totale_usd: 30.990000000000002
[2026-08-21T09:58:17.148Z] [LOG] - exchangeRate: 0.856037
[2026-08-21T09:58:17.148Z] [LOG] - costo_totale_eur: 26.528586630000003
[2026-08-21T09:58:17.148Z] [LOG] - profitto_eur (5. Profitto calcolato): 26.451413369999994
[2026-08-21T09:58:17.148Z] [LOG] üì§ Registrazione dell'ordine nel database Supabase (atomica)...
[2026-08-21T09:58:17.148Z] [LOG] 
================ ORDER DATA DA SALVARE ================
[2026-08-21T09:58:17.148Z] [LOG] {
  "data": "21/08/2026, 09:58:17",
  "nome": "Orazio Giuffrida",
  "telefono": "393885631165",
  "squadra": "1x Retro 1994 Italy Casa / 1x Adulto kits 26/27 Juventus Trasferta",
  "personalizzazione": "1x [Nome: R.BAGGIO - Num: 10] | 1x [Nome: YILDIZ - Num: 10 - Patch: serie A]",
  "taglia": "1x [M] / 1x [L]",
  "totale": "52,98‚Ç¨",
  "foto": "=IMAGE(\"https://jerseys-catalog.com/upload/20230914/e17e757b33e66c7ab00f75d7cc2ab7ac.jpg\")",
  "prezzo_fornitore": "1x $11.99 / 1x $11.00",
  "costo_prodotti_usd": "22,99",
  "costo_spedizione_usd": "8,00",
  "costo_totale_usd": "30,99",
  "cambio_usd_eur": "0,8560",
  "costo_totale_eur": "26,53",
  "profitto_eur": "26,45",
  "is_archived": false,
  "carrello": [
    {
      "squadra": "Retro 1994 Italy Casa",
      "infoPerso": "Nome: R.BAGGIO - Num: 10",
      "taglia": "M",
      "prezzo": 24.99,
      "imgUrl": "https://jerseys-catalog.com/upload/20230914/e17e757b33e66c7ab00f75d7cc2ab7ac.jpg",
      "id": "0aeb9d9b-c9f6-4e4d-9ba6-57bcd6e52405",
      "legacy_id": "58",
      "quantita": 1
    },
    {
      "squadra": "Adulto kits 26/27 Juventus Trasferta",
      "infoPerso": "Nome: YILDIZ - Num: 10 - Patch: serie A",
      "taglia": "L",
      "prezzo": 27.99,
      "imgUrl": "https://jerseys-catalog.com/upload/20260817/37644aa9b74671d356a4eaa1e9ded079.png",
      "id": "55899f07-ca14-43e7-987f-cdd4bab8ee65",
      "legacy_id": "25",
      "quantita": 1
    }
  ],
  "coupon_code": null,
  "coupon_discount": 0,
  "coupon_type": null,
  "coupon_value": 0
}
[2026-08-21T09:58:17.148Z] [LOG] =======================================================

[2026-08-21T09:58:17.191Z] [LOG] 
================ RIGA SALVATA SU SUPABASE ================
[2026-08-21T09:58:17.192Z] [LOG] [
  {
    "id": 145,
    "data": "21/08/2026, 09:58:17",
    "nome": "Orazio Giuffrida",
    "telefono": "393885631165",
    "squadra": "1x Retro 1994 Italy Casa / 1x Adulto kits 26/27 Juventus Trasferta",
    "personalizzazione": "1x [Nome: R.BAGGIO - Num: 10] | 1x [Nome: YILDIZ - Num: 10 - Patch: serie A]",
    "taglia": "1x [M] / 1x [L]",
    "totale": "52,98‚Ç¨",
    "foto": "=IMAGE(\"https://jerseys-catalog.com/upload/20230914/e17e757b33e66c7ab00f75d7cc2ab7ac.jpg\")",
    "prezzo_fornitore": "1x $11.99 / 1x $11.00",
    "costo_prodotti_usd": "22,99",
    "costo_spedizione_usd": "8,00",
    "costo_totale_usd": "30,99",
    "cambio_usd_eur": "0,8560",
    "costo_totale_eur": "26,53",
    "profitto_eur": "26,45",
    "is_archived": false,
    "lotto_id": null,
    "carrello": [
      {
        "id": "0aeb9d9b-c9f6-4e4d-9ba6-57bcd6e52405",
        "imgUrl": "https://jerseys-catalog.com/upload/20230914/e17e757b33e66c7ab00f75d7cc2ab7ac.jpg",
        "prezzo": 24.99,
        "taglia": "M",
        "squadra": "Retro 1994 Italy Casa",
        "quantita": 1,
        "infoPerso": "Nome: R.BAGGIO - Num: 10",
        "legacy_id": "58"
      },
      {
        "id": "55899f07-ca14-43e7-987f-cdd4bab8ee65",
        "imgUrl": "https://jerseys-catalog.com/upload/20260817/37644aa9b74671d356a4eaa1e9ded079.png",
        "prezzo": 27.99,
        "taglia": "L",
        "squadra": "Adulto kits 26/27 Juventus Trasferta",
        "quantita": 1,
        "infoPerso": "Nome: YILDIZ - Num: 10 - Patch: serie A",
        "legacy_id": "25"
      }
    ],
    "created_at": "2026-08-21T09:58:17.173242+00:00",
    "coupon_id": null,
    "coupon_code": null,
    "coupon_name": null,
    "coupon_type": null,
    "coupon_value": 0,
    "coupon_discount": 0,
    "free_shipping_discount": 0,
    "final_total_after_coupon": null
  }
]
[2026-08-21T09:58:17.192Z] [LOG] ==========================================================

[2026-08-21T09:58:17.192Z] [LOG] ‚úÖ Order inserted successfully in Supabase 'orders' table.
[2026-08-21T09:58:17.192Z] [LOG] üì§ Ricalcolo automatico del lotto corrente (atomico)...
[2026-08-21T09:58:17.283Z] [LOG] =================================
[2026-08-21T09:58:17.283Z] [LOG] DEBUG AREA CLIENTE
[2026-08-21T09:58:17.283Z] [LOG] insertedAdminOrder: {
  "id": 145,
  "data": "21/08/2026, 09:58:17",
  "nome": "Orazio Giuffrida",
  "telefono": "393885631165",
  "squadra": "1x Retro 1994 Italy Casa / 1x Adulto kits 26/27 Juventus Trasferta",
  "personalizzazione": "1x [Nome: R.BAGGIO - Num: 10] | 1x [Nome: YILDIZ - Num: 10 - Patch: serie A]",
  "taglia": "1x [M] / 1x [L]",
  "totale": "52,98‚Ç¨",
  "foto": "=IMAGE(\"https://jerseys-catalog.com/upload/20230914/e17e757b33e66c7ab00f75d7cc2ab7ac.jpg\")",
  "prezzo_fornitore": "1x $11.99 / 1x $11.00",
  "costo_prodotti_usd": "22,99",
  "costo_spedizione_usd": "8,00",
  "costo_totale_usd": "30,99",
  "cambio_usd_eur": "0,8560",
  "costo_totale_eur": "26,53",
  "profitto_eur": "26,45",
  "is_archived": false,
  "lotto_id": null,
  "carrello": [
    {
      "id": "0aeb9d9b-c9f6-4e4d-9ba6-57bcd6e52405",
      "imgUrl": "https://jerseys-catalog.com/upload/20230914/e17e757b33e66c7ab00f75d7cc2ab7ac.jpg",
      "prezzo": 24.99,
      "taglia": "M",
      "squadra": "Retro 1994 Italy Casa",
      "quantita": 1,
      "infoPerso": "Nome: R.BAGGIO - Num: 10",
      "legacy_id": "58"
    },
    {
      "id": "55899f07-ca14-43e7-987f-cdd4bab8ee65",
      "imgUrl": "https://jerseys-catalog.com/upload/20260817/37644aa9b74671d356a4eaa1e9ded079.png",
      "prezzo": 27.99,
      "taglia": "L",
      "squadra": "Adulto kits 26/27 Juventus Trasferta",
      "quantita": 1,
      "infoPerso": "Nome: YILDIZ - Num: 10 - Patch: serie A",
      "legacy_id": "25"
    }
  ],
  "created_at": "2026-08-21T09:58:17.173242+00:00",
  "coupon_id": null,
  "coupon_code": null,
  "coupon_name": null,
  "coupon_type": null,
  "coupon_value": 0,
  "coupon_discount": 0,
  "free_shipping_discount": 0,
  "final_total_after_coupon": null
}
[2026-08-21T09:58:17.283Z] [LOG] user_id: 8313ed33-3330-4fdb-aaad-a4440bbd0a22
[2026-08-21T09:58:17.283Z] [LOG] access_token: PRESENTE
[2026-08-21T09:58:17.283Z] [LOG] =================================
[2026-08-21T09:58:17.283Z] [LOG] üë§ Utente autenticato rilevato (8313ed33-3330-4fdb-aaad-a4440bbd0a22). Associazione dell'ordine all'Area Cliente...
[2026-08-21T09:58:17.284Z] [LOG] üì§ Inserimento in customer_orders: {
  "user_id": "8313ed33-3330-4fdb-aaad-a4440bbd0a22",
  "order_number": "ORD-145",
  "admin_order_id": 145,
  "subtotal": 52.98,
  "shipping": 0,
  "total": 52.98,
  "payment_status": "pending",
  "status": "Ordine Ricevuto",
  "created_at": "2026-08-21T09:58:17.284Z",
  "updated_at": "2026-08-21T09:58:17.284Z",
  "coupon_code": null,
  "coupon_discount": 0,
  "coupon_type": null,
  "coupon_value": 0
}
[2026-08-21T09:58:17.316Z] [WARN] ‚ö†Ô∏è Colonna coupon_type non trovata su customer_orders (tabella non aggiornata). Riprovo l'inserimento senza coupon_type e coupon_value...
[2026-08-21T09:58:17.354Z] [LOG] ‚úÖ Inserito in customer_orders con ID: 5198d467-5609-4a00-b612-6a7bce04e888
[2026-08-21T09:58:17.354Z] [LOG] üì§ Inserimento in customer_order_items: [
  {
    "order_id": "5198d467-5609-4a00-b612-6a7bce04e888",
    "product_id": 58,
    "nome": "Retro 1994 Italy Casa",
    "categoria": "Retro",
    "stagione": "1994/1995",
    "taglia": "M",
    "personalizzazione": "Nome: R.BAGGIO - Num: 10",
    "prezzo": 24.99,
    "quantita": 1
  },
  {
    "order_id": "5198d467-5609-4a00-b612-6a7bce04e888",
    "product_id": 25,
    "nome": "Adulto kits 26/27 Juventus Trasferta",
    "categoria": "Kit",
    "stagione": "2026/2027",
    "taglia": "L",
    "personalizzazione": "Nome: YILDIZ - Num: 10 - Patch: serie A",
    "prezzo": 27.99,
    "quantita": 1
  }
]
[2026-08-21T09:58:17.389Z] [LOG] ‚úÖ Inseriti tutti i prodotti dell'ordine in customer_order_items!
[2026-08-21T09:58:17.390Z] [LOG] === DEBUG SERVER SUCCESS ===
[2026-08-21T09:58:59.595Z] [LOG] [COUPON DEBUG]
Operazione: SELECT
Tabella: public.coupons
[2026-08-21T09:58:59.834Z] [LOG] [COUPON DEBUG]
Operazione: SELECT
Tabella: public.coupons
Numero coupon restituiti: 3
Risultato: SUCCESS
[2026-08-21T09:59:00.394Z] [LOG] Costo completino USD: 14
[2026-08-21T09:59:00.394Z] [LOG] Costo spedizione USD: 4
[2026-08-21T09:59:00.394Z] [LOG] Costo personalizzazioni USD: 0
[2026-08-21T09:59:00.394Z] [LOG] Totale USD: 18
[2026-08-21T09:59:00.394Z] [LOG] Cambio USD/EUR: 0.856037
[2026-08-21T09:59:00.394Z] [LOG] Prezzo finale EUR: 15.41
[2026-08-21T09:59:00.394Z] [LOG] Totale cliente: 15.41
[2026-08-21T09:59:02.036Z] [LOG] =========================================
[2026-08-21T09:59:02.036Z] [LOG] üì¨ [DEBUG SERVER] POST /api/orders RECEIVED!
[2026-08-21T09:59:02.036Z] [LOG] 1. Full Body sent by frontend: {
  "nome": "Sergio Catania",
  "telefono": "393701384932",
  "carrello": [
    {
      "squadra": "26/27 Smanicato Manchester United Nero suit",
      "infoPerso": "Nessuna",
      "taglia": "M",
      "prezzo": 26.99,
      "imgUrl": "https://jerseys-catalog.com/upload/20260804/9537eddb3f75adbe569bd0129b5c8285.png#zoom=1.2&x=0&y=0",
      "id": "89994ce3-aff6-47bb-8ff2-01649a0cd42e",
      "legacy_id": "42",
      "quantita": 1
    }
  ],
  "user_id": "8313ed33-3330-4fdb-aaad-a4440bbd0a22",
  "access_token": "eyJhbGciOiJFUzI1NiIsImtpZCI6ImU0YmRmNTFhLTBkOWQtNDVkMC1iN2VmLTNmYjA1NjJlMjYzZCIsInR5cCI6IkpXVCJ9.eyJpc3MiOiJodHRwczovL3JjbnVlZGZ1ZWF5bWZwcGVzbmV0LnN1cGFiYXNlLmNvL2F1dGgvdjEiLCJzdWIiOiI4MzEzZWQzMy0zMzMwLTRmZGItYWFhZC1hNDQ0MGJiZDBhMjIiLCJhdWQiOiJhdXRoZW50aWNhdGVkIiwiZXhwIjoxNzg3MzA5MTczLCJpYXQiOjE3ODczMDU1NzMsImVtYWlsIjoic2VyZ2lvdHRvY2F0YW5pYUBnbWFpbC5jb20iLCJwaG9uZSI6IiIsImFwcF9tZXRhZGF0YSI6eyJwcm92aWRlciI6ImVtYWlsIiwicHJvdmlkZXJzIjpbImVtYWlsIl19LCJ1c2VyX21ldGFkYXRhIjp7ImNvZ25vbWUiOiJDYXRhbmlhIiwiZW1haWwiOiJzZXJnaW90dG9jYXRhbmlhQGdtYWlsLmNvbSIsImVtYWlsX3ZlcmlmaWVkIjp0cnVlLCJmaXJzdF9uYW1lIjoic2VyZ2lvIiwibGFzdF9uYW1lIjoiY2F0YW5pYSIsIm5vbWUiOiJTZXJnaW8iLCJwaG9uZV92ZXJpZmllZCI6ZmFsc2UsInN1YiI6IjgzMTNlZDMzLTMzMzAtNGZkYi1hYWFkLWE0NDQwYmJkMGEyMiIsInRlbGVmb25vIjoiMzcwMTM4NDkzMiIsIndpc2hsaXN0IjpbIjZkMmM4YWQ3LTQzMDgtNGVlNi04MjIzLWUwNWNhNTcwZGM3MCJdfSwicm9sZSI6ImF1dGhlbnRpY2F0ZWQiLCJhYWwiOiJhYWwxIiwiYW1yIjpbeyJtZXRob2QiOiJwYXNzd29yZCIsInRpbWVzdGFtcCI6MTc4NjE4ODc0Nn1dLCJzZXNzaW9uX2lkIjoiYjRjNzdlNGMtMGY1MC00Njc4LWEwMDEtOWM2NzdjZWRlMDRjIiwiaXNfYW5vbnltb3VzIjpmYWxzZX0.Zv79qVjoWyy139ugHSFMLNSWh_DcK2zrk8vY0pEVIgzeeeNtiuU-IKY2kSE2UrM3D_Em3bvH2gpTHjh0mninHg",
  "registered_name": "Sergio Catania",
  "coupon_code": "MIAKHALIFA",
  "coupon_discount": 0,
  "coupon_type": "fornitore",
  "coupon_value": 0
}
[2026-08-21T09:59:02.036Z] [LOG] =========================================
[2026-08-21T09:59:02.493Z] [LOG] 2. Products in Cart:
[2026-08-21T09:59:02.493Z] [LOG] --- Cart Item #1 ---
[2026-08-21T09:59:02.493Z] [LOG] Item object: {
  "squadra": "26/27 Smanicato Manchester United Nero suit",
  "infoPerso": "Nessuna",
  "taglia": "M",
  "prezzo": 26.99,
  "imgUrl": "https://jerseys-catalog.com/upload/20260804/9537eddb3f75adbe569bd0129b5c8285.png#zoom=1.2&x=0&y=0",
  "id": "89994ce3-aff6-47bb-8ff2-01649a0cd42e",
  "legacy_id": "42",
  "quantita": 1
}
[2026-08-21T09:59:02.493Z] [LOG] 3. Prezzo (prezzo): 26.99 (Parsed as: 26.99)
[2026-08-21T09:59:02.493Z] [LOG]    Quantita (quantita): 1 (Parsed as: 1)
[2026-08-21T09:59:02.493Z] [LOG] 
================ MATCHING REPORT ================
[2026-08-21T09:59:02.493Z] [LOG] Prodotto nel carrello: "26/27 Smanicato Manchester United Nero suit" (id: 89994ce3-aff6-47bb-8ff2-01649a0cd42e, legacy_id: 42)
‚Üì
Prodotto trovato su Supabase: "26/27 Smanicato Manchester United Nero suit" (id: 89994ce3-aff6-47bb-8ff2-01649a0cd42e, legacy_id: 42) tramite ID (89994ce3-aff6-47bb-8ff2-01649a0cd42e)
‚Üì
Prezzo fornitore recuperato: $14.00
[2026-08-21T09:59:02.493Z] [LOG] =================================================

[2026-08-21T09:59:02.493Z] [LOG] [COUPON DEBUG]
Operazione: SELECT
Tabella: public.coupons
[2026-08-21T09:59:02.526Z] [LOG] [COUPON DEBUG]
Operazione: SELECT
Tabella: public.coupons
Numero coupon restituiti: 3
Risultato: SUCCESS
[2026-08-21T09:59:02.540Z] [LOG] Costo completino USD: 14
[2026-08-21T09:59:02.540Z] [LOG] Costo spedizione USD: 4
[2026-08-21T09:59:02.540Z] [LOG] Costo personalizzazioni USD: 0
[2026-08-21T09:59:02.540Z] [LOG] Totale USD: 18
[2026-08-21T09:59:02.540Z] [LOG] Cambio USD/EUR: 0.856037
[2026-08-21T09:59:02.540Z] [LOG] Prezzo finale EUR: 15.41
[2026-08-21T09:59:02.540Z] [LOG] Totale cliente: 15.41
[2026-08-21T09:59:02.631Z] [LOG] [COUPONS] Incrementato utilizzazioni coupon 'MIAKHALIFA' a 12
[2026-08-21T09:59:02.642Z] [LOG] === OVERALL CALCULATIONS & VALUES ===
[2026-08-21T09:59:02.642Z] [LOG] - totale_pagato_cliente: 15.41
[2026-08-21T09:59:02.642Z] [LOG] - costo_prodotti_usd: 14
[2026-08-21T09:59:02.642Z] [LOG] - order_shipping_usd (spedizione): 4
[2026-08-21T09:59:02.642Z] [LOG] - costo_totale_usd: 18
[2026-08-21T09:59:02.642Z] [LOG] - exchangeRate: 0.856037
[2026-08-21T09:59:02.642Z] [LOG] - costo_totale_eur: 15.408666
[2026-08-21T09:59:02.642Z] [LOG] - profitto_eur (5. Profitto calcolato): 0.0013339999999999463
[2026-08-21T09:59:02.643Z] [LOG] üì§ Registrazione dell'ordine nel database Supabase (atomica)...
[2026-08-21T09:59:02.643Z] [LOG] 
================ ORDER DATA DA SALVARE ================
[2026-08-21T09:59:02.644Z] [LOG] {
  "data": "21/08/2026, 09:59:02",
  "nome": "Sergio Catania",
  "telefono": "393701384932",
  "squadra": "1x 26/27 Smanicato Manchester United Nero suit",
  "personalizzazione": "1x [Nessuna]",
  "taglia": "1x [M]",
  "totale": "15,41‚Ç¨",
  "foto": "=IMAGE(\"https://jerseys-catalog.com/upload/20260804/9537eddb3f75adbe569bd0129b5c8285.png#zoom=1.2&x=0&y=0\")",
  "prezzo_fornitore": "1x $14.00",
  "costo_prodotti_usd": "14,00",
  "costo_spedizione_usd": "4,00",
  "costo_totale_usd": "18,00",
  "cambio_usd_eur": "0,8560",
  "costo_totale_eur": "15,41",
  "profitto_eur": "0,00",
  "is_archived": false,
  "carrello": [
    {
      "squadra": "26/27 Smanicato Manchester United Nero suit",
      "infoPerso": "Nessuna",
      "taglia": "M",
      "prezzo": 26.99,
      "imgUrl": "https://jerseys-catalog.com/upload/20260804/9537eddb3f75adbe569bd0129b5c8285.png#zoom=1.2&x=0&y=0",
      "id": "89994ce3-aff6-47bb-8ff2-01649a0cd42e",
      "legacy_id": "42",
      "quantita": 1
    }
  ],
  "coupon_code": "MIAKHALIFA",
  "coupon_discount": 0,
  "coupon_type": "fornitore",
  "coupon_value": 0
}
[2026-08-21T09:59:02.644Z] [LOG] =======================================================

[2026-08-21T09:59:02.693Z] [LOG] 
================ RIGA SALVATA SU SUPABASE ================
[2026-08-21T09:59:02.694Z] [LOG] [
  {
    "id": 146,
    "data": "21/08/2026, 09:59:02",
    "nome": "Sergio Catania",
    "telefono": "393701384932",
    "squadra": "1x 26/27 Smanicato Manchester United Nero suit",
    "personalizzazione": "1x [Nessuna]",
    "taglia": "1x [M]",
    "totale": "15,41‚Ç¨",
    "foto": "=IMAGE(\"https://jerseys-catalog.com/upload/20260804/9537eddb3f75adbe569bd0129b5c8285.png#zoom=1.2&x=0&y=0\")",
    "prezzo_fornitore": "1x $14.00",
    "costo_prodotti_usd": "14,00",
    "costo_spedizione_usd": "4,00",
    "costo_totale_usd": "18,00",
    "cambio_usd_eur": "0,8560",
    "costo_totale_eur": "15,41",
    "profitto_eur": "0,00",
    "is_archived": false,
    "lotto_id": null,
    "carrello": [
      {
        "id": "89994ce3-aff6-47bb-8ff2-01649a0cd42e",
        "imgUrl": "https://jerseys-catalog.com/upload/20260804/9537eddb3f75adbe569bd0129b5c8285.png#zoom=1.2&x=0&y=0",
        "prezzo": 26.99,
        "taglia": "M",
        "squadra": "26/27 Smanicato Manchester United Nero suit",
        "quantita": 1,
        "infoPerso": "Nessuna",
        "legacy_id": "42"
      }
    ],
    "created_at": "2026-08-21T09:59:02.672373+00:00",
    "coupon_id": null,
    "coupon_code": "MIAKHALIFA",
    "coupon_name": null,
    "coupon_type": "fornitore",
    "coupon_value": 0,
    "coupon_discount": 0,
    "free_shipping_discount": 0,
    "final_total_after_coupon": null
  }
]
[2026-08-21T09:59:02.694Z] [LOG] ==========================================================

[2026-08-21T09:59:02.694Z] [LOG] ‚úÖ Order inserted successfully in Supabase 'orders' table.
[2026-08-21T09:59:02.694Z] [LOG] üì§ Ricalcolo automatico del lotto corrente (atomico)...
[2026-08-21T09:59:02.769Z] [LOG] =================================
[2026-08-21T09:59:02.770Z] [LOG] DEBUG AREA CLIENTE
[2026-08-21T09:59:02.770Z] [LOG] insertedAdminOrder: {
  "id": 146,
  "data": "21/08/2026, 09:59:02",
  "nome": "Sergio Catania",
  "telefono": "393701384932",
  "squadra": "1x 26/27 Smanicato Manchester United Nero suit",
  "personalizzazione": "1x [Nessuna]",
  "taglia": "1x [M]",
  "totale": "15,41‚Ç¨",
  "foto": "=IMAGE(\"https://jerseys-catalog.com/upload/20260804/9537eddb3f75adbe569bd0129b5c8285.png#zoom=1.2&x=0&y=0\")",
  "prezzo_fornitore": "1x $14.00",
  "costo_prodotti_usd": "14,00",
  "costo_spedizione_usd": "4,00",
  "costo_totale_usd": "18,00",
  "cambio_usd_eur": "0,8560",
  "costo_totale_eur": "15,41",
  "profitto_eur": "0,00",
  "is_archived": false,
  "lotto_id": null,
  "carrello": [
    {
      "id": "89994ce3-aff6-47bb-8ff2-01649a0cd42e",
      "imgUrl": "https://jerseys-catalog.com/upload/20260804/9537eddb3f75adbe569bd0129b5c8285.png#zoom=1.2&x=0&y=0",
      "prezzo": 26.99,
      "taglia": "M",
      "squadra": "26/27 Smanicato Manchester United Nero suit",
      "quantita": 1,
      "infoPerso": "Nessuna",
      "legacy_id": "42"
    }
  ],
  "created_at": "2026-08-21T09:59:02.672373+00:00",
  "coupon_id": null,
  "coupon_code": "MIAKHALIFA",
  "coupon_name": null,
  "coupon_type": "fornitore",
  "coupon_value": 0,
  "coupon_discount": 0,
  "free_shipping_discount": 0,
  "final_total_after_coupon": null
}
[2026-08-21T09:59:02.770Z] [LOG] user_id: 8313ed33-3330-4fdb-aaad-a4440bbd0a22
[2026-08-21T09:59:02.770Z] [LOG] access_token: PRESENTE
[2026-08-21T09:59:02.770Z] [LOG] =================================
[2026-08-21T09:59:02.770Z] [LOG] üë§ Utente autenticato rilevato (8313ed33-3330-4fdb-aaad-a4440bbd0a22). Associazione dell'ordine all'Area Cliente...
[2026-08-21T09:59:02.773Z] [LOG] üì§ Inserimento in customer_orders: {
  "user_id": "8313ed33-3330-4fdb-aaad-a4440bbd0a22",
  "order_number": "ORD-146",
  "admin_order_id": 146,
  "subtotal": 26.99,
  "shipping": 0,
  "total": 15.41,
  "payment_status": "pending",
  "status": "Ordine Ricevuto",
  "created_at": "2026-08-21T09:59:02.772Z",
  "updated_at": "2026-08-21T09:59:02.772Z",
  "coupon_code": "MIAKHALIFA",
  "coupon_discount": 0,
  "coupon_type": "fornitore",
  "coupon_value": 0
}
[2026-08-21T09:59:02.822Z] [WARN] ‚ö†Ô∏è Colonna coupon_type non trovata su customer_orders (tabella non aggiornata). Riprovo l'inserimento senza coupon_type e coupon_value...
[2026-08-21T09:59:02.862Z] [LOG] ‚úÖ Inserito in customer_orders con ID: 322413be-8eef-463a-a5ee-80b8d1aeddf8
[2026-08-21T09:59:02.863Z] [LOG] üì§ Inserimento in customer_order_items: [
  {
    "order_id": "322413be-8eef-463a-a5ee-80b8d1aeddf8",
    "product_id": 42,
    "nome": "26/27 Smanicato Manchester United Nero suit",
    "categoria": "Smanicati",
    "stagione": "2026/2027",
    "taglia": "M",
    "personalizzazione": "Nessuna",
    "prezzo": 26.99,
    "quantita": 1
  }
]
[2026-08-21T09:59:02.898Z] [LOG] ‚úÖ Inseriti tutti i prodotti dell'ordine in customer_order_items!
[2026-08-21T09:59:02.898Z] [LOG] === DEBUG SERVER SUCCESS ===
[2026-08-21T09:59:31.057Z] [LOG] [COUPON DEBUG]
Operazione: SELECT
Tabella: public.coupons
[2026-08-21T09:59:31.121Z] [LOG] [COUPON DEBUG]
Operazione: SELECT
Tabella: public.coupons
Numero coupon restituiti: 3
Risultato: SUCCESS
[2026-08-21T09:59:31.629Z] [LOG] Costo completino USD: 16
[2026-08-21T09:59:31.630Z] [LOG] Costo spedizione USD: 8
[2026-08-21T09:59:31.630Z] [LOG] Costo personalizzazioni USD: 0
[2026-08-21T09:59:31.630Z] [LOG] Totale USD: 24
[2026-08-21T09:59:31.630Z] [LOG] Cambio USD/EUR: 0.856037
[2026-08-21T09:59:31.630Z] [LOG] Prezzo finale EUR: 20.54
[2026-08-21T09:59:31.630Z] [LOG] Totale cliente: 20.54
[2026-08-21T09:59:40.503Z] [LOG] =========================================
[2026-08-21T09:59:40.504Z] [LOG] üì¨ [DEBUG SERVER] POST /api/orders RECEIVED!
[2026-08-21T09:59:40.504Z] [LOG] 1. Full Body sent by frontend: {
  "nome": "Riccardo Giovanni Torrisi",
  "telefono": "393455347496",
  "carrello": [
    {
      "squadra": "Adult Kits 24/25 Real Madrid Casa",
      "infoPerso": "Nessuna",
      "taglia": "M",
      "prezzo": 23.99,
      "imgUrl": "https://jerseys-catalog.com/upload/20240319/ca200635cfcda03abc5a87435e0246d5.jpeg",
      "id": "95cd10e9-a3cd-4951-b545-0f40a5489bf6",
      "legacy_id": "749",
      "quantita": 1
    },
    {
      "squadra": "Adulto kits 26/27 Juventus Trasferta",
      "infoPerso": "Nessuna",
      "taglia": "M",
      "prezzo": 23.99,
      "imgUrl": "https://jerseys-catalog.com/upload/20260817/37644aa9b74671d356a4eaa1e9ded079.png",
      "id": "55899f07-ca14-43e7-987f-cdd4bab8ee65",
      "legacy_id": "25",
      "quantita": 1
    }
  ],
  "user_id": "8313ed33-3330-4fdb-aaad-a4440bbd0a22",
  "access_token": "eyJhbGciOiJFUzI1NiIsImtpZCI6ImU0YmRmNTFhLTBkOWQtNDVkMC1iN2VmLTNmYjA1NjJlMjYzZCIsInR5cCI6IkpXVCJ9.eyJpc3MiOiJodHRwczovL3JjbnVlZGZ1ZWF5bWZwcGVzbmV0LnN1cGFiYXNlLmNvL2F1dGgvdjEiLCJzdWIiOiI4MzEzZWQzMy0zMzMwLTRmZGItYWFhZC1hNDQ0MGJiZDBhMjIiLCJhdWQiOiJhdXRoZW50aWNhdGVkIiwiZXhwIjoxNzg3MzA5MTczLCJpYXQiOjE3ODczMDU1NzMsImVtYWlsIjoic2VyZ2lvdHRvY2F0YW5pYUBnbWFpbC5jb20iLCJwaG9uZSI6IiIsImFwcF9tZXRhZGF0YSI6eyJwcm92aWRlciI6ImVtYWlsIiwicHJvdmlkZXJzIjpbImVtYWlsIl19LCJ1c2VyX21ldGFkYXRhIjp7ImNvZ25vbWUiOiJDYXRhbmlhIiwiZW1haWwiOiJzZXJnaW90dG9jYXRhbmlhQGdtYWlsLmNvbSIsImVtYWlsX3ZlcmlmaWVkIjp0cnVlLCJmaXJzdF9uYW1lIjoic2VyZ2lvIiwibGFzdF9uYW1lIjoiY2F0YW5pYSIsIm5vbWUiOiJTZXJnaW8iLCJwaG9uZV92ZXJpZmllZCI6ZmFsc2UsInN1YiI6IjgzMTNlZDMzLTMzMzAtNGZkYi1hYWFkLWE0NDQwYmJkMGEyMiIsInRlbGVmb25vIjoiMzcwMTM4NDkzMiIsIndpc2hsaXN0IjpbIjZkMmM4YWQ3LTQzMDgtNGVlNi04MjIzLWUwNWNhNTcwZGM3MCJdfSwicm9sZSI6ImF1dGhlbnRpY2F0ZWQiLCJhYWwiOiJhYWwxIiwiYW1yIjpbeyJtZXRob2QiOiJwYXNzd29yZCIsInRpbWVzdGFtcCI6MTc4NjE4ODc0Nn1dLCJzZXNzaW9uX2lkIjoiYjRjNzdlNGMtMGY1MC00Njc4LWEwMDEtOWM2NzdjZWRlMDRjIiwiaXNfYW5vbnltb3VzIjpmYWxzZX0.Zv79qVjoWyy139ugHSFMLNSWh_DcK2zrk8vY0pEVIgzeeeNtiuU-IKY2kSE2UrM3D_Em3bvH2gpTHjh0mninHg",
  "registered_name": "Sergio Catania",
  "coupon_code": "MIAKHALIFA",
  "coupon_discount": 0,
  "coupon_type": "fornitore",
  "coupon_value": 0
}
[2026-08-21T09:59:40.504Z] [LOG] =========================================
[2026-08-21T09:59:40.988Z] [LOG] 2. Products in Cart:
[2026-08-21T09:59:40.988Z] [LOG] --- Cart Item #1 ---
[2026-08-21T09:59:40.988Z] [LOG] Item object: {
  "squadra": "Adult Kits 24/25 Real Madrid Casa",
  "infoPerso": "Nessuna",
  "taglia": "M",
  "prezzo": 23.99,
  "imgUrl": "https://jerseys-catalog.com/upload/20240319/ca200635cfcda03abc5a87435e0246d5.jpeg",
  "id": "95cd10e9-a3cd-4951-b545-0f40a5489bf6",
  "legacy_id": "749",
  "quantita": 1
}
[2026-08-21T09:59:40.988Z] [LOG] 3. Prezzo (prezzo): 23.99 (Parsed as: 23.99)
[2026-08-21T09:59:40.988Z] [LOG]    Quantita (quantita): 1 (Parsed as: 1)
[2026-08-21T09:59:40.989Z] [LOG] 
================ MATCHING REPORT ================
[2026-08-21T09:59:40.989Z] [LOG] Prodotto nel carrello: "Adult Kits 24/25 Real Madrid Casa" (id: 95cd10e9-a3cd-4951-b545-0f40a5489bf6, legacy_id: 749)
‚Üì
Prodotto trovato su Supabase: "Adult Kits 24/25 Real Madrid Casa" (id: 95cd10e9-a3cd-4951-b545-0f40a5489bf6, legacy_id: 749) tramite ID (95cd10e9-a3cd-4951-b545-0f40a5489bf6)
‚Üì
Prezzo fornitore recuperato: $8.00
[2026-08-21T09:59:40.989Z] [LOG] =================================================

[2026-08-21T09:59:40.989Z] [LOG] --- Cart Item #2 ---
[2026-08-21T09:59:40.989Z] [LOG] Item object: {
  "squadra": "Adulto kits 26/27 Juventus Trasferta",
  "infoPerso": "Nessuna",
  "taglia": "M",
  "prezzo": 23.99,
  "imgUrl": "https://jerseys-catalog.com/upload/20260817/37644aa9b74671d356a4eaa1e9ded079.png",
  "id": "55899f07-ca14-43e7-987f-cdd4bab8ee65",
  "legacy_id": "25",
  "quantita": 1
}
[2026-08-21T09:59:40.989Z] [LOG] 3. Prezzo (prezzo): 23.99 (Parsed as: 23.99)
[2026-08-21T09:59:40.989Z] [LOG]    Quantita (quantita): 1 (Parsed as: 1)
[2026-08-21T09:59:40.989Z] [LOG] 
================ MATCHING REPORT ================
[2026-08-21T09:59:40.990Z] [LOG] Prodotto nel carrello: "Adulto kits 26/27 Juventus Trasferta" (id: 55899f07-ca14-43e7-987f-cdd4bab8ee65, legacy_id: 25)
‚Üì
Prodotto trovato su Supabase: "Adulto kits 26/27 Juventus Trasferta" (id: 55899f07-ca14-43e7-987f-cdd4bab8ee65, legacy_id: 25) tramite ID (55899f07-ca14-43e7-987f-cdd4bab8ee65)
‚Üì
Prezzo fornitore recuperato: $8.00
[2026-08-21T09:59:40.990Z] [LOG] =================================================

[2026-08-21T09:59:40.990Z] [LOG] [COUPON DEBUG]
Operazione: SELECT
Tabella: public.coupons
[2026-08-21T09:59:41.022Z] [LOG] [COUPON DEBUG]
Operazione: SELECT
Tabella: public.coupons
Numero coupon restituiti: 3
Risultato: SUCCESS
[2026-08-21T09:59:41.060Z] [LOG] Costo completino USD: 16
[2026-08-21T09:59:41.061Z] [LOG] Costo spedizione USD: 8
[2026-08-21T09:59:41.061Z] [LOG] Costo personalizzazioni USD: 0
[2026-08-21T09:59:41.061Z] [LOG] Totale USD: 24
[2026-08-21T09:59:41.061Z] [LOG] Cambio USD/EUR: 0.856037
[2026-08-21T09:59:41.061Z] [LOG] Prezzo finale EUR: 20.54
[2026-08-21T09:59:41.061Z] [LOG] Totale cliente: 20.54
[2026-08-21T09:59:41.124Z] [LOG] [COUPONS] Incrementato utilizzazioni coupon 'MIAKHALIFA' a 13
[2026-08-21T09:59:41.137Z] [LOG] === OVERALL CALCULATIONS & VALUES ===
[2026-08-21T09:59:41.137Z] [LOG] - totale_pagato_cliente: 20.54
[2026-08-21T09:59:41.137Z] [LOG] - costo_prodotti_usd: 16
[2026-08-21T09:59:41.137Z] [LOG] - order_shipping_usd (spedizione): 8
[2026-08-21T09:59:41.137Z] [LOG] - costo_totale_usd: 24
[2026-08-21T09:59:41.137Z] [LOG] - exchangeRate: 0.856037
[2026-08-21T09:59:41.137Z] [LOG] - costo_totale_eur: 20.544888
[2026-08-21T09:59:41.137Z] [LOG] - profitto_eur (5. Profitto calcolato): -0.004888000000001114
[2026-08-21T09:59:41.138Z] [LOG] üì§ Registrazione dell'ordine nel database Supabase (atomica)...
[2026-08-21T09:59:41.138Z] [LOG] 
================ ORDER DATA DA SALVARE ================
[2026-08-21T09:59:41.138Z] [LOG] {
  "data": "21/08/2026, 09:59:41",
  "nome": "Riccardo Giovanni Torrisi",
  "telefono": "393455347496",
  "squadra": "1x Adult Kits 24/25 Real Madrid Casa / 1x Adulto kits 26/27 Juventus Trasferta",
  "personalizzazione": "1x [Nessuna] | 1x [Nessuna]",
  "taglia": "1x [M] / 1x [M]",
  "totale": "20,54‚Ç¨",
  "foto": "=IMAGE(\"https://jerseys-catalog.com/upload/20240319/ca200635cfcda03abc5a87435e0246d5.jpeg\")",
  "prezzo_fornitore": "1x $8.00 / 1x $8.00",
  "costo_prodotti_usd": "16,00",
  "costo_spedizione_usd": "8,00",
  "costo_totale_usd": "24,00",
  "cambio_usd_eur": "0,8560",
  "costo_totale_eur": "20,54",
  "profitto_eur": "-0,00",
  "is_archived": false,
  "carrello": [
    {
      "squadra": "Adult Kits 24/25 Real Madrid Casa",
      "infoPerso": "Nessuna",
      "taglia": "M",
      "prezzo": 23.99,
      "imgUrl": "https://jerseys-catalog.com/upload/20240319/ca200635cfcda03abc5a87435e0246d5.jpeg",
      "id": "95cd10e9-a3cd-4951-b545-0f40a5489bf6",
      "legacy_id": "749",
      "quantita": 1
    },
    {
      "squadra": "Adulto kits 26/27 Juventus Trasferta",
      "infoPerso": "Nessuna",
      "taglia": "M",
      "prezzo": 23.99,
      "imgUrl": "https://jerseys-catalog.com/upload/20260817/37644aa9b74671d356a4eaa1e9ded079.png",
      "id": "55899f07-ca14-43e7-987f-cdd4bab8ee65",
      "legacy_id": "25",
      "quantita": 1
    }
  ],
  "coupon_code": "MIAKHALIFA",
  "coupon_discount": 0,
  "coupon_type": "fornitore",
  "coupon_value": 0
}
[2026-08-21T09:59:41.139Z] [LOG] =======================================================

[2026-08-21T09:59:41.173Z] [LOG] 
================ RIGA SALVATA SU SUPABASE ================
[2026-08-21T09:59:41.173Z] [LOG] [
  {
    "id": 147,
    "data": "21/08/2026, 09:59:41",
    "nome": "Riccardo Giovanni Torrisi",
    "telefono": "393455347496",
    "squadra": "1x Adult Kits 24/25 Real Madrid Casa / 1x Adulto kits 26/27 Juventus Trasferta",
    "personalizzazione": "1x [Nessuna] | 1x [Nessuna]",
    "taglia": "1x [M] / 1x [M]",
    "totale": "20,54‚Ç¨",
    "foto": "=IMAGE(\"https://jerseys-catalog.com/upload/20240319/ca200635cfcda03abc5a87435e0246d5.jpeg\")",
    "prezzo_fornitore": "1x $8.00 / 1x $8.00",
    "costo_prodotti_usd": "16,00",
    "costo_spedizione_usd": "8,00",
    "costo_totale_usd": "24,00",
    "cambio_usd_eur": "0,8560",
    "costo_totale_eur": "20,54",
    "profitto_eur": "-0,00",
    "is_archived": false,
    "lotto_id": null,
    "carrello": [
      {
        "id": "95cd10e9-a3cd-4951-b545-0f40a5489bf6",
        "imgUrl": "https://jerseys-catalog.com/upload/20240319/ca200635cfcda03abc5a87435e0246d5.jpeg",
        "prezzo": 23.99,
        "taglia": "M",
        "squadra": "Adult Kits 24/25 Real Madrid Casa",
        "quantita": 1,
        "infoPerso": "Nessuna",
        "legacy_id": "749"
      },
      {
        "id": "55899f07-ca14-43e7-987f-cdd4bab8ee65",
        "imgUrl": "https://jerseys-catalog.com/upload/20260817/37644aa9b74671d356a4eaa1e9ded079.png",
        "prezzo": 23.99,
        "taglia": "M",
        "squadra": "Adulto kits 26/27 Juventus Trasferta",
        "quantita": 1,
        "infoPerso": "Nessuna",
        "legacy_id": "25"
      }
    ],
    "created_at": "2026-08-21T09:59:41.157458+00:00",
    "coupon_id": null,
    "coupon_code": "MIAKHALIFA",
    "coupon_name": null,
    "coupon_type": "fornitore",
    "coupon_value": 0,
    "coupon_discount": 0,
    "free_shipping_discount": 0,
    "final_total_after_coupon": null
  }
]
[2026-08-21T09:59:41.173Z] [LOG] ==========================================================

[2026-08-21T09:59:41.173Z] [LOG] ‚úÖ Order inserted successfully in Supabase 'orders' table.
[2026-08-21T09:59:41.177Z] [LOG] üì§ Ricalcolo automatico del lotto corrente (atomico)...
[2026-08-21T09:59:41.244Z] [LOG] =================================
[2026-08-21T09:59:41.244Z] [LOG] DEBUG AREA CLIENTE
[2026-08-21T09:59:41.244Z] [LOG] insertedAdminOrder: {
  "id": 147,
  "data": "21/08/2026, 09:59:41",
  "nome": "Riccardo Giovanni Torrisi",
  "telefono": "393455347496",
  "squadra": "1x Adult Kits 24/25 Real Madrid Casa / 1x Adulto kits 26/27 Juventus Trasferta",
  "personalizzazione": "1x [Nessuna] | 1x [Nessuna]",
  "taglia": "1x [M] / 1x [M]",
  "totale": "20,54‚Ç¨",
  "foto": "=IMAGE(\"https://jerseys-catalog.com/upload/20240319/ca200635cfcda03abc5a87435e0246d5.jpeg\")",
  "prezzo_fornitore": "1x $8.00 / 1x $8.00",
  "costo_prodotti_usd": "16,00",
  "costo_spedizione_usd": "8,00",
  "costo_totale_usd": "24,00",
  "cambio_usd_eur": "0,8560",
  "costo_totale_eur": "20,54",
  "profitto_eur": "-0,00",
  "is_archived": false,
  "lotto_id": null,
  "carrello": [
    {
      "id": "95cd10e9-a3cd-4951-b545-0f40a5489bf6",
      "imgUrl": "https://jerseys-catalog.com/upload/20240319/ca200635cfcda03abc5a87435e0246d5.jpeg",
      "prezzo": 23.99,
      "taglia": "M",
      "squadra": "Adult Kits 24/25 Real Madrid Casa",
      "quantita": 1,
      "infoPerso": "Nessuna",
      "legacy_id": "749"
    },
    {
      "id": "55899f07-ca14-43e7-987f-cdd4bab8ee65",
      "imgUrl": "https://jerseys-catalog.com/upload/20260817/37644aa9b74671d356a4eaa1e9ded079.png",
      "prezzo": 23.99,
      "taglia": "M",
      "squadra": "Adulto kits 26/27 Juventus Trasferta",
      "quantita": 1,
      "infoPerso": "Nessuna",
      "legacy_id": "25"
    }
  ],
  "created_at": "2026-08-21T09:59:41.157458+00:00",
  "coupon_id": null,
  "coupon_code": "MIAKHALIFA",
  "coupon_name": null,
  "coupon_type": "fornitore",
  "coupon_value": 0,
  "coupon_discount": 0,
  "free_shipping_discount": 0,
  "final_total_after_coupon": null
}
[2026-08-21T09:59:41.244Z] [LOG] user_id: 8313ed33-3330-4fdb-aaad-a4440bbd0a22
[2026-08-21T09:59:41.244Z] [LOG] access_token: PRESENTE
[2026-08-21T09:59:41.244Z] [LOG] =================================
[2026-08-21T09:59:41.244Z] [LOG] üë§ Utente autenticato rilevato (8313ed33-3330-4fdb-aaad-a4440bbd0a22). Associazione dell'ordine all'Area Cliente...
[2026-08-21T09:59:41.246Z] [LOG] üì§ Inserimento in customer_orders: {
  "user_id": "8313ed33-3330-4fdb-aaad-a4440bbd0a22",
  "order_number": "ORD-147",
  "admin_order_id": 147,
  "subtotal": 47.98,
  "shipping": 0,
  "total": 20.54,
  "payment_status": "pending",
  "status": "Ordine Ricevuto",
  "created_at": "2026-08-21T09:59:41.246Z",
  "updated_at": "2026-08-21T09:59:41.246Z",
  "coupon_code": "MIAKHALIFA",
  "coupon_discount": 0,
  "coupon_type": "fornitore",
  "coupon_value": 0
}
[2026-08-21T09:59:41.280Z] [WARN] ‚ö†Ô∏è Colonna coupon_type non trovata su customer_orders (tabella non aggiornata). Riprovo l'inserimento senza coupon_type e coupon_value...
[2026-08-21T09:59:41.313Z] [LOG] ‚úÖ Inserito in customer_orders con ID: 9d450b42-824b-4a7e-b316-887c4f3dd74e
[2026-08-21T09:59:41.314Z] [LOG] üì§ Inserimento in customer_order_items: [
  {
    "order_id": "9d450b42-824b-4a7e-b316-887c4f3dd74e",
    "product_id": 749,
    "nome": "Adult Kits 24/25 Real Madrid Casa",
    "categoria": "Kit",
    "stagione": "2024/2025",
    "taglia": "M",
    "personalizzazione": "Nessuna",
    "prezzo": 23.99,
    "quantita": 1
  },
  {
    "order_id": "9d450b42-824b-4a7e-b316-887c4f3dd74e",
    "product_id": 25,
    "nome": "Adulto kits 26/27 Juventus Trasferta",
    "categoria": "Kit",
    "stagione": "2026/2027",
    "taglia": "M",
    "personalizzazione": "Nessuna",
    "prezzo": 23.99,
    "quantita": 1
  }
]
[2026-08-21T09:59:41.349Z] [LOG] ‚úÖ Inseriti tutti i prodotti dell'ordine in customer_order_items!
[2026-08-21T09:59:41.349Z] [LOG] === DEBUG SERVER SUCCESS ===
[2026-08-21T10:00:12.313Z] [LOG] [COUPON DEBUG]
Operazione: SELECT
Tabella: public.coupons
[2026-08-21T10:00:12.375Z] [LOG] [COUPON DEBUG]
Operazione: SELECT
Tabella: public.coupons
Numero coupon restituiti: 3
Risultato: SUCCESS
[2026-08-21T10:00:12.999Z] [LOG] Costo completino USD: 8
[2026-08-21T10:00:12.999Z] [LOG] Costo spedizione USD: 4
[2026-08-21T10:00:12.999Z] [LOG] Costo personalizzazioni USD: 3
[2026-08-21T10:00:12.999Z] [LOG] Totale USD: 15
[2026-08-21T10:00:12.999Z] [LOG] Cambio USD/EUR: 0.856037
[2026-08-21T10:00:12.999Z] [LOG] Prezzo finale EUR: 12.84
[2026-08-21T10:00:12.999Z] [LOG] Totale cliente: 12.84
[2026-08-21T10:00:19.832Z] [LOG] =========================================
[2026-08-21T10:00:19.832Z] [LOG] üì¨ [DEBUG SERVER] POST /api/orders RECEIVED!
[2026-08-21T10:00:19.832Z] [LOG] 1. Full Body sent by frontend: {
  "nome": "ORAZIO",
  "telefono": "393701384932",
  "carrello": [
    {
      "squadra": "Kit Casa Inter",
      "infoPerso": "Nome: BARELLA - Num: 23 - Patch: CHAMPIONS LEAGUE",
      "taglia": "M",
      "prezzo": 27.99,
      "imgUrl": "https://jerseys-catalog.com/upload/20241009/537d670f205d28605245f581d8c427eb.jpg#zoom=1.2&x=0&y=0",
      "id": "244ee73c-1de6-41b6-a582-2016b66a9357",
      "legacy_id": "962",
      "quantita": 1
    }
  ],
  "user_id": "8313ed33-3330-4fdb-aaad-a4440bbd0a22",
  "access_token": "eyJhbGciOiJFUzI1NiIsImtpZCI6ImU0YmRmNTFhLTBkOWQtNDVkMC1iN2VmLTNmYjA1NjJlMjYzZCIsInR5cCI6IkpXVCJ9.eyJpc3MiOiJodHRwczovL3JjbnVlZGZ1ZWF5bWZwcGVzbmV0LnN1cGFiYXNlLmNvL2F1dGgvdjEiLCJzdWIiOiI4MzEzZWQzMy0zMzMwLTRmZGItYWFhZC1hNDQ0MGJiZDBhMjIiLCJhdWQiOiJhdXRoZW50aWNhdGVkIiwiZXhwIjoxNzg3MzA5MTczLCJpYXQiOjE3ODczMDU1NzMsImVtYWlsIjoic2VyZ2lvdHRvY2F0YW5pYUBnbWFpbC5jb20iLCJwaG9uZSI6IiIsImFwcF9tZXRhZGF0YSI6eyJwcm92aWRlciI6ImVtYWlsIiwicHJvdmlkZXJzIjpbImVtYWlsIl19LCJ1c2VyX21ldGFkYXRhIjp7ImNvZ25vbWUiOiJDYXRhbmlhIiwiZW1haWwiOiJzZXJnaW90dG9jYXRhbmlhQGdtYWlsLmNvbSIsImVtYWlsX3ZlcmlmaWVkIjp0cnVlLCJmaXJzdF9uYW1lIjoic2VyZ2lvIiwibGFzdF9uYW1lIjoiY2F0YW5pYSIsIm5vbWUiOiJTZXJnaW8iLCJwaG9uZV92ZXJpZmllZCI6ZmFsc2UsInN1YiI6IjgzMTNlZDMzLTMzMzAtNGZkYi1hYWFkLWE0NDQwYmJkMGEyMiIsInRlbGVmb25vIjoiMzcwMTM4NDkzMiIsIndpc2hsaXN0IjpbIjZkMmM4YWQ3LTQzMDgtNGVlNi04MjIzLWUwNWNhNTcwZGM3MCJdfSwicm9sZSI6ImF1dGhlbnRpY2F0ZWQiLCJhYWwiOiJhYWwxIiwiYW1yIjpbeyJtZXRob2QiOiJwYXNzd29yZCIsInRpbWVzdGFtcCI6MTc4NjE4ODc0Nn1dLCJzZXNzaW9uX2lkIjoiYjRjNzdlNGMtMGY1MC00Njc4LWEwMDEtOWM2NzdjZWRlMDRjIiwiaXNfYW5vbnltb3VzIjpmYWxzZX0.Zv79qVjoWyy139ugHSFMLNSWh_DcK2zrk8vY0pEVIgzeeeNtiuU-IKY2kSE2UrM3D_Em3bvH2gpTHjh0mninHg",
  "registered_name": "Sergio Catania",
  "coupon_code": "MIAKHALIFA",
  "coupon_discount": 0,
  "coupon_type": "fornitore",
  "coupon_value": 0
}
[2026-08-21T10:00:19.832Z] [LOG] =========================================
[2026-08-21T10:00:20.367Z] [LOG] 2. Products in Cart:
[2026-08-21T10:00:20.367Z] [LOG] --- Cart Item #1 ---
[2026-08-21T10:00:20.368Z] [LOG] Item object: {
  "squadra": "Kit Casa Inter",
  "infoPerso": "Nome: BARELLA - Num: 23 - Patch: CHAMPIONS LEAGUE",
  "taglia": "M",
  "prezzo": 27.99,
  "imgUrl": "https://jerseys-catalog.com/upload/20241009/537d670f205d28605245f581d8c427eb.jpg#zoom=1.2&x=0&y=0",
  "id": "244ee73c-1de6-41b6-a582-2016b66a9357",
  "legacy_id": "962",
  "quantita": 1
}
[2026-08-21T10:00:20.368Z] [LOG] 3. Prezzo (prezzo): 27.99 (Parsed as: 27.99)
[2026-08-21T10:00:20.368Z] [LOG]    Quantita (quantita): 1 (Parsed as: 1)
[2026-08-21T10:00:20.368Z] [LOG] 
================ MATCHING REPORT ================
[2026-08-21T10:00:20.368Z] [LOG] Prodotto nel carrello: "Kit Casa Inter" (id: 244ee73c-1de6-41b6-a582-2016b66a9357, legacy_id: 962)
‚Üì
Prodotto trovato su Supabase: "Kit Casa Inter" (id: 244ee73c-1de6-41b6-a582-2016b66a9357, legacy_id: 962) tramite ID (244ee73c-1de6-41b6-a582-2016b66a9357)
‚Üì
Prezzo fornitore recuperato: $8.00
[2026-08-21T10:00:20.368Z] [LOG] =================================================

[2026-08-21T10:00:20.368Z] [LOG] [COUPON DEBUG]
Operazione: SELECT
Tabella: public.coupons
[2026-08-21T10:00:20.421Z] [LOG] [COUPON DEBUG]
Operazione: SELECT
Tabella: public.coupons
Numero coupon restituiti: 3
Risultato: SUCCESS
[2026-08-21T10:00:20.450Z] [LOG] Costo completino USD: 8
[2026-08-21T10:00:20.451Z] [LOG] Costo spedizione USD: 4
[2026-08-21T10:00:20.451Z] [LOG] Costo personalizzazioni USD: 3
[2026-08-21T10:00:20.451Z] [LOG] Totale USD: 15
[2026-08-21T10:00:20.451Z] [LOG] Cambio USD/EUR: 0.856037
[2026-08-21T10:00:20.451Z] [LOG] Prezzo finale EUR: 12.84
[2026-08-21T10:00:20.451Z] [LOG] Totale cliente: 12.84
[2026-08-21T10:00:20.534Z] [LOG] [COUPONS] Incrementato utilizzazioni coupon 'MIAKHALIFA' a 14
[2026-08-21T10:00:20.550Z] [LOG] === OVERALL CALCULATIONS & VALUES ===
[2026-08-21T10:00:20.551Z] [LOG] - totale_pagato_cliente: 12.84
[2026-08-21T10:00:20.551Z] [LOG] - costo_prodotti_usd: 11
[2026-08-21T10:00:20.551Z] [LOG] - order_shipping_usd (spedizione): 4
[2026-08-21T10:00:20.551Z] [LOG] - costo_totale_usd: 15
[2026-08-21T10:00:20.551Z] [LOG] - exchangeRate: 0.856037
[2026-08-21T10:00:20.551Z] [LOG] - costo_totale_eur: 12.840555
[2026-08-21T10:00:20.551Z] [LOG] - profitto_eur (5. Profitto calcolato): -0.0005550000000003052
[2026-08-21T10:00:20.551Z] [LOG] üì§ Registrazione dell'ordine nel database Supabase (atomica)...
[2026-08-21T10:00:20.552Z] [LOG] 
================ ORDER DATA DA SALVARE ================
[2026-08-21T10:00:20.552Z] [LOG] {
  "data": "21/08/2026, 10:00:20",
  "nome": "ORAZIO",
  "telefono": "393701384932",
  "squadra": "1x Kit Casa Inter",
  "personalizzazione": "1x [Nome: BARELLA - Num: 23 - Patch: CHAMPIONS LEAGUE]",
  "taglia": "1x [M]",
  "totale": "12,84‚Ç¨",
  "foto": "=IMAGE(\"https://jerseys-catalog.com/upload/20241009/537d670f205d28605245f581d8c427eb.jpg#zoom=1.2&x=0&y=0\")",
  "prezzo_fornitore": "1x $11.00",
  "costo_prodotti_usd": "11,00",
  "costo_spedizione_usd": "4,00",
  "costo_totale_usd": "15,00",
  "cambio_usd_eur": "0,8560",
  "costo_totale_eur": "12,84",
  "profitto_eur": "-0,00",
  "is_archived": false,
  "carrello": [
    {
      "squadra": "Kit Casa Inter",
      "infoPerso": "Nome: BARELLA - Num: 23 - Patch: CHAMPIONS LEAGUE",
      "taglia": "M",
      "prezzo": 27.99,
      "imgUrl": "https://jerseys-catalog.com/upload/20241009/537d670f205d28605245f581d8c427eb.jpg#zoom=1.2&x=0&y=0",
      "id": "244ee73c-1de6-41b6-a582-2016b66a9357",
      "legacy_id": "962",
      "quantita": 1
    }
  ],
  "coupon_code": "MIAKHALIFA",
  "coupon_discount": 0,
  "coupon_type": "fornitore",
  "coupon_value": 0
}
[2026-08-21T10:00:20.552Z] [LOG] =======================================================

[2026-08-21T10:00:20.600Z] [LOG] 
================ RIGA SALVATA SU SUPABASE ================
[2026-08-21T10:00:20.601Z] [LOG] [
  {
    "id": 148,
    "data": "21/08/2026, 10:00:20",
    "nome": "ORAZIO",
    "telefono": "393701384932",
    "squadra": "1x Kit Casa Inter",
    "personalizzazione": "1x [Nome: BARELLA - Num: 23 - Patch: CHAMPIONS LEAGUE]",
    "taglia": "1x [M]",
    "totale": "12,84‚Ç¨",
    "foto": "=IMAGE(\"https://jerseys-catalog.com/upload/20241009/537d670f205d28605245f581d8c427eb.jpg#zoom=1.2&x=0&y=0\")",
    "prezzo_fornitore": "1x $11.00",
    "costo_prodotti_usd": "11,00",
    "costo_spedizione_usd": "4,00",
    "costo_totale_usd": "15,00",
    "cambio_usd_eur": "0,8560",
    "costo_totale_eur": "12,84",
    "profitto_eur": "-0,00",
    "is_archived": false,
    "lotto_id": null,
    "carrello": [
      {
        "id": "244ee73c-1de6-41b6-a582-2016b66a9357",
        "imgUrl": "https://jerseys-catalog.com/upload/20241009/537d670f205d28605245f581d8c427eb.jpg#zoom=1.2&x=0&y=0",
        "prezzo": 27.99,
        "taglia": "M",
        "squadra": "Kit Casa Inter",
        "quantita": 1,
        "infoPerso": "Nome: BARELLA - Num: 23 - Patch: CHAMPIONS LEAGUE",
        "legacy_id": "962"
      }
    ],
    "created_at": "2026-08-21T10:00:20.582124+00:00",
    "coupon_id": null,
    "coupon_code": "MIAKHALIFA",
    "coupon_name": null,
    "coupon_type": "fornitore",
    "coupon_value": 0,
    "coupon_discount": 0,
    "free_shipping_discount": 0,
    "final_total_after_coupon": null
  }
]
[2026-08-21T10:00:20.601Z] [LOG] ==========================================================

[2026-08-21T10:00:20.601Z] [LOG] ‚úÖ Order inserted successfully in Supabase 'orders' table.
[2026-08-21T10:00:20.601Z] [LOG] üì§ Ricalcolo automatico del lotto corrente (atomico)...
[2026-08-21T10:00:20.673Z] [LOG] =================================
[2026-08-21T10:00:20.673Z] [LOG] DEBUG AREA CLIENTE
[2026-08-21T10:00:20.673Z] [LOG] insertedAdminOrder: {
  "id": 148,
  "data": "21/08/2026, 10:00:20",
  "nome": "ORAZIO",
  "telefono": "393701384932",
  "squadra": "1x Kit Casa Inter",
  "personalizzazione": "1x [Nome: BARELLA - Num: 23 - Patch: CHAMPIONS LEAGUE]",
  "taglia": "1x [M]",
  "totale": "12,84‚Ç¨",
  "foto": "=IMAGE(\"https://jerseys-catalog.com/upload/20241009/537d670f205d28605245f581d8c427eb.jpg#zoom=1.2&x=0&y=0\")",
  "prezzo_fornitore": "1x $11.00",
  "costo_prodotti_usd": "11,00",
  "costo_spedizione_usd": "4,00",
  "costo_totale_usd": "15,00",
  "cambio_usd_eur": "0,8560",
  "costo_totale_eur": "12,84",
  "profitto_eur": "-0,00",
  "is_archived": false,
  "lotto_id": null,
  "carrello": [
    {
      "id": "244ee73c-1de6-41b6-a582-2016b66a9357",
      "imgUrl": "https://jerseys-catalog.com/upload/20241009/537d670f205d28605245f581d8c427eb.jpg#zoom=1.2&x=0&y=0",
      "prezzo": 27.99,
      "taglia": "M",
      "squadra": "Kit Casa Inter",
      "quantita": 1,
      "infoPerso": "Nome: BARELLA - Num: 23 - Patch: CHAMPIONS LEAGUE",
      "legacy_id": "962"
    }
  ],
  "created_at": "2026-08-21T10:00:20.582124+00:00",
  "coupon_id": null,
  "coupon_code": "MIAKHALIFA",
  "coupon_name": null,
  "coupon_type": "fornitore",
  "coupon_value": 0,
  "coupon_discount": 0,
  "free_shipping_discount": 0,
  "final_total_after_coupon": null
}
[2026-08-21T10:00:20.677Z] [LOG] user_id: 8313ed33-3330-4fdb-aaad-a4440bbd0a22
[2026-08-21T10:00:20.677Z] [LOG] access_token: PRESENTE
[2026-08-21T10:00:20.677Z] [LOG] =================================
[2026-08-21T10:00:20.677Z] [LOG] üë§ Utente autenticato rilevato (8313ed33-3330-4fdb-aaad-a4440bbd0a22). Associazione dell'ordine all'Area Cliente...
[2026-08-21T10:00:20.678Z] [LOG] üì§ Inserimento in customer_orders: {
  "user_id": "8313ed33-3330-4fdb-aaad-a4440bbd0a22",
  "order_number": "ORD-148",
  "admin_order_id": 148,
  "subtotal": 27.99,
  "shipping": 0,
  "total": 12.84,
  "payment_status": "pending",
  "status": "Ordine Ricevuto",
  "created_at": "2026-08-21T10:00:20.678Z",
  "updated_at": "2026-08-21T10:00:20.678Z",
  "coupon_code": "MIAKHALIFA",
  "coupon_discount": 0,
  "coupon_type": "fornitore",
  "coupon_value": 0
}
[2026-08-21T10:00:20.713Z] [WARN] ‚ö†Ô∏è Colonna coupon_type non trovata su customer_orders (tabella non aggiornata). Riprovo l'inserimento senza coupon_type e coupon_value...
[2026-08-21T10:00:20.748Z] [LOG] ‚úÖ Inserito in customer_orders con ID: afecf792-e05a-4872-9f4b-bc9610d314b4
[2026-08-21T10:00:20.749Z] [LOG] üì§ Inserimento in customer_order_items: [
  {
    "order_id": "afecf792-e05a-4872-9f4b-bc9610d314b4",
    "product_id": 962,
    "nome": "Kit Casa Inter",
    "categoria": "Kit",
    "stagione": "2024/2025",
    "taglia": "M",
    "personalizzazione": "Nome: BARELLA - Num: 23 - Patch: CHAMPIONS LEAGUE",
    "prezzo": 27.99,
    "quantita": 1
  }
]
[2026-08-21T10:00:20.786Z] [LOG] ‚úÖ Inseriti tutti i prodotti dell'ordine in customer_order_items!
[2026-08-21T10:00:20.786Z] [LOG] === DEBUG SERVER SUCCESS ===
[2026-08-21T10:00:24.573Z] [LOG] >>> ENTRATA GET /api/settings
[2026-08-21T10:00:24.573Z] [LOG] [DEBUG] Caricamento configurazione catalogo da Supabase (tabella 'catalog_settings')...
[2026-08-21T10:00:24.673Z] [LOG] [DEBUG] Syncing price rules from Supabase table 'price_rules'...
[2026-08-21T10:00:26.478Z] [LOG] [API /api/products] Successfully loaded 4625 products from Supabase via helper in 1908ms
[2026-08-21T10:00:28.367Z] [LOG] >>> ENTRATA GET /api/settings
[2026-08-21T10:00:28.367Z] [LOG] [DEBUG] Caricamento configurazione catalogo da Supabase (tabella 'catalog_settings')...
[2026-08-21T10:00:28.402Z] [LOG] [DEBUG] Syncing price rules from Supabase table 'price_rules'...
[2026-08-21T10:00:43.316Z] [LOG] [BACKEND] Richiesta di eliminazione per il Lotto ID: 1
[2026-08-21T10:00:43.375Z] [LOG] [BACKEND] Eliminazione di Lotto #1 contenente 10 ordini.
[2026-08-21T10:00:43.413Z] [LOG] ‚úÖ Ordini associati al lotto #1 rimossi con successo da Supabase.
[2026-08-21T10:00:43.516Z] [LOG] ‚úÖ Lotto with ID 1 deleted from Supabase 'lotti' table.
[2026-08-21T10:00:43.516Z] [LOG] [BACKEND] Lotto Lotto #1 rimosso con successo.
[2026-08-21T10:01:36.398Z] [LOG] >>> ENTRATA GET /api/settings
[2026-08-21T10:01:36.398Z] [LOG] [DEBUG] Caricamento configurazione catalogo da Supabase (tabella 'catalog_settings')...
[2026-08-21T10:01:36.455Z] [LOG] [DEBUG] Syncing price rules from Supabase table 'price_rules'...
[2026-08-21T10:01:39.026Z] [LOG] >>> ENTRATA POST /api/settings
[2026-08-21T10:01:39.026Z] [LOG] Payload ricevuto: {
  "hasSettings": false,
  "targetPairsCount": 0
}
[2026-08-21T10:01:39.027Z] [LOG] [DEBUG] Salvo la configurazione catalogo (categorie, filtriCatalogo, regoleImportazioneJson) su Supabase tabella 'catalog_settings'...
[2026-08-21T10:01:39.096Z] [LOG] ‚úÖ Configurazione catalogo salvata con successo in 'catalog_settings' su Supabase.
[2026-08-21T10:01:39.096Z] [LOG] [DEBUG] Salvo le regole prezzi (categoria, target, prezzo) su Supabase...
[2026-08-21T10:01:39.126Z] [LOG] [DEBUG] Upserting 18 regole prezzi in Supabase...
[2026-08-21T10:01:39.164Z] [LOG] ‚úÖ Regole prezzi salvate permanentemente su Supabase.
[2026-08-21T10:01:39.164Z] [LOG] [DEBUG] Caricamento configurazione catalogo da Supabase (tabella 'catalog_settings')...
[2026-08-21T10:01:39.203Z] [LOG] [DEBUG] Syncing price rules from Supabase table 'price_rules'...
[2026-08-21T10:01:39.265Z] [LOG] <<< USCITA POST /api/settings con successo
[2026-08-21T10:01:51.530Z] [LOG] >>> ENTRATA GET /api/settings
[2026-08-21T10:01:51.530Z] [LOG] [DEBUG] Caricamento configurazione catalogo da Supabase (tabella 'catalog_settings')...
[2026-08-21T10:01:51.563Z] [LOG] [DEBUG] Syncing price rules from Supabase table 'price_rules'...
[2026-08-21T10:01:54.398Z] [LOG] >>> ENTRATA POST /api/settings
[2026-08-21T10:01:54.398Z] [LOG] Payload ricevuto: {
  "hasSettings": false,
  "targetPairsCount": 0
}
[2026-08-21T10:01:54.399Z] [LOG] [DEBUG] Salvo la configurazione catalogo (categorie, filtriCatalogo, regoleImportazioneJson) su Supabase tabella 'catalog_settings'...
[2026-08-21T10:01:54.434Z] [LOG] ‚úÖ Configurazione catalogo salvata con successo in 'catalog_settings' su Supabase.
[2026-08-21T10:01:54.434Z] [LOG] [DEBUG] Salvo le regole prezzi (categoria, target, prezzo) su Supabase...
[2026-08-21T10:01:54.479Z] [LOG] [DEBUG] Upserting 18 regole prezzi in Supabase...
[2026-08-21T10:01:54.528Z] [LOG] ‚úÖ Regole prezzi salvate permanentemente su Supabase.
[2026-08-21T10:01:54.528Z] [LOG] [DEBUG] Caricamento configurazione catalogo da Supabase (tabella 'catalog_settings')...
[2026-08-21T10:01:54.558Z] [LOG] [DEBUG] Syncing price rules from Supabase table 'price_rules'...
[2026-08-21T10:01:54.620Z] [LOG] <<< USCITA POST /api/settings con successo
[2026-08-21T10:02:20.238Z] [LOG] >>> ENTRATA GET /api/settings
[2026-08-21T10:02:20.239Z] [LOG] [DEBUG] Caricamento configurazione catalogo da Supabase (tabella 'catalog_settings')...
[2026-08-21T10:02:20.270Z] [LOG] [DEBUG] Syncing price rules from Supabase table 'price_rules'...
[2026-08-21T10:02:20.820Z] [LOG] [API /api/products] Successfully loaded 4625 products from Supabase via helper in 583ms
[2026-08-21T10:04:02.133Z] [LOG] >>> ENTRATA GET /api/settings
[2026-08-21T10:04:02.133Z] [LOG] [DEBUG] Caricamento configurazione catalogo da Supabase (tabella 'catalog_settings')...
[2026-08-21T10:04:02.169Z] [LOG] [DEBUG] Syncing price rules from Supabase table 'price_rules'...
[2026-08-21T10:04:29.318Z] [LOG] >>> ENTRATA GET /api/settings
[2026-08-21T10:04:29.318Z] [LOG] [DEBUG] Caricamento configurazione catalogo da Supabase (tabella 'catalog_settings')...
[2026-08-21T10:04:29.402Z] [LOG] [DEBUG] Syncing price rules from Supabase table 'price_rules'...
[2026-08-21T10:04:30.542Z] [LOG] [API /api/products] Successfully loaded 4625 products from Supabase via helper in 1221ms
[2026-08-21T10:05:36.203Z] [LOG] =========================================
[2026-08-21T10:05:36.203Z] [LOG] üì¨ [DEBUG SERVER] POST /api/orders RECEIVED!
[2026-08-21T10:05:36.203Z] [LOG] 1. Full Body sent by frontend: {
  "nome": "Orazio Giuffrida",
  "telefono": "393885631165",
  "carrello": [
    {
      "squadra": "Retro 1994 Italy Casa",
      "infoPerso": "Nome: R.BAGGIO - Num: 10",
      "taglia": "L",
      "prezzo": 24.99,
      "imgUrl": "https://jerseys-catalog.com/upload/20230914/e17e757b33e66c7ab00f75d7cc2ab7ac.jpg",
      "id": "0aeb9d9b-c9f6-4e4d-9ba6-57bcd6e52405",
      "legacy_id": "58",
      "quantita": 1
    },
    {
      "squadra": "Adulto kits 26/27 Juventus Trasferta",
      "infoPerso": "Nome: YILDIZ - Num: 10 - Patch: Serie A",
      "taglia": "L",
      "prezzo": 27.99,
      "imgUrl": "https://jerseys-catalog.com/upload/20260817/37644aa9b74671d356a4eaa1e9ded079.png",
      "id": "55899f07-ca14-43e7-987f-cdd4bab8ee65",
      "legacy_id": "25",
      "quantita": 1
    }
  ],
  "user_id": "8313ed33-3330-4fdb-aaad-a4440bbd0a22",
  "access_token": "eyJhbGciOiJFUzI1NiIsImtpZCI6ImU0YmRmNTFhLTBkOWQtNDVkMC1iN2VmLTNmYjA1NjJlMjYzZCIsInR5cCI6IkpXVCJ9.eyJpc3MiOiJodHRwczovL3JjbnVlZGZ1ZWF5bWZwcGVzbmV0LnN1cGFiYXNlLmNvL2F1dGgvdjEiLCJzdWIiOiI4MzEzZWQzMy0zMzMwLTRmZGItYWFhZC1hNDQ0MGJiZDBhMjIiLCJhdWQiOiJhdXRoZW50aWNhdGVkIiwiZXhwIjoxNzg3MzA5MTczLCJpYXQiOjE3ODczMDU1NzMsImVtYWlsIjoic2VyZ2lvdHRvY2F0YW5pYUBnbWFpbC5jb20iLCJwaG9uZSI6IiIsImFwcF9tZXRhZGF0YSI6eyJwcm92aWRlciI6ImVtYWlsIiwicHJvdmlkZXJzIjpbImVtYWlsIl19LCJ1c2VyX21ldGFkYXRhIjp7ImNvZ25vbWUiOiJDYXRhbmlhIiwiZW1haWwiOiJzZXJnaW90dG9jYXRhbmlhQGdtYWlsLmNvbSIsImVtYWlsX3ZlcmlmaWVkIjp0cnVlLCJmaXJzdF9uYW1lIjoic2VyZ2lvIiwibGFzdF9uYW1lIjoiY2F0YW5pYSIsIm5vbWUiOiJTZXJnaW8iLCJwaG9uZV92ZXJpZmllZCI6ZmFsc2UsInN1YiI6IjgzMTNlZDMzLTMzMzAtNGZkYi1hYWFkLWE0NDQwYmJkMGEyMiIsInRlbGVmb25vIjoiMzcwMTM4NDkzMiIsIndpc2hsaXN0IjpbIjZkMmM4YWQ3LTQzMDgtNGVlNi04MjIzLWUwNWNhNTcwZGM3MCJdfSwicm9sZSI6ImF1dGhlbnRpY2F0ZWQiLCJhYWwiOiJhYWwxIiwiYW1yIjpbeyJtZXRob2QiOiJwYXNzd29yZCIsInRpbWVzdGFtcCI6MTc4NjE4ODc0Nn1dLCJzZXNzaW9uX2lkIjoiYjRjNzdlNGMtMGY1MC00Njc4LWEwMDEtOWM2NzdjZWRlMDRjIiwiaXNfYW5vbnltb3VzIjpmYWxzZX0.Zv79qVjoWyy139ugHSFMLNSWh_DcK2zrk8vY0pEVIgzeeeNtiuU-IKY2kSE2UrM3D_Em3bvH2gpTHjh0mninHg",
  "registered_name": "Sergio Catania",
  "coupon_code": null,
  "coupon_discount": null,
  "coupon_type": null,
  "coupon_value": null
}
[2026-08-21T10:05:36.203Z] [LOG] =========================================
[2026-08-21T10:05:36.759Z] [LOG] 2. Products in Cart:
[2026-08-21T10:05:36.759Z] [LOG] --- Cart Item #1 ---
[2026-08-21T10:05:36.759Z] [LOG] Item object: {
  "squadra": "Retro 1994 Italy Casa",
  "infoPerso": "Nome: R.BAGGIO - Num: 10",
  "taglia": "L",
  "prezzo": 24.99,
  "imgUrl": "https://jerseys-catalog.com/upload/20230914/e17e757b33e66c7ab00f75d7cc2ab7ac.jpg",
  "id": "0aeb9d9b-c9f6-4e4d-9ba6-57bcd6e52405",
  "legacy_id": "58",
  "quantita": 1
}
[2026-08-21T10:05:36.759Z] [LOG] 3. Prezzo (prezzo): 24.99 (Parsed as: 24.99)
[2026-08-21T10:05:36.759Z] [LOG]    Quantita (quantita): 1 (Parsed as: 1)
[2026-08-21T10:05:36.759Z] [LOG] 
================ MATCHING REPORT ================
[2026-08-21T10:05:36.759Z] [LOG] Prodotto nel carrello: "Retro 1994 Italy Casa" (id: 0aeb9d9b-c9f6-4e4d-9ba6-57bcd6e52405, legacy_id: 58)
‚Üì
Prodotto trovato su Supabase: "Retro 1994 Italy Casa" (id: 0aeb9d9b-c9f6-4e4d-9ba6-57bcd6e52405, legacy_id: 58) tramite ID (0aeb9d9b-c9f6-4e4d-9ba6-57bcd6e52405)
‚Üì
Prezzo fornitore recuperato: $9.99
[2026-08-21T10:05:36.760Z] [LOG] =================================================

[2026-08-21T10:05:36.760Z] [LOG] --- Cart Item #2 ---
[2026-08-21T10:05:36.760Z] [LOG] Item object: {
  "squadra": "Adulto kits 26/27 Juventus Trasferta",
  "infoPerso": "Nome: YILDIZ - Num: 10 - Patch: Serie A",
  "taglia": "L",
  "prezzo": 27.99,
  "imgUrl": "https://jerseys-catalog.com/upload/20260817/37644aa9b74671d356a4eaa1e9ded079.png",
  "id": "55899f07-ca14-43e7-987f-cdd4bab8ee65",
  "legacy_id": "25",
  "quantita": 1
}
[2026-08-21T10:05:36.760Z] [LOG] 3. Prezzo (prezzo): 27.99 (Parsed as: 27.99)
[2026-08-21T10:05:36.760Z] [LOG]    Quantita (quantita): 1 (Parsed as: 1)
[2026-08-21T10:05:36.760Z] [LOG] 
================ MATCHING REPORT ================
[2026-08-21T10:05:36.760Z] [LOG] Prodotto nel carrello: "Adulto kits 26/27 Juventus Trasferta" (id: 55899f07-ca14-43e7-987f-cdd4bab8ee65, legacy_id: 25)
‚Üì
Prodotto trovato su Supabase: "Adulto kits 26/27 Juventus Trasferta" (id: 55899f07-ca14-43e7-987f-cdd4bab8ee65, legacy_id: 25) tramite ID (55899f07-ca14-43e7-987f-cdd4bab8ee65)
‚Üì
Prezzo fornitore recuperato: $8.00
[2026-08-21T10:05:36.760Z] [LOG] =================================================

[2026-08-21T10:05:36.804Z] [LOG] === OVERALL CALCULATIONS & VALUES ===
[2026-08-21T10:05:36.804Z] [LOG] - totale_pagato_cliente: 52.98
[2026-08-21T10:05:36.804Z] [LOG] - costo_prodotti_usd: 22.990000000000002
[2026-08-21T10:05:36.804Z] [LOG] - order_shipping_usd (spedizione): 8
[2026-08-21T10:05:36.804Z] [LOG] - costo_totale_usd: 30.990000000000002
[2026-08-21T10:05:36.805Z] [LOG] - exchangeRate: 0.856037
[2026-08-21T10:05:36.805Z] [LOG] - costo_totale_eur: 26.528586630000003
[2026-08-21T10:05:36.805Z] [LOG] - profitto_eur (5. Profitto calcolato): 26.451413369999994
[2026-08-21T10:05:36.805Z] [LOG] üì§ Registrazione dell'ordine nel database Supabase (atomica)...
[2026-08-21T10:05:36.805Z] [LOG] 
================ ORDER DATA DA SALVARE ================
[2026-08-21T10:05:36.805Z] [LOG] {
  "data": "21/08/2026, 10:05:36",
  "nome": "Orazio Giuffrida",
  "telefono": "393885631165",
  "squadra": "1x Retro 1994 Italy Casa / 1x Adulto kits 26/27 Juventus Trasferta",
  "personalizzazione": "1x [Nome: R.BAGGIO - Num: 10] | 1x [Nome: YILDIZ - Num: 10 - Patch: Serie A]",
  "taglia": "1x [L] / 1x [L]",
  "totale": "52,98‚Ç¨",
  "foto": "=IMAGE(\"https://jerseys-catalog.com/upload/20230914/e17e757b33e66c7ab00f75d7cc2ab7ac.jpg\")",
  "prezzo_fornitore": "1x $11.99 / 1x $11.00",
  "costo_prodotti_usd": "22,99",
  "costo_spedizione_usd": "8,00",
  "costo_totale_usd": "30,99",
  "cambio_usd_eur": "0,8560",
  "costo_totale_eur": "26,53",
  "profitto_eur": "26,45",
  "is_archived": false,
  "carrello": [
    {
      "squadra": "Retro 1994 Italy Casa",
      "infoPerso": "Nome: R.BAGGIO - Num: 10",
      "taglia": "L",
      "prezzo": 24.99,
      "imgUrl": "https://jerseys-catalog.com/upload/20230914/e17e757b33e66c7ab00f75d7cc2ab7ac.jpg",
      "id": "0aeb9d9b-c9f6-4e4d-9ba6-57bcd6e52405",
      "legacy_id": "58",
      "quantita": 1
    },
    {
      "squadra": "Adulto kits 26/27 Juventus Trasferta",
      "infoPerso": "Nome: YILDIZ - Num: 10 - Patch: Serie A",
      "taglia": "L",
      "prezzo": 27.99,
      "imgUrl": "https://jerseys-catalog.com/upload/20260817/37644aa9b74671d356a4eaa1e9ded079.png",
      "id": "55899f07-ca14-43e7-987f-cdd4bab8ee65",
      "legacy_id": "25",
      "quantita": 1
    }
  ],
  "coupon_code": null,
  "coupon_discount": 0,
  "coupon_type": null,
  "coupon_value": 0
}
[2026-08-21T10:05:36.805Z] [LOG] =======================================================

[2026-08-21T10:05:36.904Z] [LOG] 
================ RIGA SALVATA SU SUPABASE ================
[2026-08-21T10:05:36.905Z] [LOG] [
  {
    "id": 149,
    "data": "21/08/2026, 10:05:36",
    "nome": "Orazio Giuffrida",
    "telefono": "393885631165",
    "squadra": "1x Retro 1994 Italy Casa / 1x Adulto kits 26/27 Juventus Trasferta",
    "personalizzazione": "1x [Nome: R.BAGGIO - Num: 10] | 1x [Nome: YILDIZ - Num: 10 - Patch: Serie A]",
    "taglia": "1x [L] / 1x [L]",
    "totale": "52,98‚Ç¨",
    "foto": "=IMAGE(\"https://jerseys-catalog.com/upload/20230914/e17e757b33e66c7ab00f75d7cc2ab7ac.jpg\")",
    "prezzo_fornitore": "1x $11.99 / 1x $11.00",
    "costo_prodotti_usd": "22,99",
    "costo_spedizione_usd": "8,00",
    "costo_totale_usd": "30,99",
    "cambio_usd_eur": "0,8560",
    "costo_totale_eur": "26,53",
    "profitto_eur": "26,45",
    "is_archived": false,
    "lotto_id": null,
    "carrello": [
      {
        "id": "0aeb9d9b-c9f6-4e4d-9ba6-57bcd6e52405",
        "imgUrl": "https://jerseys-catalog.com/upload/20230914/e17e757b33e66c7ab00f75d7cc2ab7ac.jpg",
        "prezzo": 24.99,
        "taglia": "L",
        "squadra": "Retro 1994 Italy Casa",
        "quantita": 1,
        "infoPerso": "Nome: R.BAGGIO - Num: 10",
        "legacy_id": "58"
      },
      {
        "id": "55899f07-ca14-43e7-987f-cdd4bab8ee65",
        "imgUrl": "https://jerseys-catalog.com/upload/20260817/37644aa9b74671d356a4eaa1e9ded079.png",
        "prezzo": 27.99,
        "taglia": "L",
        "squadra": "Adulto kits 26/27 Juventus Trasferta",
        "quantita": 1,
        "infoPerso": "Nome: YILDIZ - Num: 10 - Patch: Serie A",
        "legacy_id": "25"
      }
    ],
    "created_at": "2026-08-21T10:05:36.848152+00:00",
    "coupon_id": null,
    "coupon_code": null,
    "coupon_name": null,
    "coupon_type": null,
    "coupon_value": 0,
    "coupon_discount": 0,
    "free_shipping_discount": 0,
    "final_total_after_coupon": null
  }
]
[2026-08-21T10:05:36.905Z] [LOG] ==========================================================

[2026-08-21T10:05:36.905Z] [LOG] ‚úÖ Order inserted successfully in Supabase 'orders' table.
[2026-08-21T10:05:36.905Z] [LOG] üì§ Ricalcolo automatico del lotto corrente (atomico)...
[2026-08-21T10:05:37.009Z] [LOG] =================================
[2026-08-21T10:05:37.010Z] [LOG] DEBUG AREA CLIENTE
[2026-08-21T10:05:37.010Z] [LOG] insertedAdminOrder: {
  "id": 149,
  "data": "21/08/2026, 10:05:36",
  "nome": "Orazio Giuffrida",
  "telefono": "393885631165",
  "squadra": "1x Retro 1994 Italy Casa / 1x Adulto kits 26/27 Juventus Trasferta",
  "personalizzazione": "1x [Nome: R.BAGGIO - Num: 10] | 1x [Nome: YILDIZ - Num: 10 - Patch: Serie A]",
  "taglia": "1x [L] / 1x [L]",
  "totale": "52,98‚Ç¨",
  "foto": "=IMAGE(\"https://jerseys-catalog.com/upload/20230914/e17e757b33e66c7ab00f75d7cc2ab7ac.jpg\")",
  "prezzo_fornitore": "1x $11.99 / 1x $11.00",
  "costo_prodotti_usd": "22,99",
  "costo_spedizione_usd": "8,00",
  "costo_totale_usd": "30,99",
  "cambio_usd_eur": "0,8560",
  "costo_totale_eur": "26,53",
  "profitto_eur": "26,45",
  "is_archived": false,
  "lotto_id": null,
  "carrello": [
    {
      "id": "0aeb9d9b-c9f6-4e4d-9ba6-57bcd6e52405",
      "imgUrl": "https://jerseys-catalog.com/upload/20230914/e17e757b33e66c7ab00f75d7cc2ab7ac.jpg",
      "prezzo": 24.99,
      "taglia": "L",
      "squadra": "Retro 1994 Italy Casa",
      "quantita": 1,
      "infoPerso": "Nome: R.BAGGIO - Num: 10",
      "legacy_id": "58"
    },
    {
      "id": "55899f07-ca14-43e7-987f-cdd4bab8ee65",
      "imgUrl": "https://jerseys-catalog.com/upload/20260817/37644aa9b74671d356a4eaa1e9ded079.png",
      "prezzo": 27.99,
      "taglia": "L",
      "squadra": "Adulto kits 26/27 Juventus Trasferta",
      "quantita": 1,
      "infoPerso": "Nome: YILDIZ - Num: 10 - Patch: Serie A",
      "legacy_id": "25"
    }
  ],
  "created_at": "2026-08-21T10:05:36.848152+00:00",
  "coupon_id": null,
  "coupon_code": null,
  "coupon_name": null,
  "coupon_type": null,
  "coupon_value": 0,
  "coupon_discount": 0,
  "free_shipping_discount": 0,
  "final_total_after_coupon": null
}
[2026-08-21T10:05:37.010Z] [LOG] user_id: 8313ed33-3330-4fdb-aaad-a4440bbd0a22
[2026-08-21T10:05:37.010Z] [LOG] access_token: PRESENTE
[2026-08-21T10:05:37.010Z] [LOG] =================================
[2026-08-21T10:05:37.010Z] [LOG] üë§ Utente autenticato rilevato (8313ed33-3330-4fdb-aaad-a4440bbd0a22). Associazione dell'ordine all'Area Cliente...
[2026-08-21T10:05:37.018Z] [LOG] üì§ Inserimento in customer_orders: {
  "user_id": "8313ed33-3330-4fdb-aaad-a4440bbd0a22",
  "order_number": "ORD-149",
  "admin_order_id": 149,
  "subtotal": 52.98,
  "shipping": 0,
  "total": 52.98,
  "payment_status": "pending",
  "status": "Ordine Ricevuto",
  "created_at": "2026-08-21T10:05:37.011Z",
  "updated_at": "2026-08-21T10:05:37.011Z",
  "coupon_code": null,
  "coupon_discount": 0,
  "coupon_type": null,
  "coupon_value": 0
}
[2026-08-21T10:05:37.066Z] [WARN] ‚ö†Ô∏è Colonna coupon_type non trovata su customer_orders (tabella non aggiornata). Riprovo l'inserimento senza coupon_type e coupon_value...
[2026-08-21T10:05:37.124Z] [LOG] ‚úÖ Inserito in customer_orders con ID: fc382455-8bc2-4d67-9f3d-03aa17bd9c61
[2026-08-21T10:05:37.124Z] [LOG] üì§ Inserimento in customer_order_items: [
  {
    "order_id": "fc382455-8bc2-4d67-9f3d-03aa17bd9c61",
    "product_id": 58,
    "nome": "Retro 1994 Italy Casa",
    "categoria": "Retro",
    "stagione": "1994/1995",
    "taglia": "L",
    "personalizzazione": "Nome: R.BAGGIO - Num: 10",
    "prezzo": 24.99,
    "quantita": 1
  },
  {
    "order_id": "fc382455-8bc2-4d67-9f3d-03aa17bd9c61",
    "product_id": 25,
    "nome": "Adulto kits 26/27 Juventus Trasferta",
    "categoria": "Kit",
    "stagione": "2026/2027",
    "taglia": "L",
    "personalizzazione": "Nome: YILDIZ - Num: 10 - Patch: Serie A",
    "prezzo": 27.99,
    "quantita": 1
  }
]
[2026-08-21T10:05:37.185Z] [LOG] ‚úÖ Inseriti tutti i prodotti dell'ordine in customer_order_items!
[2026-08-21T10:05:37.185Z] [LOG] === DEBUG SERVER SUCCESS ===
[2026-08-21T10:05:40.008Z] [LOG] >>> ENTRATA GET /api/settings
[2026-08-21T10:05:40.008Z] [LOG] [DEBUG] Caricamento configurazione catalogo da Supabase (tabella 'catalog_settings')...
[2026-08-21T10:05:40.045Z] [LOG] [DEBUG] Syncing price rules from Supabase table 'price_rules'...
[2026-08-21T10:05:51.562Z] [LOG] [BACKEND] Avvio procedura 'Chiudi Lotto' con snapshot e archiviazione automatica.
[2026-08-21T10:05:51.634Z] [LOG] [BACKEND Chiudi Lotto] Trovati 10 ordini attivi associati al Lotto #1.
[2026-08-21T10:05:52.188Z] [LOG] [GENERA EXCEL] Catalogo Supabase caricato: 4625 prodotti.
[2026-08-21T10:05:52.195Z] [LOG] [GENERA EXCEL] Compilazione normalizzata di 14 righe certificate per il Lotto #1
[2026-08-21T10:05:54.790Z] [LOG] ‚úÖ Excel generato con successo in: /app/applet/lotti/LOTTO_0001.xlsx
[2026-08-21T10:05:54.790Z] [LOG] [BACKEND Chiudi Lotto] Excel generato correttamente: /lotti/LOTTO_0001.xlsx
[2026-08-21T10:05:54.902Z] [LOG] ‚úÖ Lotto #1 salvato con successo nel database Supabase 'lotti'.
[2026-08-21T10:05:54.902Z] [LOG] [BACKEND Chiudi Lotto] Snapshot archiviato con successo per Lotto #1
[2026-08-21T10:05:54.979Z] [LOG] ‚úÖ 10 ordini contrassegnati come archiviati su Supabase.
[2026-08-21T10:05:54.980Z] [LOG] [BACKEND Chiudi Lotto] Reset lotto.json eseguito.
[2026-08-21T10:05:54.980Z] [LOG] [BACKEND Chiudi Lotto] Completato con successo. Lotto resettato: {"numero_totale_articoli":0,"costo_totale_prodotti_usd":0,"spedizione_corrente_usd":4,"costo_complessivo_lotto_usd":0}
[2026-08-21T10:10:09.685Z] [LOG] >>> ENTRATA GET /api/settings
[2026-08-21T10:10:09.685Z] [LOG] [DEBUG] Caricamento configurazione catalogo da Supabase (tabella 'catalog_settings')...
[2026-08-21T10:10:09.720Z] [LOG] [DEBUG] Syncing price rules from Supabase table 'price_rules'...
[2026-08-21T10:21:46.871Z] [LOG] ‚úÖ File .env caricato correttamente in server.js
[2026-08-21T10:21:46.899Z] [LOG] üöÄ Server running on http://0.0.0.0:3000
[2026-08-21T10:21:46.899Z] [LOG] === INIZIO PULIZIA AUTOMATICA ARCHIVIO LOTTI ===
[2026-08-21T10:21:46.900Z] [LOG] [BACKEND CLEANUP] Pulizia lotti completata. Rimasti 3 lotti reali.
[2026-08-21T10:21:46.900Z] [LOG] === FINE PULIZIA AUTOMATICA ARCHIVIO LOTTI ===
[2026-08-21T10:21:49.902Z] [LOG] === CARICAMENTO IMPOSTAZIONI DA SUPABASE ALL'AVVIO ===
[2026-08-21T10:21:49.903Z] [LOG] [DEBUG] Caricamento configurazione catalogo da Supabase (tabella 'catalog_settings')...
[2026-08-21T10:21:49.941Z] [LOG] [DEBUG] Syncing price rules from Supabase table 'price_rules'...
[2026-08-21T10:21:50.063Z] [LOG] === INIZIO STANDARDIZZAZIONE DATABASE SUPABASE ===
[2026-08-21T10:21:50.774Z] [LOG] === COMPLETATO STANDARDIZZAZIONE DATABASE SUPABASE ===
[2026-08-21T10:21:53.406Z] [LOG] >>> ENTRATA GET /api/settings
[2026-08-21T10:21:53.407Z] [LOG] [DEBUG] Caricamento configurazione catalogo da Supabase (tabella 'catalog_settings')...
[2026-08-21T10:21:53.450Z] [LOG] [DEBUG] Syncing price rules from Supabase table 'price_rules'...
[2026-08-21T10:21:53.936Z] [LOG] [API /api/products] Successfully loaded 4625 products from Supabase via helper in 530ms
[2026-08-21T10:22:01.910Z] [LOG] >>> ENTRATA GET /api/settings
[2026-08-21T10:22:01.911Z] [LOG] [DEBUG] Caricamento configurazione catalogo da Supabase (tabella 'catalog_settings')...
[2026-08-21T10:22:01.951Z] [LOG] [DEBUG] Syncing price rules from Supabase table 'price_rules'...
[2026-08-21T10:29:25.584Z] [LOG] ‚úÖ File .env caricato correttamente in server.js
[2026-08-21T10:29:25.609Z] [LOG] üöÄ Server running on http://0.0.0.0:3000
[2026-08-21T10:29:25.609Z] [LOG] === INIZIO PULIZIA AUTOMATICA ARCHIVIO LOTTI ===
[2026-08-21T10:29:25.610Z] [LOG] [BACKEND CLEANUP] Pulizia lotti completata. Rimasti 3 lotti reali.
[2026-08-21T10:29:25.610Z] [LOG] === FINE PULIZIA AUTOMATICA ARCHIVIO LOTTI ===
[2026-08-21T10:29:28.612Z] [LOG] === CARICAMENTO IMPOSTAZIONI DA SUPABASE ALL'AVVIO ===
[2026-08-21T10:29:28.613Z] [LOG] [DEBUG] Caricamento configurazione catalogo da Supabase (tabella 'catalog_settings')...
[2026-08-21T10:29:28.650Z] [LOG] [DEBUG] Syncing price rules from Supabase table 'price_rules'...
[2026-08-21T10:29:28.762Z] [LOG] === INIZIO STANDARDIZZAZIONE DATABASE SUPABASE ===
[2026-08-21T10:29:29.377Z] [LOG] === COMPLETATO STANDARDIZZAZIONE DATABASE SUPABASE ===
[2026-08-21T10:29:29.952Z] [LOG] [BACKEND] Richiesta di ripristino ordini per il Lotto ID: 1
[2026-08-21T10:29:29.987Z] [LOG] [BACKEND Ripristina Lotto] Ripristino di 10 ordini dal Lotto #1 agli Ordini Attivi.
[2026-08-21T10:29:30.175Z] [LOG] [BACKEND Ripristina Lotto] Ordini del Lotto #1 ripristinati con successo negli Ordini Attivi.
[2026-08-21T10:29:42.405Z] [LOG] ‚úÖ File .env caricato correttamente in server.js
[2026-08-21T10:29:42.431Z] [LOG] üöÄ Server running on http://0.0.0.0:3000
[2026-08-21T10:29:42.431Z] [LOG] === INIZIO PULIZIA AUTOMATICA ARCHIVIO LOTTI ===
[2026-08-21T10:29:42.432Z] [LOG] [BACKEND CLEANUP] Pulizia lotti completata. Rimasti 3 lotti reali.
[2026-08-21T10:29:42.432Z] [LOG] === FINE PULIZIA AUTOMATICA ARCHIVIO LOTTI ===
[2026-08-21T10:29:45.434Z] [LOG] === CARICAMENTO IMPOSTAZIONI DA SUPABASE ALL'AVVIO ===
[2026-08-21T10:29:45.435Z] [LOG] [DEBUG] Caricamento configurazione catalogo da Supabase (tabella 'catalog_settings')...
[2026-08-21T10:29:45.473Z] [LOG] [DEBUG] Syncing price rules from Supabase table 'price_rules'...
[2026-08-21T10:29:45.540Z] [LOG] === INIZIO STANDARDIZZAZIONE DATABASE SUPABASE ===
[2026-08-21T10:29:46.118Z] [LOG] === COMPLETATO STANDARDIZZAZIONE DATABASE SUPABASE ===
[2026-08-21T10:29:52.683Z] [LOG] >>> ENTRATA GET /api/settings
[2026-08-21T10:29:52.684Z] [LOG] [DEBUG] Caricamento configurazione catalogo da Supabase (tabella 'catalog_settings')...
[2026-08-21T10:29:52.755Z] [LOG] [DEBUG] Syncing price rules from Supabase table 'price_rules'...
[2026-08-21T10:29:53.218Z] [LOG] [API /api/products] Successfully loaded 4625 products from Supabase via helper in 524ms
[2026-08-21T10:34:14.652Z] [LOG] >>> ENTRATA GET /api/settings
[2026-08-21T10:34:14.653Z] [LOG] [DEBUG] Caricamento configurazione catalogo da Supabase (tabella 'catalog_settings')...
[2026-08-21T10:34:14.693Z] [LOG] [DEBUG] Syncing price rules from Supabase table 'price_rules'...
[2026-08-21T10:34:51.578Z] [LOG] [BACKEND] Avvio procedura 'Chiudi Lotto' con snapshot e archiviazione automatica.
[2026-08-21T10:34:51.692Z] [LOG] [BACKEND Chiudi Lotto] Trovati 11 ordini attivi associati al Lotto #2.
[2026-08-21T10:34:52.362Z] [LOG] [GENERA EXCEL] Catalogo Supabase caricato: 4625 prodotti.
[2026-08-21T10:34:52.374Z] [LOG] [GENERA EXCEL] Compilazione normalizzata di 15 righe per il Lotto #2
[2026-08-21T10:34:55.941Z] [LOG] ‚úÖ Excel generato con successo in: /app/applet/lotti/LOTTO_0002.xlsx | Pezzi: 15 | Totale Articoli: $150.29 | Spedizione: $60 | Totale Fornitore: $210.29
[2026-08-21T10:34:55.941Z] [LOG] [BACKEND Chiudi Lotto] Excel generato correttamente: /lotti/LOTTO_0002.xlsx
[2026-08-21T10:34:56.014Z] [LOG] ‚úÖ Lotto #2 salvato con successo nel database Supabase 'lotti'.
[2026-08-21T10:34:56.014Z] [LOG] [BACKEND Chiudi Lotto] Snapshot archiviato con successo per Lotto #2
[2026-08-21T10:34:56.053Z] [LOG] ‚úÖ 11 ordini contrassegnati come archiviati su Supabase.
[2026-08-21T10:34:56.053Z] [LOG] [BACKEND Chiudi Lotto] Reset lotto.json eseguito.
[2026-08-21T10:34:56.054Z] [LOG] [BACKEND Chiudi Lotto] Completato con successo. Lotto resettato: {"numero_totale_articoli":0,"costo_totale_prodotti_usd":0,"spedizione_corrente_usd":4,"costo_complessivo_lotto_usd":0}
[2026-08-21T10:34:59.699Z] [LOG] [BACKEND] Richiesta di eliminazione per il Lotto ID: 2
[2026-08-21T10:34:59.828Z] [LOG] [BACKEND] Eliminazione di Lotto #2 contenente 11 ordini.
[2026-08-21T10:34:59.864Z] [LOG] ‚úÖ Ordini associati al lotto #2 rimossi con successo da Supabase.
[2026-08-21T10:34:59.911Z] [LOG] ‚úÖ Lotto with ID 2 deleted from Supabase 'lotti' table.
[2026-08-21T10:34:59.911Z] [LOG] [BACKEND] Lotto Lotto #2 rimosso con successo.
[2026-08-21T10:35:25.771Z] [LOG] >>> ENTRATA GET /api/settings
[2026-08-21T10:35:25.771Z] [LOG] [DEBUG] Caricamento configurazione catalogo da Supabase (tabella 'catalog_settings')...
[2026-08-21T10:35:25.812Z] [LOG] [DEBUG] Syncing price rules from Supabase table 'price_rules'...
[2026-08-21T10:35:51.909Z] [LOG] [COUPON DEBUG]
Operazione: SELECT
Tabella: public.coupons
[2026-08-21T10:35:51.976Z] [LOG] [COUPON DEBUG]
Operazione: SELECT
Tabella: public.coupons
Numero coupon restituiti: 3
Risultato: SUCCESS
[2026-08-21T10:37:27.497Z] [LOG] >>> ENTRATA GET /api/settings
[2026-08-21T10:37:27.497Z] [LOG] [DEBUG] Caricamento configurazione catalogo da Supabase (tabella 'catalog_settings')...
[2026-08-21T10:37:27.559Z] [LOG] [DEBUG] Syncing price rules from Supabase table 'price_rules'...
[2026-08-21T10:37:28.108Z] [LOG] [API /api/products] Successfully loaded 4625 products from Supabase via helper in 615ms
[2026-08-21T10:37:36.001Z] [LOG] >>> ENTRATA GET /api/settings
[2026-08-21T10:37:36.001Z] [LOG] [DEBUG] Caricamento configurazione catalogo da Supabase (tabella 'catalog_settings')...
[2026-08-21T10:37:36.034Z] [LOG] [DEBUG] Syncing price rules from Supabase table 'price_rules'...
[2026-08-21T10:43:33.373Z] [LOG] ‚úÖ File .env caricato correttamente in server.js
[2026-08-21T10:43:33.397Z] [LOG] üöÄ Server running on http://0.0.0.0:3000
[2026-08-21T10:43:33.397Z] [LOG] === INIZIO PULIZIA AUTOMATICA ARCHIVIO LOTTI ===
[2026-08-21T10:43:33.398Z] [LOG] [BACKEND CLEANUP] Pulizia lotti completata. Rimasti 3 lotti reali.
[2026-08-21T10:43:33.398Z] [LOG] === FINE PULIZIA AUTOMATICA ARCHIVIO LOTTI ===
[2026-08-21T10:43:36.400Z] [LOG] === CARICAMENTO IMPOSTAZIONI DA SUPABASE ALL'AVVIO ===
[2026-08-21T10:43:36.401Z] [LOG] [DEBUG] Caricamento configurazione catalogo da Supabase (tabella 'catalog_settings')...
[2026-08-21T10:43:36.476Z] [LOG] [DEBUG] Syncing price rules from Supabase table 'price_rules'...
[2026-08-21T10:43:36.550Z] [LOG] === INIZIO STANDARDIZZAZIONE DATABASE SUPABASE ===
[2026-08-21T10:43:37.147Z] [LOG] === COMPLETATO STANDARDIZZAZIONE DATABASE SUPABASE ===
[2026-08-21T10:43:39.389Z] [LOG] ‚úÖ File .env caricato correttamente in server.js
[2026-08-21T10:43:39.412Z] [LOG] üöÄ Server running on http://0.0.0.0:3000
[2026-08-21T10:43:39.412Z] [LOG] === INIZIO PULIZIA AUTOMATICA ARCHIVIO LOTTI ===
[2026-08-21T10:43:39.413Z] [LOG] [BACKEND CLEANUP] Pulizia lotti completata. Rimasti 3 lotti reali.
[2026-08-21T10:43:39.413Z] [LOG] === FINE PULIZIA AUTOMATICA ARCHIVIO LOTTI ===
[2026-08-21T10:43:42.414Z] [LOG] === CARICAMENTO IMPOSTAZIONI DA SUPABASE ALL'AVVIO ===
[2026-08-21T10:43:42.473Z] [LOG] [DEBUG] Caricamento configurazione catalogo da Supabase (tabella 'catalog_settings')...
[2026-08-21T10:43:42.568Z] [LOG] [DEBUG] Syncing price rules from Supabase table 'price_rules'...
[2026-08-21T10:43:42.667Z] [LOG] === INIZIO STANDARDIZZAZIONE DATABASE SUPABASE ===
[2026-08-21T10:43:43.348Z] [LOG] === COMPLETATO STANDARDIZZAZIONE DATABASE SUPABASE ===
[2026-08-21T10:43:44.430Z] [LOG] >>> ENTRATA GET /api/settings
[2026-08-21T10:43:44.430Z] [LOG] [DEBUG] Caricamento configurazione catalogo da Supabase (tabella 'catalog_settings')...
[2026-08-21T10:43:44.546Z] [LOG] [DEBUG] Syncing price rules from Supabase table 'price_rules'...
[2026-08-21T10:43:45.031Z] [LOG] [API /api/products] Successfully loaded 4625 products from Supabase via helper in 602ms
[2026-08-21T10:43:48.646Z] [LOG] >>> ENTRATA GET /api/settings
[2026-08-21T10:43:48.647Z] [LOG] [DEBUG] Caricamento configurazione catalogo da Supabase (tabella 'catalog_settings')...
[2026-08-21T10:43:48.717Z] [LOG] [DEBUG] Syncing price rules from Supabase table 'price_rules'...
[2026-08-21T10:50:50.656Z] [LOG] ‚úÖ File .env caricato correttamente in server.js
[2026-08-21T10:50:50.678Z] [LOG] üöÄ Server running on http://0.0.0.0:3000
[2026-08-21T10:50:50.678Z] [LOG] === INIZIO PULIZIA AUTOMATICA ARCHIVIO LOTTI ===
[2026-08-21T10:50:50.679Z] [LOG] [BACKEND CLEANUP] Pulizia lotti completata. Rimasti 3 lotti reali.
[2026-08-21T10:50:50.679Z] [LOG] === FINE PULIZIA AUTOMATICA ARCHIVIO LOTTI ===
[2026-08-21T10:50:53.680Z] [LOG] === CARICAMENTO IMPOSTAZIONI DA SUPABASE ALL'AVVIO ===
[2026-08-21T10:50:53.741Z] [LOG] [DEBUG] Caricamento configurazione catalogo da Supabase (tabella 'catalog_settings')...
[2026-08-21T10:50:53.845Z] [LOG] [DEBUG] Syncing price rules from Supabase table 'price_rules'...
[2026-08-21T10:50:53.964Z] [LOG] === INIZIO STANDARDIZZAZIONE DATABASE SUPABASE ===
[2026-08-21T10:50:54.606Z] [LOG] === COMPLETATO STANDARDIZZAZIONE DATABASE SUPABASE ===
[2026-08-21T10:50:54.917Z] [LOG] >>> ENTRATA GET /api/settings
[2026-08-21T10:50:54.917Z] [LOG] [DEBUG] Caricamento configurazione catalogo da Supabase (tabella 'catalog_settings')...
[2026-08-21T10:50:54.951Z] [LOG] [DEBUG] Syncing price rules from Supabase table 'price_rules'...
[2026-08-21T10:50:55.468Z] [LOG] [API /api/products] Successfully loaded 4625 products from Supabase via helper in 547ms
[2026-08-21T10:51:00.348Z] [LOG] >>> ENTRATA GET /api/settings
[2026-08-21T10:51:00.348Z] [LOG] [DEBUG] Caricamento configurazione catalogo da Supabase (tabella 'catalog_settings')...
[2026-08-21T10:51:00.402Z] [LOG] [DEBUG] Syncing price rules from Supabase table 'price_rules'...
[2026-08-21T10:51:12.567Z] [LOG] >>> ENTRATA GET /api/settings
[2026-08-21T10:51:12.568Z] [LOG] [DEBUG] Caricamento configurazione catalogo da Supabase (tabella 'catalog_settings')...
[2026-08-21T10:51:12.602Z] [LOG] [DEBUG] Syncing price rules from Supabase table 'price_rules'...
[2026-08-21T10:54:01.996Z] [LOG] ‚úÖ File .env caricato correttamente in server.js
[2026-08-21T10:54:02.019Z] [LOG] üöÄ Server running on http://0.0.0.0:3000
[2026-08-21T10:54:02.019Z] [LOG] === INIZIO PULIZIA AUTOMATICA ARCHIVIO LOTTI ===
[2026-08-21T10:54:02.022Z] [LOG] [BACKEND CLEANUP] Pulizia lotti completata. Rimasti 3 lotti reali.
[2026-08-21T10:54:02.022Z] [LOG] === FINE PULIZIA AUTOMATICA ARCHIVIO LOTTI ===
[2026-08-21T10:54:03.396Z] [LOG] [LOTTO RESTORE DEBUG]
BACKEND ENDPOINT CHIAMATO
lottoId: 1
[2026-08-21T10:54:03.396Z] [LOG] [LOTTO RESTORE DEBUG]
RICERCA LOTTO
lottoId: 1
[2026-08-21T10:54:03.568Z] [LOG] [LOTTO RESTORE DEBUG]
LOTTO TROVATO: YES
[2026-08-21T10:54:03.682Z] [LOG] [LOTTO RESTORE DEBUG]
STATO LOTTO ATTUALE: ARCHIVIATO / CHIUSO
[2026-08-21T10:54:03.682Z] [LOG] [LOTTO RESTORE DEBUG]
ORDINI ASSOCIATI AL LOTTO: 10
[2026-08-21T10:54:03.682Z] [LOG] [BACKEND Ripristina Lotto] Ripristino del Lotto #1 (10 ordini) allo stato ATTIVO.
[2026-08-21T10:54:03.682Z] [LOG] [BACKEND Ripristina Lotto] Ordine '21/08/2026, 10:05:36' eliminato o mancante: RICOSTRUZIONE e reinserimento automatico in corso...
[2026-08-21T10:54:03.846Z] [LOG] ‚úÖ Ordine ricostruito con successo su Supabase: 21/08/2026, 10:05:36
[2026-08-21T10:54:03.846Z] [LOG] [BACKEND Ripristina Lotto] Ordine '21/08/2026, 10:00:20' eliminato o mancante: RICOSTRUZIONE e reinserimento automatico in corso...
[2026-08-21T10:54:03.921Z] [LOG] ‚úÖ Ordine ricostruito con successo su Supabase: 21/08/2026, 10:00:20
[2026-08-21T10:54:03.922Z] [LOG] [BACKEND Ripristina Lotto] Ordine '21/08/2026, 09:59:41' eliminato o mancante: RICOSTRUZIONE e reinserimento automatico in corso...
[2026-08-21T10:54:03.996Z] [LOG] ‚úÖ Ordine ricostruito con successo su Supabase: 21/08/2026, 09:59:41
[2026-08-21T10:54:03.996Z] [LOG] [BACKEND Ripristina Lotto] Ordine '21/08/2026, 09:59:02' eliminato o mancante: RICOSTRUZIONE e reinserimento automatico in corso...
[2026-08-21T10:54:04.088Z] [LOG] ‚úÖ Ordine ricostruito con successo su Supabase: 21/08/2026, 09:59:02
[2026-08-21T10:54:04.088Z] [LOG] [BACKEND Ripristina Lotto] Ordine '21/08/2026, 09:57:16' eliminato o mancante: RICOSTRUZIONE e reinserimento automatico in corso...
[2026-08-21T10:54:04.162Z] [LOG] ‚úÖ Ordine ricostruito con successo su Supabase: 21/08/2026, 09:57:16
[2026-08-21T10:54:04.162Z] [LOG] [BACKEND Ripristina Lotto] Ordine '21/08/2026, 09:56:53' eliminato o mancante: RICOSTRUZIONE e reinserimento automatico in corso...
[2026-08-21T10:54:04.202Z] [LOG] ‚úÖ Ordine ricostruito con successo su Supabase: 21/08/2026, 09:56:53
[2026-08-21T10:54:04.202Z] [LOG] [BACKEND Ripristina Lotto] Ordine '21/08/2026, 09:56:20' eliminato o mancante: RICOSTRUZIONE e reinserimento automatico in corso...
[2026-08-21T10:54:04.248Z] [LOG] ‚úÖ Ordine ricostruito con successo su Supabase: 21/08/2026, 09:56:20
[2026-08-21T10:54:04.248Z] [LOG] [BACKEND Ripristina Lotto] Ordine '21/08/2026, 09:55:46' eliminato o mancante: RICOSTRUZIONE e reinserimento automatico in corso...
[2026-08-21T10:54:04.293Z] [LOG] ‚úÖ Ordine ricostruito con successo su Supabase: 21/08/2026, 09:55:46
[2026-08-21T10:54:04.294Z] [LOG] [BACKEND Ripristina Lotto] Ordine '21/08/2026, 09:54:06' eliminato o mancante: RICOSTRUZIONE e reinserimento automatico in corso...
[2026-08-21T10:54:04.338Z] [LOG] ‚úÖ Ordine ricostruito con successo su Supabase: 21/08/2026, 09:54:06
[2026-08-21T10:54:04.338Z] [LOG] [BACKEND Ripristina Lotto] Ordine '21/08/2026, 09:53:11' eliminato o mancante: RICOSTRUZIONE e reinserimento automatico in corso...
[2026-08-21T10:54:04.385Z] [LOG] ‚úÖ Ordine ricostruito con successo su Supabase: 21/08/2026, 09:53:11
[2026-08-21T10:54:04.490Z] [LOG] ‚úÖ Lotto with ID 1 deleted from Supabase 'lotti' table.
[2026-08-21T10:54:04.608Z] [LOG] [BACKEND Ripristina Lotto] Lotto #1 ripristinato con successo allo stato ATTIVO.
[2026-08-21T10:54:05.023Z] [LOG] === CARICAMENTO IMPOSTAZIONI DA SUPABASE ALL'AVVIO ===
[2026-08-21T10:54:05.024Z] [LOG] [DEBUG] Caricamento configurazione catalogo da Supabase (tabella 'catalog_settings')...
[2026-08-21T10:54:05.068Z] [LOG] [DEBUG] Syncing price rules from Supabase table 'price_rules'...
[2026-08-21T10:54:05.146Z] [LOG] === INIZIO STANDARDIZZAZIONE DATABASE SUPABASE ===
[2026-08-21T10:54:05.770Z] [LOG] === COMPLETATO STANDARDIZZAZIONE DATABASE SUPABASE ===
[2026-08-21T10:54:09.482Z] [LOG] [LOTTO RESTORE DEBUG]
BACKEND ENDPOINT CHIAMATO
lottoId: 1
[2026-08-21T10:54:09.482Z] [LOG] [LOTTO RESTORE DEBUG]
RICERCA LOTTO
lottoId: 1
[2026-08-21T10:54:09.535Z] [LOG] [LOTTO RESTORE DEBUG]
LOTTO TROVATO: NO
[2026-08-21T10:56:52.389Z] [LOG] ‚úÖ File .env caricato correttamente in server.js
[2026-08-21T10:56:52.412Z] [LOG] üöÄ Server running on http://0.0.0.0:3000
[2026-08-21T10:56:52.413Z] [LOG] === INIZIO PULIZIA AUTOMATICA ARCHIVIO LOTTI ===
[2026-08-21T10:56:52.413Z] [LOG] [BACKEND CLEANUP] Pulizia lotti completata. Rimasti 2 lotti reali.
[2026-08-21T10:56:52.413Z] [LOG] === FINE PULIZIA AUTOMATICA ARCHIVIO LOTTI ===
[2026-08-21T10:56:53.462Z] [LOG] >>> ENTRATA GET /api/settings
[2026-08-21T10:56:53.464Z] [LOG] [DEBUG] Caricamento configurazione catalogo da Supabase (tabella 'catalog_settings')...
[2026-08-21T10:56:53.548Z] [LOG] [DEBUG] Syncing price rules from Supabase table 'price_rules'...
[2026-08-21T10:56:54.124Z] [LOG] [API /api/products] Successfully loaded 4625 products from Supabase via helper in 688ms
[2026-08-21T10:56:55.415Z] [LOG] === CARICAMENTO IMPOSTAZIONI DA SUPABASE ALL'AVVIO ===
[2026-08-21T10:56:55.416Z] [LOG] [DEBUG] Caricamento configurazione catalogo da Supabase (tabella 'catalog_settings')...
[2026-08-21T10:56:55.446Z] [LOG] [DEBUG] Syncing price rules from Supabase table 'price_rules'...
[2026-08-21T10:56:55.508Z] [LOG] === INIZIO STANDARDIZZAZIONE DATABASE SUPABASE ===
[2026-08-21T10:56:56.033Z] [LOG] === COMPLETATO STANDARDIZZAZIONE DATABASE SUPABASE ===
[2026-08-21T11:00:08.939Z] [LOG] >>> ENTRATA GET /api/settings
[2026-08-21T11:00:08.939Z] [LOG] [DEBUG] Caricamento configurazione catalogo da Supabase (tabella 'catalog_settings')...
[2026-08-21T11:00:08.981Z] [LOG] [DEBUG] Syncing price rules from Supabase table 'price_rules'...
[2026-08-21T11:01:03.421Z] [LOG] >>> ENTRATA GET /api/settings
[2026-08-21T11:01:03.421Z] [LOG] [DEBUG] Caricamento configurazione catalogo da Supabase (tabella 'catalog_settings')...
[2026-08-21T11:01:03.489Z] [LOG] [DEBUG] Syncing price rules from Supabase table 'price_rules'...
[2026-08-21T11:01:03.982Z] [LOG] [API /api/products] Successfully loaded 4625 products from Supabase via helper in 564ms
[2026-08-21T11:01:06.943Z] [LOG] =========================================
[2026-08-21T11:01:06.943Z] [LOG] üì¨ [DEBUG SERVER] POST /api/orders RECEIVED!
[2026-08-21T11:01:06.945Z] [LOG] 1. Full Body sent by frontend: {
  "nome": "Sergio Catania",
  "telefono": "393701384932",
  "carrello": [
    {
      "squadra": "Retro 1998/99 Roma Casa",
      "infoPerso": "Nessuna",
      "taglia": "M",
      "prezzo": 21.99,
      "imgUrl": "https://jerseys-catalog.com/upload/20260811/9b9328d6067bc9a7cd56f9e0af6774f7.png",
      "id": "86c7daf3-3fce-4b73-b96c-6ff4f7ef34df",
      "legacy_id": "1",
      "quantita": 1
    },
    {
      "squadra": "Spese di spedizione",
      "infoPerso": "Spedizione standard",
      "taglia": "-",
      "prezzo": 2,
      "quantita": 1,
      "imgUrl": ""
    }
  ],
  "user_id": "8313ed33-3330-4fdb-aaad-a4440bbd0a22",
  "access_token": "eyJhbGciOiJFUzI1NiIsImtpZCI6ImU0YmRmNTFhLTBkOWQtNDVkMC1iN2VmLTNmYjA1NjJlMjYzZCIsInR5cCI6IkpXVCJ9.eyJpc3MiOiJodHRwczovL3JjbnVlZGZ1ZWF5bWZwcGVzbmV0LnN1cGFiYXNlLmNvL2F1dGgvdjEiLCJzdWIiOiI4MzEzZWQzMy0zMzMwLTRmZGItYWFhZC1hNDQ0MGJiZDBhMjIiLCJhdWQiOiJhdXRoZW50aWNhdGVkIiwiZXhwIjoxNzg3MzEzMDU1LCJpYXQiOjE3ODczMDk0NTUsImVtYWlsIjoic2VyZ2lvdHRvY2F0YW5pYUBnbWFpbC5jb20iLCJwaG9uZSI6IiIsImFwcF9tZXRhZGF0YSI6eyJwcm92aWRlciI6ImVtYWlsIiwicHJvdmlkZXJzIjpbImVtYWlsIl19LCJ1c2VyX21ldGFkYXRhIjp7ImNvZ25vbWUiOiJDYXRhbmlhIiwiZW1haWwiOiJzZXJnaW90dG9jYXRhbmlhQGdtYWlsLmNvbSIsImVtYWlsX3ZlcmlmaWVkIjp0cnVlLCJmaXJzdF9uYW1lIjoic2VyZ2lvIiwibGFzdF9uYW1lIjoiY2F0YW5pYSIsIm5vbWUiOiJTZXJnaW8iLCJwaG9uZV92ZXJpZmllZCI6ZmFsc2UsInN1YiI6IjgzMTNlZDMzLTMzMzAtNGZkYi1hYWFkLWE0NDQwYmJkMGEyMiIsInRlbGVmb25vIjoiMzcwMTM4NDkzMiIsIndpc2hsaXN0IjpbIjZkMmM4YWQ3LTQzMDgtNGVlNi04MjIzLWUwNWNhNTcwZGM3MCJdfSwicm9sZSI6ImF1dGhlbnRpY2F0ZWQiLCJhYWwiOiJhYWwxIiwiYW1yIjpbeyJtZXRob2QiOiJwYXNzd29yZCIsInRpbWVzdGFtcCI6MTc4NjE4ODc0Nn1dLCJzZXNzaW9uX2lkIjoiYjRjNzdlNGMtMGY1MC00Njc4LWEwMDEtOWM2NzdjZWRlMDRjIiwiaXNfYW5vbnltb3VzIjpmYWxzZX0.9xAeQvXkCqWh0YYXNUh9IP56jTlS3UT0NfXVo92OJsVV3nHNp5CBDUMvevkFTXhMvsPCyNOPMNcnZF8u5mU56A",
  "registered_name": "Sergio Catania",
  "coupon_code": null,
  "coupon_discount": null,
  "coupon_type": null,
  "coupon_value": null
}
[2026-08-21T11:01:06.945Z] [LOG] =========================================
[2026-08-21T11:01:07.440Z] [LOG] 2. Products in Cart:
[2026-08-21T11:01:07.441Z] [LOG] --- Cart Item #1 ---
[2026-08-21T11:01:07.441Z] [LOG] Item object: {
  "squadra": "Retro 1998/99 Roma Casa",
  "infoPerso": "Nessuna",
  "taglia": "M",
  "prezzo": 21.99,
  "imgUrl": "https://jerseys-catalog.com/upload/20260811/9b9328d6067bc9a7cd56f9e0af6774f7.png",
  "id": "86c7daf3-3fce-4b73-b96c-6ff4f7ef34df",
  "legacy_id": "1",
  "quantita": 1
}
[2026-08-21T11:01:07.447Z] [LOG] 3. Prezzo (prezzo): 21.99 (Parsed as: 21.99)
[2026-08-21T11:01:07.448Z] [LOG]    Quantita (quantita): 1 (Parsed as: 1)
[2026-08-21T11:01:07.448Z] [LOG] 
================ MATCHING REPORT ================
[2026-08-21T11:01:07.448Z] [LOG] Prodotto nel carrello: "Retro 1998/99 Roma Casa" (id: 86c7daf3-3fce-4b73-b96c-6ff4f7ef34df, legacy_id: 1)
‚Üì
Prodotto trovato su Supabase: "Retro 1998/99 Roma Casa" (id: 86c7daf3-3fce-4b73-b96c-6ff4f7ef34df, legacy_id: 1) tramite ID (86c7daf3-3fce-4b73-b96c-6ff4f7ef34df)
‚Üì
Prezzo fornitore recuperato: $9.99
[2026-08-21T11:01:07.448Z] [LOG] =================================================

[2026-08-21T11:01:07.449Z] [LOG] --- Cart Item #2 ---
[2026-08-21T11:01:07.449Z] [LOG] Item object: {
  "squadra": "Spese di spedizione",
  "infoPerso": "Spedizione standard",
  "taglia": "-",
  "prezzo": 2,
  "quantita": 1,
  "imgUrl": ""
}
[2026-08-21T11:01:07.449Z] [LOG] 3. Prezzo (prezzo): 2 (Parsed as: 2)
[2026-08-21T11:01:07.449Z] [LOG]    Quantita (quantita): 1 (Parsed as: 0)
[2026-08-21T11:01:07.451Z] [LOG] 
================ MATCHING REPORT ================
[2026-08-21T11:01:07.451Z] [LOG] Prodotto nel carrello: "Spese di spedizione" (id: N/A, legacy_id: N/A)
‚Üì
Prodotto trovato su Supabase: Nessuna corrispondenza trovata.
‚Üì
Prezzo fornitore recuperato: $0.00
‚Üì
Motivo dell'eventuale mancata corrispondenza: Il frontend non ha inviato id o legacy_id per questo prodotto. Nessun prodotto nel database corrisponde al nome/versione "Spese di spedizione".
[2026-08-21T11:01:07.451Z] [LOG] =================================================

[2026-08-21T11:01:07.497Z] [LOG] === OVERALL CALCULATIONS & VALUES ===
[2026-08-21T11:01:07.497Z] [LOG] - totale_pagato_cliente: 23.99
[2026-08-21T11:01:07.498Z] [LOG] - costo_prodotti_usd: 9.99
[2026-08-21T11:01:07.498Z] [LOG] - order_shipping_usd (spedizione): 4
[2026-08-21T11:01:07.498Z] [LOG] - costo_totale_usd: 13.99
[2026-08-21T11:01:07.500Z] [LOG] - exchangeRate: 0.856037
[2026-08-21T11:01:07.500Z] [LOG] - costo_totale_eur: 11.975957630000002
[2026-08-21T11:01:07.500Z] [LOG] - profitto_eur (5. Profitto calcolato): 12.014042369999997
[2026-08-21T11:01:07.524Z] [LOG] üì§ Registrazione dell'ordine nel database Supabase (atomica)...
[2026-08-21T11:01:07.525Z] [LOG] 
================ ORDER DATA DA SALVARE ================
[2026-08-21T11:01:07.525Z] [LOG] {
  "data": "21/08/2026, 11:01:07",
  "nome": "Sergio Catania",
  "telefono": "393701384932",
  "squadra": "1x Retro 1998/99 Roma Casa / 1x Spese di spedizione",
  "personalizzazione": "1x [Nessuna] | 1x [Spedizione standard]",
  "taglia": "1x [M] / 1x [-]",
  "totale": "23,99‚Ç¨",
  "foto": "=IMAGE(\"https://jerseys-catalog.com/upload/20260811/9b9328d6067bc9a7cd56f9e0af6774f7.png\")",
  "prezzo_fornitore": "1x $9.99 / 1x -",
  "costo_prodotti_usd": "9,99",
  "costo_spedizione_usd": "4,00",
  "costo_totale_usd": "13,99",
  "cambio_usd_eur": "0,8560",
  "costo_totale_eur": "11,98",
  "profitto_eur": "12,01",
  "is_archived": false,
  "lotto_id": null,
  "carrello": [
    {
      "squadra": "Retro 1998/99 Roma Casa",
      "infoPerso": "Nessuna",
      "taglia": "M",
      "prezzo": 21.99,
      "imgUrl": "https://jerseys-catalog.com/upload/20260811/9b9328d6067bc9a7cd56f9e0af6774f7.png",
      "id": "86c7daf3-3fce-4b73-b96c-6ff4f7ef34df",
      "legacy_id": "1",
      "quantita": 1
    },
    {
      "squadra": "Spese di spedizione",
      "infoPerso": "Spedizione standard",
      "taglia": "-",
      "prezzo": 2,
      "quantita": 1,
      "imgUrl": ""
    }
  ],
  "coupon_code": null,
  "coupon_discount": 0,
  "coupon_type": null,
  "coupon_value": 0
}
[2026-08-21T11:01:07.525Z] [LOG] =======================================================

[2026-08-21T11:01:07.588Z] [LOG] 
================ RIGA SALVATA SU SUPABASE ================
[2026-08-21T11:01:07.589Z] [LOG] [
  {
    "id": 161,
    "data": "21/08/2026, 11:01:07",
    "nome": "Sergio Catania",
    "telefono": "393701384932",
    "squadra": "1x Retro 1998/99 Roma Casa / 1x Spese di spedizione",
    "personalizzazione": "1x [Nessuna] | 1x [Spedizione standard]",
    "taglia": "1x [M] / 1x [-]",
    "totale": "23,99‚Ç¨",
    "foto": "=IMAGE(\"https://jerseys-catalog.com/upload/20260811/9b9328d6067bc9a7cd56f9e0af6774f7.png\")",
    "prezzo_fornitore": "1x $9.99 / 1x -",
    "costo_prodotti_usd": "9,99",
    "costo_spedizione_usd": "4,00",
    "costo_totale_usd": "13,99",
    "cambio_usd_eur": "0,8560",
    "costo_totale_eur": "11,98",
    "profitto_eur": "12,01",
    "is_archived": false,
    "lotto_id": null,
    "carrello": [
      {
        "id": "86c7daf3-3fce-4b73-b96c-6ff4f7ef34df",
        "imgUrl": "https://jerseys-catalog.com/upload/20260811/9b9328d6067bc9a7cd56f9e0af6774f7.png",
        "prezzo": 21.99,
        "taglia": "M",
        "squadra": "Retro 1998/99 Roma Casa",
        "quantita": 1,
        "infoPerso": "Nessuna",
        "legacy_id": "1"
      },
      {
        "imgUrl": "",
        "prezzo": 2,
        "taglia": "-",
        "squadra": "Spese di spedizione",
        "quantita": 1,
        "infoPerso": "Spedizione standard"
      }
    ],
    "created_at": "2026-08-21T11:01:07.554726+00:00",
    "coupon_id": null,
    "coupon_code": null,
    "coupon_name": null,
    "coupon_type": null,
    "coupon_value": 0,
    "coupon_discount": 0,
    "free_shipping_discount": 0,
    "final_total_after_coupon": null
  }
]
[2026-08-21T11:01:07.589Z] [LOG] ==========================================================

[2026-08-21T11:01:07.589Z] [LOG] ‚úÖ Order inserted successfully in Supabase 'orders' table.
[2026-08-21T11:01:07.589Z] [LOG] üì§ Ricalcolo automatico del lotto corrente (atomico)...
[2026-08-21T11:01:07.678Z] [LOG] =================================
[2026-08-21T11:01:07.678Z] [LOG] DEBUG AREA CLIENTE
[2026-08-21T11:01:07.682Z] [LOG] insertedAdminOrder: {
  "id": 161,
  "data": "21/08/2026, 11:01:07",
  "nome": "Sergio Catania",
  "telefono": "393701384932",
  "squadra": "1x Retro 1998/99 Roma Casa / 1x Spese di spedizione",
  "personalizzazione": "1x [Nessuna] | 1x [Spedizione standard]",
  "taglia": "1x [M] / 1x [-]",
  "totale": "23,99‚Ç¨",
  "foto": "=IMAGE(\"https://jerseys-catalog.com/upload/20260811/9b9328d6067bc9a7cd56f9e0af6774f7.png\")",
  "prezzo_fornitore": "1x $9.99 / 1x -",
  "costo_prodotti_usd": "9,99",
  "costo_spedizione_usd": "4,00",
  "costo_totale_usd": "13,99",
  "cambio_usd_eur": "0,8560",
  "costo_totale_eur": "11,98",
  "profitto_eur": "12,01",
  "is_archived": false,
  "lotto_id": null,
  "carrello": [
    {
      "id": "86c7daf3-3fce-4b73-b96c-6ff4f7ef34df",
      "imgUrl": "https://jerseys-catalog.com/upload/20260811/9b9328d6067bc9a7cd56f9e0af6774f7.png",
      "prezzo": 21.99,
      "taglia": "M",
      "squadra": "Retro 1998/99 Roma Casa",
      "quantita": 1,
      "infoPerso": "Nessuna",
      "legacy_id": "1"
    },
    {
      "imgUrl": "",
      "prezzo": 2,
      "taglia": "-",
      "squadra": "Spese di spedizione",
      "quantita": 1,
      "infoPerso": "Spedizione standard"
    }
  ],
  "created_at": "2026-08-21T11:01:07.554726+00:00",
  "coupon_id": null,
  "coupon_code": null,
  "coupon_name": null,
  "coupon_type": null,
  "coupon_value": 0,
  "coupon_discount": 0,
  "free_shipping_discount": 0,
  "final_total_after_coupon": null
}
[2026-08-21T11:01:07.682Z] [LOG] user_id: 8313ed33-3330-4fdb-aaad-a4440bbd0a22
[2026-08-21T11:01:07.682Z] [LOG] access_token: PRESENTE
[2026-08-21T11:01:07.682Z] [LOG] =================================
[2026-08-21T11:01:07.683Z] [LOG] üë§ Utente autenticato rilevato (8313ed33-3330-4fdb-aaad-a4440bbd0a22). Associazione dell'ordine all'Area Cliente...
[2026-08-21T11:01:07.690Z] [LOG] üì§ Inserimento in customer_orders: {
  "user_id": "8313ed33-3330-4fdb-aaad-a4440bbd0a22",
  "order_number": "ORD-161",
  "admin_order_id": 161,
  "subtotal": 21.99,
  "shipping": 2,
  "total": 23.99,
  "payment_status": "pending",
  "status": "Ordine Ricevuto",
  "created_at": "2026-08-21T11:01:07.688Z",
  "updated_at": "2026-08-21T11:01:07.688Z",
  "coupon_code": null,
  "coupon_discount": 0,
  "coupon_type": null,
  "coupon_value": 0
}
[2026-08-21T11:01:07.732Z] [WARN] ‚ö†Ô∏è Colonna coupon_type non trovata su customer_orders (tabella non aggiornata). Riprovo l'inserimento senza coupon_type e coupon_value...
[2026-08-21T11:01:07.778Z] [LOG] ‚úÖ Inserito in customer_orders con ID: 3292bd8e-83a1-4f07-90eb-15aab3aca342
[2026-08-21T11:01:07.780Z] [LOG] üì§ Inserimento in customer_order_items: [
  {
    "order_id": "3292bd8e-83a1-4f07-90eb-15aab3aca342",
    "product_id": 1,
    "nome": "Retro 1998/99 Roma Casa",
    "categoria": "Retro",
    "stagione": "1998/1999",
    "taglia": "M",
    "personalizzazione": "Nessuna",
    "prezzo": 21.99,
    "quantita": 1
  }
]
[2026-08-21T11:01:07.828Z] [LOG] ‚úÖ Inseriti tutti i prodotti dell'ordine in customer_order_items!
[2026-08-21T11:01:07.828Z] [LOG] === DEBUG SERVER SUCCESS ===
[2026-08-21T11:01:10.784Z] [LOG] >>> ENTRATA GET /api/settings
[2026-08-21T11:01:10.784Z] [LOG] [DEBUG] Caricamento configurazione catalogo da Supabase (tabella 'catalog_settings')...
[2026-08-21T11:01:10.822Z] [LOG] [DEBUG] Syncing price rules from Supabase table 'price_rules'...
[2026-08-21T11:01:16.106Z] [LOG] [BACKEND] Avvio procedura 'Chiudi Lotto' con snapshot e archiviazione automatica.
[2026-08-21T11:01:16.218Z] [LOG] [BACKEND Chiudi Lotto] Trovati 1 ordini attivi associati al Lotto #1.
[2026-08-21T11:01:16.226Z] [ERROR] ‚ö†Ô∏è Errore nella generazione dell'Excel del fornitore: End of data reached (data length = 167396, asked index = 193437). Corrupted zip ?
[2026-08-21T11:01:16.268Z] [LOG] ‚úÖ Lotto #1 salvato con successo nel database Supabase 'lotti'.
[2026-08-21T11:01:16.268Z] [LOG] [BACKEND Chiudi Lotto] Snapshot archiviato con successo per Lotto #1
[2026-08-21T11:01:16.332Z] [LOG] ‚úÖ 1 ordini contrassegnati come archiviati su Supabase.
[2026-08-21T11:01:16.406Z] [LOG] [BACKEND Chiudi Lotto] Reset lotto.json eseguito.
[2026-08-21T11:04:29.737Z] [LOG] ‚úÖ File .env caricato correttamente in server.js
[2026-08-22T14:00:44.100Z] [LOG] ‚úÖ File .env caricato correttamente in server.js
[2026-08-22T14:00:44.124Z] [LOG] üöÄ Server running on http://0.0.0.0:3000
[2026-08-22T14:00:44.124Z] [LOG] === INIZIO PULIZIA AUTOMATICA ARCHIVIO LOTTI ===
[2026-08-22T14:00:44.125Z] [LOG] [BACKEND CLEANUP] Pulizia lotti completata. Rimasti 2 lotti reali.
[2026-08-22T14:00:44.125Z] [LOG] === FINE PULIZIA AUTOMATICA ARCHIVIO LOTTI ===
[2026-08-22T14:00:47.128Z] [LOG] === CARICAMENTO IMPOSTAZIONI DA SUPABASE ALL'AVVIO ===
[2026-08-22T14:00:47.189Z] [LOG] [DEBUG] Caricamento configurazione catalogo da Supabase (tabella 'catalog_settings')...
[2026-08-22T14:00:47.357Z] [LOG] [DEBUG] Syncing price rules from Supabase table 'price_rules'...
[2026-08-22T14:00:47.555Z] [LOG] === INIZIO STANDARDIZZAZIONE DATABASE SUPABASE ===
[2026-08-22T14:00:48.300Z] [LOG] === COMPLETATO STANDARDIZZAZIONE DATABASE SUPABASE ===
[2026-08-22T14:08:22.619Z] [LOG] ‚úÖ File .env caricato correttamente in server.js
[2026-08-22T14:08:22.640Z] [LOG] üöÄ Server running on http://0.0.0.0:3000
[2026-08-22T14:08:22.640Z] [LOG] === INIZIO PULIZIA AUTOMATICA ARCHIVIO LOTTI ===
[2026-08-22T14:08:22.641Z] [LOG] [BACKEND CLEANUP] Pulizia lotti completata. Rimasti 2 lotti reali.
[2026-08-22T14:08:22.641Z] [LOG] === FINE PULIZIA AUTOMATICA ARCHIVIO LOTTI ===
[2026-08-22T14:08:25.641Z] [LOG] === CARICAMENTO IMPOSTAZIONI DA SUPABASE ALL'AVVIO ===
[2026-08-22T14:08:25.695Z] [LOG] [DEBUG] Caricamento configurazione catalogo da Supabase (tabella 'catalog_settings')...
[2026-08-22T14:08:26.242Z] [LOG] [DEBUG] Syncing price rules from Supabase table 'price_rules'...
[2026-08-22T14:08:27.270Z] [LOG] ‚úÖ File .env caricato correttamente in server.js
[2026-08-22T14:08:27.293Z] [LOG] üöÄ Server running on http://0.0.0.0:3000
[2026-08-22T14:08:27.293Z] [LOG] === INIZIO PULIZIA AUTOMATICA ARCHIVIO LOTTI ===
[2026-08-22T14:08:27.294Z] [LOG] [BACKEND CLEANUP] Pulizia lotti completata. Rimasti 2 lotti reali.
[2026-08-22T14:08:27.294Z] [LOG] === FINE PULIZIA AUTOMATICA ARCHIVIO LOTTI ===
[2026-08-22T14:08:30.296Z] [LOG] === CARICAMENTO IMPOSTAZIONI DA SUPABASE ALL'AVVIO ===
[2026-08-22T14:08:30.353Z] [LOG] [DEBUG] Caricamento configurazione catalogo da Supabase (tabella 'catalog_settings')...
[2026-08-22T14:08:30.562Z] [LOG] [DEBUG] Syncing price rules from Supabase table 'price_rules'...
[2026-08-22T14:08:30.698Z] [LOG] === INIZIO STANDARDIZZAZIONE DATABASE SUPABASE ===
[2026-08-22T14:08:31.495Z] [LOG] === COMPLETATO STANDARDIZZAZIONE DATABASE SUPABASE ===
[2026-08-22T14:11:36.683Z] [LOG] [API /api/products] Successfully loaded 4618 products from Supabase via helper in 1275ms
[2026-08-22T14:15:51.605Z] [LOG] [API /api/products] Successfully loaded 4618 products from Supabase via helper in 671ms
[2026-08-22T14:15:57.087Z] [LOG] ‚úÖ File .env caricato correttamente in server.js
[2026-08-22T14:15:57.109Z] [LOG] üöÄ Server running on http://0.0.0.0:3000
[2026-08-22T14:15:57.109Z] [LOG] === INIZIO PULIZIA AUTOMATICA ARCHIVIO LOTTI ===
[2026-08-22T14:15:57.110Z] [LOG] [BACKEND CLEANUP] Pulizia lotti completata. Rimasti 2 lotti reali.
[2026-08-22T14:15:57.110Z] [LOG] === FINE PULIZIA AUTOMATICA ARCHIVIO LOTTI ===
[2026-08-22T14:16:00.111Z] [LOG] === CARICAMENTO IMPOSTAZIONI DA SUPABASE ALL'AVVIO ===
[2026-08-22T14:16:00.166Z] [LOG] [DEBUG] Caricamento configurazione catalogo da Supabase (tabella 'catalog_settings')...
[2026-08-22T14:16:00.313Z] [LOG] [DEBUG] Syncing price rules from Supabase table 'price_rules'...
[2026-08-22T14:16:00.467Z] [LOG] === INIZIO STANDARDIZZAZIONE DATABASE SUPABASE ===
[2026-08-22T14:16:01.060Z] [LOG] === COMPLETATO STANDARDIZZAZIONE DATABASE SUPABASE ===
[2026-08-22T14:19:31.746Z] [LOG] >>> ENTRATA GET /api/settings
[2026-08-22T14:19:31.746Z] [LOG] [DEBUG] Caricamento configurazione catalogo da Supabase (tabella 'catalog_settings')...
[2026-08-22T14:19:31.853Z] [LOG] [DEBUG] Syncing price rules from Supabase table 'price_rules'...
[2026-08-22T14:19:32.384Z] [LOG] [API /api/products] Successfully loaded 4618 products from Supabase via helper in 633ms
[2026-08-22T14:19:43.433Z] [LOG] >>> ENTRATA GET /api/settings
[2026-08-22T14:19:43.434Z] [LOG] [DEBUG] Caricamento configurazione catalogo da Supabase (tabella 'catalog_settings')...
[2026-08-22T14:19:43.468Z] [LOG] [DEBUG] Syncing price rules from Supabase table 'price_rules'...
[2026-08-22T14:19:50.029Z] [LOG] [USD EUR CONVERSION DEBUG]
originalUSD: 11.3
conversionRate: 0.856
convertedEUR: 9.67
sourceFunction: recalculateCurrentLottoInternal
[2026-08-22T14:19:50.072Z] [LOG] [USD EUR CONVERSION DEBUG]
originalUSD: 68.79
conversionRate: 0.856
convertedEUR: 58.88
sourceFunction: recalculateCurrentLottoInternal
[2026-08-22T14:19:50.109Z] [LOG] [USD EUR CONVERSION DEBUG]
originalUSD: 13
conversionRate: 0.856
convertedEUR: 11.13
sourceFunction: recalculateCurrentLottoInternal
[2026-08-22T14:19:50.142Z] [LOG] [USD EUR CONVERSION DEBUG]
originalUSD: 17
conversionRate: 0.856
convertedEUR: 14.55
sourceFunction: recalculateCurrentLottoInternal
[2026-08-22T14:19:50.184Z] [LOG] [USD EUR CONVERSION DEBUG]
originalUSD: 11
conversionRate: 0.856
convertedEUR: 9.42
sourceFunction: recalculateCurrentLottoInternal
[2026-08-22T14:19:50.223Z] [LOG] [USD EUR CONVERSION DEBUG]
originalUSD: 12
conversionRate: 0.856
convertedEUR: 10.27
sourceFunction: recalculateCurrentLottoInternal
[2026-08-22T14:19:50.256Z] [LOG] [USD EUR CONVERSION DEBUG]
originalUSD: 13
conversionRate: 0.856
convertedEUR: 11.13
sourceFunction: recalculateCurrentLottoInternal
[2026-08-22T14:19:50.289Z] [LOG] [USD EUR CONVERSION DEBUG]
originalUSD: 11
conversionRate: 0.856
convertedEUR: 9.42
sourceFunction: recalculateCurrentLottoInternal
[2026-08-22T14:19:50.322Z] [LOG] [USD EUR CONVERSION DEBUG]
originalUSD: 36.3
conversionRate: 0.856
convertedEUR: 31.07
sourceFunction: recalculateCurrentLottoInternal
[2026-08-22T14:19:50.355Z] [LOG] [USD EUR CONVERSION DEBUG]
originalUSD: 17
conversionRate: 0.856
convertedEUR: 14.55
sourceFunction: recalculateCurrentLottoInternal
[2026-08-22T14:19:50.399Z] [LOG] [USD EUR CONVERSION DEBUG]
originalUSD: 22
conversionRate: 0.856
convertedEUR: 18.83
sourceFunction: recalculateCurrentLottoInternal
[2026-08-22T14:19:50.431Z] [LOG] [USD EUR CONVERSION DEBUG]
originalUSD: 14
conversionRate: 0.856
convertedEUR: 11.98
sourceFunction: recalculateCurrentLottoInternal
[2026-08-22T14:19:50.465Z] [LOG] [USD EUR CONVERSION DEBUG]
originalUSD: 28.99
conversionRate: 0.856
convertedEUR: 24.82
sourceFunction: recalculateCurrentLottoInternal
[2026-08-22T14:19:51.903Z] [LOG] [USD EUR CONVERSION DEBUG]
originalUSD: 11.3
conversionRate: 0.856
convertedEUR: 9.67
sourceFunction: getOrderItemsDetailedSupplierCosts
[2026-08-22T14:19:51.904Z] [LOG] [USD EUR CONVERSION DEBUG]
originalUSD: 11.3
conversionRate: 0.856
convertedEUR: 9.67
sourceFunction: /api/profit-splits
[2026-08-22T14:19:51.910Z] [LOG] [USD EUR CONVERSION DEBUG]
originalUSD: 17
conversionRate: 0.856
convertedEUR: 14.55
sourceFunction: getOrderItemsDetailedSupplierCosts
[2026-08-22T14:19:51.910Z] [LOG] [USD EUR CONVERSION DEBUG]
originalUSD: 15.99
conversionRate: 0.856
convertedEUR: 13.69
sourceFunction: getOrderItemsDetailedSupplierCosts
[2026-08-22T14:19:51.910Z] [LOG] [USD EUR CONVERSION DEBUG]
originalUSD: 11
conversionRate: 0.856
convertedEUR: 9.42
sourceFunction: getOrderItemsDetailedSupplierCosts
[2026-08-22T14:19:51.910Z] [LOG] [USD EUR CONVERSION DEBUG]
originalUSD: 11
conversionRate: 0.856
convertedEUR: 9.42
sourceFunction: getOrderItemsDetailedSupplierCosts
[2026-08-22T14:19:51.910Z] [LOG] [USD EUR CONVERSION DEBUG]
originalUSD: 13.8
conversionRate: 0.856
convertedEUR: 11.81
sourceFunction: getOrderItemsDetailedSupplierCosts
[2026-08-22T14:19:51.910Z] [LOG] [USD EUR CONVERSION DEBUG]
originalUSD: 68.79
conversionRate: 0.856
convertedEUR: 58.88
sourceFunction: /api/profit-splits
[2026-08-22T14:19:51.915Z] [LOG] [USD EUR CONVERSION DEBUG]
originalUSD: 13
conversionRate: 0.856
convertedEUR: 11.13
sourceFunction: getOrderItemsDetailedSupplierCosts
[2026-08-22T14:19:51.916Z] [LOG] [USD EUR CONVERSION DEBUG]
originalUSD: 13
conversionRate: 0.856
convertedEUR: 11.13
sourceFunction: /api/profit-splits
[2026-08-22T14:19:51.924Z] [LOG] [USD EUR CONVERSION DEBUG]
originalUSD: 17
conversionRate: 0.856
convertedEUR: 14.55
sourceFunction: getOrderItemsDetailedSupplierCosts
[2026-08-22T14:19:51.925Z] [LOG] [USD EUR CONVERSION DEBUG]
originalUSD: 17
conversionRate: 0.856
convertedEUR: 14.55
sourceFunction: /api/profit-splits
[2026-08-22T14:19:51.932Z] [LOG] [USD EUR CONVERSION DEBUG]
originalUSD: 11
conversionRate: 0.856
convertedEUR: 9.42
sourceFunction: getOrderItemsDetailedSupplierCosts
[2026-08-22T14:19:51.932Z] [LOG] [USD EUR CONVERSION DEBUG]
originalUSD: 11
conversionRate: 0.856
convertedEUR: 9.42
sourceFunction: /api/profit-splits
[2026-08-22T14:19:51.938Z] [LOG] [USD EUR CONVERSION DEBUG]
originalUSD: 12
conversionRate: 0.856
convertedEUR: 10.27
sourceFunction: getOrderItemsDetailedSupplierCosts
[2026-08-22T14:19:51.938Z] [LOG] [USD EUR CONVERSION DEBUG]
originalUSD: 12
conversionRate: 0.856
convertedEUR: 10.27
sourceFunction: /api/profit-splits
[2026-08-22T14:19:51.946Z] [LOG] [USD EUR CONVERSION DEBUG]
originalUSD: 13
conversionRate: 0.856
convertedEUR: 11.13
sourceFunction: getOrderItemsDetailedSupplierCosts
[2026-08-22T14:19:51.946Z] [LOG] [USD EUR CONVERSION DEBUG]
originalUSD: 13
conversionRate: 0.856
convertedEUR: 11.13
sourceFunction: /api/profit-splits
[2026-08-22T14:19:51.950Z] [LOG] [USD EUR CONVERSION DEBUG]
originalUSD: 11
conversionRate: 0.856
convertedEUR: 9.42
sourceFunction: getOrderItemsDetailedSupplierCosts
[2026-08-22T14:19:51.951Z] [LOG] [USD EUR CONVERSION DEBUG]
originalUSD: 11
conversionRate: 0.856
convertedEUR: 9.42
sourceFunction: /api/profit-splits
[2026-08-22T14:19:51.955Z] [LOG] [USD EUR CONVERSION DEBUG]
originalUSD: 11.3
conversionRate: 0.856
convertedEUR: 9.67
sourceFunction: getOrderItemsDetailedSupplierCosts
[2026-08-22T14:19:51.955Z] [LOG] [USD EUR CONVERSION DEBUG]
originalUSD: 13
conversionRate: 0.856
convertedEUR: 11.13
sourceFunction: getOrderItemsDetailedSupplierCosts
[2026-08-22T14:19:51.955Z] [LOG] [USD EUR CONVERSION DEBUG]
originalUSD: 12
conversionRate: 0.856
convertedEUR: 10.27
sourceFunction: getOrderItemsDetailedSupplierCosts
[2026-08-22T14:19:51.956Z] [LOG] [USD EUR CONVERSION DEBUG]
originalUSD: 36.3
conversionRate: 0.856
convertedEUR: 31.07
sourceFunction: /api/profit-splits
[2026-08-22T14:19:51.961Z] [LOG] [USD EUR CONVERSION DEBUG]
originalUSD: 17
conversionRate: 0.856
convertedEUR: 14.55
sourceFunction: getOrderItemsDetailedSupplierCosts
[2026-08-22T14:19:51.961Z] [LOG] [USD EUR CONVERSION DEBUG]
originalUSD: 17
conversionRate: 0.856
convertedEUR: 14.55
sourceFunction: /api/profit-splits
[2026-08-22T14:19:51.966Z] [LOG] [USD EUR CONVERSION DEBUG]
originalUSD: 11
conversionRate: 0.856
convertedEUR: 9.42
sourceFunction: getOrderItemsDetailedSupplierCosts
[2026-08-22T14:19:51.966Z] [LOG] [USD EUR CONVERSION DEBUG]
originalUSD: 11
conversionRate: 0.856
convertedEUR: 9.42
sourceFunction: getOrderItemsDetailedSupplierCosts
[2026-08-22T14:19:51.966Z] [LOG] [USD EUR CONVERSION DEBUG]
originalUSD: 22
conversionRate: 0.856
convertedEUR: 18.83
sourceFunction: /api/profit-splits
[2026-08-22T14:19:51.971Z] [LOG] [USD EUR CONVERSION DEBUG]
originalUSD: 14
conversionRate: 0.856
convertedEUR: 11.98
sourceFunction: getOrderItemsDetailedSupplierCosts
[2026-08-22T14:19:51.971Z] [LOG] [USD EUR CONVERSION DEBUG]
originalUSD: 14
conversionRate: 0.856
convertedEUR: 11.98
sourceFunction: /api/profit-splits
[2026-08-22T14:19:51.978Z] [LOG] [USD EUR CONVERSION DEBUG]
originalUSD: 14
conversionRate: 0.856
convertedEUR: 11.98
sourceFunction: getOrderItemsDetailedSupplierCosts
[2026-08-22T14:19:51.979Z] [LOG] [USD EUR CONVERSION DEBUG]
originalUSD: 14.99
conversionRate: 0.856
convertedEUR: 12.83
sourceFunction: getOrderItemsDetailedSupplierCosts
[2026-08-22T14:19:51.979Z] [LOG] [USD EUR CONVERSION DEBUG]
originalUSD: 28.990000000000002
conversionRate: 0.856
convertedEUR: 24.82
sourceFunction: /api/profit-splits
[2026-08-22T14:25:19.875Z] [LOG] ‚úÖ File .env caricato correttamente in server.js
[2026-08-22T14:25:19.897Z] [LOG] üöÄ Server running on http://0.0.0.0:3000
[2026-08-22T14:25:19.897Z] [LOG] === INIZIO PULIZIA AUTOMATICA ARCHIVIO LOTTI ===
[2026-08-22T14:25:19.898Z] [LOG] [BACKEND CLEANUP] Pulizia lotti completata. Rimasti 2 lotti reali.
[2026-08-22T14:25:19.898Z] [LOG] === FINE PULIZIA AUTOMATICA ARCHIVIO LOTTI ===
[2026-08-22T14:25:22.900Z] [LOG] === CARICAMENTO IMPOSTAZIONI DA SUPABASE ALL'AVVIO ===
[2026-08-22T14:25:22.901Z] [LOG] [DEBUG] Caricamento configurazione catalogo da Supabase (tabella 'catalog_settings')...
[2026-08-22T14:25:22.947Z] [LOG] [DEBUG] Syncing price rules from Supabase table 'price_rules'...
[2026-08-22T14:25:23.034Z] [LOG] === INIZIO STANDARDIZZAZIONE DATABASE SUPABASE ===
[2026-08-22T14:25:23.760Z] [LOG] === COMPLETATO STANDARDIZZAZIONE DATABASE SUPABASE ===
[2026-08-22T14:25:26.567Z] [LOG] >>> ENTRATA GET /api/settings
[2026-08-22T14:25:26.568Z] [LOG] [DEBUG] Caricamento configurazione catalogo da Supabase (tabella 'catalog_settings')...
[2026-08-22T14:25:26.602Z] [LOG] [DEBUG] Syncing price rules from Supabase table 'price_rules'...
[2026-08-22T14:25:27.108Z] [LOG] [API /api/products] Successfully loaded 4618 products from Supabase via helper in 538ms
[2026-08-22T14:25:34.894Z] [LOG] >>> ENTRATA GET /api/settings
[2026-08-22T14:25:34.895Z] [LOG] [DEBUG] Caricamento configurazione catalogo da Supabase (tabella 'catalog_settings')...
[2026-08-22T14:25:34.947Z] [LOG] [DEBUG] Syncing price rules from Supabase table 'price_rules'...
[2026-08-22T14:25:36.525Z] [LOG] [USD EUR CONVERSION DEBUG]
originalUSD: 11.3
conversionRate: 0.856
convertedEUR: 9.67
sourceFunction: recalculateCurrentLottoInternal
[2026-08-22T14:25:36.562Z] [LOG] [USD EUR CONVERSION DEBUG]
originalUSD: 68.79
conversionRate: 0.856
convertedEUR: 58.88
sourceFunction: recalculateCurrentLottoInternal
[2026-08-22T14:25:36.596Z] [LOG] [USD EUR CONVERSION DEBUG]
originalUSD: 13
conversionRate: 0.856
convertedEUR: 11.13
sourceFunction: recalculateCurrentLottoInternal
[2026-08-22T14:25:36.630Z] [LOG] [USD EUR CONVERSION DEBUG]
originalUSD: 17
conversionRate: 0.856
convertedEUR: 14.55
sourceFunction: recalculateCurrentLottoInternal
[2026-08-22T14:25:36.662Z] [LOG] [USD EUR CONVERSION DEBUG]
originalUSD: 11
conversionRate: 0.856
convertedEUR: 9.42
sourceFunction: recalculateCurrentLottoInternal
[2026-08-22T14:25:36.696Z] [LOG] [USD EUR CONVERSION DEBUG]
originalUSD: 12
conversionRate: 0.856
convertedEUR: 10.27
sourceFunction: recalculateCurrentLottoInternal
[2026-08-22T14:25:36.729Z] [LOG] [USD EUR CONVERSION DEBUG]
originalUSD: 13
conversionRate: 0.856
convertedEUR: 11.13
sourceFunction: recalculateCurrentLottoInternal
[2026-08-22T14:25:36.761Z] [LOG] [USD EUR CONVERSION DEBUG]
originalUSD: 11
conversionRate: 0.856
convertedEUR: 9.42
sourceFunction: recalculateCurrentLottoInternal
[2026-08-22T14:25:36.793Z] [LOG] [USD EUR CONVERSION DEBUG]
originalUSD: 36.3
conversionRate: 0.856
convertedEUR: 31.07
sourceFunction: recalculateCurrentLottoInternal
[2026-08-22T14:25:36.824Z] [LOG] [USD EUR CONVERSION DEBUG]
originalUSD: 17
conversionRate: 0.856
convertedEUR: 14.55
sourceFunction: recalculateCurrentLottoInternal
[2026-08-22T14:25:36.856Z] [LOG] [USD EUR CONVERSION DEBUG]
originalUSD: 22
conversionRate: 0.856
convertedEUR: 18.83
sourceFunction: recalculateCurrentLottoInternal
[2026-08-22T14:25:36.888Z] [LOG] [USD EUR CONVERSION DEBUG]
originalUSD: 14
conversionRate: 0.856
convertedEUR: 11.98
sourceFunction: recalculateCurrentLottoInternal
[2026-08-22T14:25:36.920Z] [LOG] [USD EUR CONVERSION DEBUG]
originalUSD: 28.99
conversionRate: 0.856
convertedEUR: 24.82
sourceFunction: recalculateCurrentLottoInternal
[2026-08-22T14:25:37.666Z] [LOG] [USD EUR CONVERSION DEBUG]
originalUSD: 11.3
conversionRate: 0.856
convertedEUR: 9.67
sourceFunction: getOrderItemsDetailedSupplierCosts
[2026-08-22T14:25:37.667Z] [LOG] [USD EUR CONVERSION DEBUG]
originalUSD: 11.3
conversionRate: 0.856
convertedEUR: 9.67
sourceFunction: /api/profit-splits
[2026-08-22T14:25:37.676Z] [LOG] [USD EUR CONVERSION DEBUG]
originalUSD: 17
conversionRate: 0.856
convertedEUR: 14.55
sourceFunction: getOrderItemsDetailedSupplierCosts
[2026-08-22T14:25:37.676Z] [LOG] [USD EUR CONVERSION DEBUG]
originalUSD: 15.99
conversionRate: 0.856
convertedEUR: 13.69
sourceFunction: getOrderItemsDetailedSupplierCosts
[2026-08-22T14:25:37.676Z] [LOG] [USD EUR CONVERSION DEBUG]
originalUSD: 11
conversionRate: 0.856
convertedEUR: 9.42
sourceFunction: getOrderItemsDetailedSupplierCosts
[2026-08-22T14:25:37.677Z] [LOG] [USD EUR CONVERSION DEBUG]
originalUSD: 11
conversionRate: 0.856
convertedEUR: 9.42
sourceFunction: getOrderItemsDetailedSupplierCosts
[2026-08-22T14:25:37.677Z] [LOG] [USD EUR CONVERSION DEBUG]
originalUSD: 13.8
conversionRate: 0.856
convertedEUR: 11.81
sourceFunction: getOrderItemsDetailedSupplierCosts
[2026-08-22T14:25:37.677Z] [LOG] [USD EUR CONVERSION DEBUG]
originalUSD: 68.79
conversionRate: 0.856
convertedEUR: 58.88
sourceFunction: /api/profit-splits
[2026-08-22T14:25:37.682Z] [LOG] [USD EUR CONVERSION DEBUG]
originalUSD: 13
conversionRate: 0.856
convertedEUR: 11.13
sourceFunction: getOrderItemsDetailedSupplierCosts
[2026-08-22T14:25:37.682Z] [LOG] [USD EUR CONVERSION DEBUG]
originalUSD: 13
conversionRate: 0.856
convertedEUR: 11.13
sourceFunction: /api/profit-splits
[2026-08-22T14:25:37.688Z] [LOG] [USD EUR CONVERSION DEBUG]
originalUSD: 17
conversionRate: 0.856
convertedEUR: 14.55
sourceFunction: getOrderItemsDetailedSupplierCosts
[2026-08-22T14:25:37.689Z] [LOG] [USD EUR CONVERSION DEBUG]
originalUSD: 17
conversionRate: 0.856
convertedEUR: 14.55
sourceFunction: /api/profit-splits
[2026-08-22T14:25:37.695Z] [LOG] [USD EUR CONVERSION DEBUG]
originalUSD: 11
conversionRate: 0.856
convertedEUR: 9.42
sourceFunction: getOrderItemsDetailedSupplierCosts
[2026-08-22T14:25:37.695Z] [LOG] [USD EUR CONVERSION DEBUG]
originalUSD: 11
conversionRate: 0.856
convertedEUR: 9.42
sourceFunction: /api/profit-splits
[2026-08-22T14:25:37.705Z] [LOG] [USD EUR CONVERSION DEBUG]
originalUSD: 12
conversionRate: 0.856
convertedEUR: 10.27
sourceFunction: getOrderItemsDetailedSupplierCosts
[2026-08-22T14:25:37.705Z] [LOG] [USD EUR CONVERSION DEBUG]
originalUSD: 12
conversionRate: 0.856
convertedEUR: 10.27
sourceFunction: /api/profit-splits
[2026-08-22T14:25:37.710Z] [LOG] [USD EUR CONVERSION DEBUG]
originalUSD: 13
conversionRate: 0.856
convertedEUR: 11.13
sourceFunction: getOrderItemsDetailedSupplierCosts
[2026-08-22T14:25:37.710Z] [LOG] [USD EUR CONVERSION DEBUG]
originalUSD: 13
conversionRate: 0.856
convertedEUR: 11.13
sourceFunction: /api/profit-splits
[2026-08-22T14:25:37.714Z] [LOG] [USD EUR CONVERSION DEBUG]
originalUSD: 11
conversionRate: 0.856
convertedEUR: 9.42
sourceFunction: getOrderItemsDetailedSupplierCosts
[2026-08-22T14:25:37.714Z] [LOG] [USD EUR CONVERSION DEBUG]
originalUSD: 11
conversionRate: 0.856
convertedEUR: 9.42
sourceFunction: /api/profit-splits
[2026-08-22T14:25:37.718Z] [LOG] [USD EUR CONVERSION DEBUG]
originalUSD: 11.3
conversionRate: 0.856
convertedEUR: 9.67
sourceFunction: getOrderItemsDetailedSupplierCosts
[2026-08-22T14:25:37.719Z] [LOG] [USD EUR CONVERSION DEBUG]
originalUSD: 13
conversionRate: 0.856
convertedEUR: 11.13
sourceFunction: getOrderItemsDetailedSupplierCosts
[2026-08-22T14:25:37.719Z] [LOG] [USD EUR CONVERSION DEBUG]
originalUSD: 12
conversionRate: 0.856
convertedEUR: 10.27
sourceFunction: getOrderItemsDetailedSupplierCosts
[2026-08-22T14:25:37.719Z] [LOG] [USD EUR CONVERSION DEBUG]
originalUSD: 36.3
conversionRate: 0.856
convertedEUR: 31.07
sourceFunction: /api/profit-splits
[2026-08-22T14:25:37.725Z] [LOG] [USD EUR CONVERSION DEBUG]
originalUSD: 17
conversionRate: 0.856
convertedEUR: 14.55
sourceFunction: getOrderItemsDetailedSupplierCosts
[2026-08-22T14:25:37.725Z] [LOG] [USD EUR CONVERSION DEBUG]
originalUSD: 17
conversionRate: 0.856
convertedEUR: 14.55
sourceFunction: /api/profit-splits
[2026-08-22T14:25:37.730Z] [LOG] [USD EUR CONVERSION DEBUG]
originalUSD: 11
conversionRate: 0.856
convertedEUR: 9.42
sourceFunction: getOrderItemsDetailedSupplierCosts
[2026-08-22T14:25:37.730Z] [LOG] [USD EUR CONVERSION DEBUG]
originalUSD: 11
conversionRate: 0.856
convertedEUR: 9.42
sourceFunction: getOrderItemsDetailedSupplierCosts
[2026-08-22T14:25:37.730Z] [LOG] [USD EUR CONVERSION DEBUG]
originalUSD: 22
conversionRate: 0.856
convertedEUR: 18.83
sourceFunction: /api/profit-splits
[2026-08-22T14:25:37.735Z] [LOG] [USD EUR CONVERSION DEBUG]
originalUSD: 14
conversionRate: 0.856
convertedEUR: 11.98
sourceFunction: getOrderItemsDetailedSupplierCosts
[2026-08-22T14:25:37.735Z] [LOG] [USD EUR CONVERSION DEBUG]
originalUSD: 14
conversionRate: 0.856
convertedEUR: 11.98
sourceFunction: /api/profit-splits
[2026-08-22T14:25:37.739Z] [LOG] [USD EUR CONVERSION DEBUG]
originalUSD: 14
conversionRate: 0.856
convertedEUR: 11.98
sourceFunction: getOrderItemsDetailedSupplierCosts
[2026-08-22T14:25:37.740Z] [LOG] [USD EUR CONVERSION DEBUG]
originalUSD: 14.99
conversionRate: 0.856
convertedEUR: 12.83
sourceFunction: getOrderItemsDetailedSupplierCosts
[2026-08-22T14:25:37.740Z] [LOG] [USD EUR CONVERSION DEBUG]
originalUSD: 28.990000000000002
conversionRate: 0.856
convertedEUR: 24.82
sourceFunction: /api/profit-splits
[2026-08-22T14:25:51.960Z] [LOG] >>> ENTRATA GET /api/settings
[2026-08-22T14:25:51.961Z] [LOG] [DEBUG] Caricamento configurazione catalogo da Supabase (tabella 'catalog_settings')...
[2026-08-22T14:25:52.022Z] [LOG] [DEBUG] Syncing price rules from Supabase table 'price_rules'...
[2026-08-22T14:25:53.724Z] [LOG] >>> ENTRATA GET /api/settings
[2026-08-22T14:25:53.725Z] [LOG] [DEBUG] Caricamento configurazione catalogo da Supabase (tabella 'catalog_settings')...
[2026-08-22T14:25:53.759Z] [LOG] [DEBUG] Syncing price rules from Supabase table 'price_rules'...
[2026-08-22T14:25:59.006Z] [LOG] [COUPON DEBUG]
Operazione: SELECT
Tabella: public.coupons
[2026-08-22T14:25:59.050Z] [LOG] [COUPON DEBUG]
Operazione: SELECT
Tabella: public.coupons
Numero coupon restituiti: 3
Risultato: SUCCESS
[2026-08-22T14:26:01.130Z] [LOG] [USD EUR CONVERSION DEBUG]
originalUSD: 11.3
conversionRate: 0.856
convertedEUR: 9.67
sourceFunction: getOrderItemsDetailedSupplierCosts
[2026-08-22T14:26:01.130Z] [LOG] [USD EUR CONVERSION DEBUG]
originalUSD: 11.3
conversionRate: 0.856
convertedEUR: 9.67
sourceFunction: /api/profit-splits
[2026-08-22T14:26:01.139Z] [LOG] [USD EUR CONVERSION DEBUG]
originalUSD: 17
conversionRate: 0.856
convertedEUR: 14.55
sourceFunction: getOrderItemsDetailedSupplierCosts
[2026-08-22T14:26:01.139Z] [LOG] [USD EUR CONVERSION DEBUG]
originalUSD: 15.99
conversionRate: 0.856
convertedEUR: 13.69
sourceFunction: getOrderItemsDetailedSupplierCosts
[2026-08-22T14:26:01.139Z] [LOG] [USD EUR CONVERSION DEBUG]
originalUSD: 11
conversionRate: 0.856
convertedEUR: 9.42
sourceFunction: getOrderItemsDetailedSupplierCosts
[2026-08-22T14:26:01.139Z] [LOG] [USD EUR CONVERSION DEBUG]
originalUSD: 11
conversionRate: 0.856
convertedEUR: 9.42
sourceFunction: getOrderItemsDetailedSupplierCosts
[2026-08-22T14:26:01.140Z] [LOG] [USD EUR CONVERSION DEBUG]
originalUSD: 13.8
conversionRate: 0.856
convertedEUR: 11.81
sourceFunction: getOrderItemsDetailedSupplierCosts
[2026-08-22T14:26:01.140Z] [LOG] [USD EUR CONVERSION DEBUG]
originalUSD: 68.79
conversionRate: 0.856
convertedEUR: 58.88
sourceFunction: /api/profit-splits
[2026-08-22T14:26:01.147Z] [LOG] [USD EUR CONVERSION DEBUG]
originalUSD: 13
conversionRate: 0.856
convertedEUR: 11.13
sourceFunction: getOrderItemsDetailedSupplierCosts
[2026-08-22T14:26:01.147Z] [LOG] [USD EUR CONVERSION DEBUG]
originalUSD: 13
conversionRate: 0.856
convertedEUR: 11.13
sourceFunction: /api/profit-splits
[2026-08-22T14:26:01.156Z] [LOG] [USD EUR CONVERSION DEBUG]
originalUSD: 17
conversionRate: 0.856
convertedEUR: 14.55
sourceFunction: getOrderItemsDetailedSupplierCosts
[2026-08-22T14:26:01.157Z] [LOG] [USD EUR CONVERSION DEBUG]
originalUSD: 17
conversionRate: 0.856
convertedEUR: 14.55
sourceFunction: /api/profit-splits
[2026-08-22T14:26:01.168Z] [LOG] [USD EUR CONVERSION DEBUG]
originalUSD: 11
conversionRate: 0.856
convertedEUR: 9.42
sourceFunction: getOrderItemsDetailedSupplierCosts
[2026-08-22T14:26:01.168Z] [LOG] [USD EUR CONVERSION DEBUG]
originalUSD: 11
conversionRate: 0.856
convertedEUR: 9.42
sourceFunction: /api/profit-splits
[2026-08-22T14:26:01.175Z] [LOG] [USD EUR CONVERSION DEBUG]
originalUSD: 12
conversionRate: 0.856
convertedEUR: 10.27
sourceFunction: getOrderItemsDetailedSupplierCosts
[2026-08-22T14:26:01.175Z] [LOG] [USD EUR CONVERSION DEBUG]
originalUSD: 12
conversionRate: 0.856
convertedEUR: 10.27
sourceFunction: /api/profit-splits
[2026-08-22T14:26:01.183Z] [LOG] [USD EUR CONVERSION DEBUG]
originalUSD: 13
conversionRate: 0.856
convertedEUR: 11.13
sourceFunction: getOrderItemsDetailedSupplierCosts
[2026-08-22T14:26:01.183Z] [LOG] [USD EUR CONVERSION DEBUG]
originalUSD: 13
conversionRate: 0.856
convertedEUR: 11.13
sourceFunction: /api/profit-splits
[2026-08-22T14:26:01.189Z] [LOG] [USD EUR CONVERSION DEBUG]
originalUSD: 11
conversionRate: 0.856
convertedEUR: 9.42
sourceFunction: getOrderItemsDetailedSupplierCosts
[2026-08-22T14:26:01.189Z] [LOG] [USD EUR CONVERSION DEBUG]
originalUSD: 11
conversionRate: 0.856
convertedEUR: 9.42
sourceFunction: /api/profit-splits
[2026-08-22T14:26:01.195Z] [LOG] [USD EUR CONVERSION DEBUG]
originalUSD: 11.3
conversionRate: 0.856
convertedEUR: 9.67
sourceFunction: getOrderItemsDetailedSupplierCosts
[2026-08-22T14:26:01.195Z] [LOG] [USD EUR CONVERSION DEBUG]
originalUSD: 13
conversionRate: 0.856
convertedEUR: 11.13
sourceFunction: getOrderItemsDetailedSupplierCosts
[2026-08-22T14:26:01.195Z] [LOG] [USD EUR CONVERSION DEBUG]
originalUSD: 12
conversionRate: 0.856
convertedEUR: 10.27
sourceFunction: getOrderItemsDetailedSupplierCosts
[2026-08-22T14:26:01.195Z] [LOG] [USD EUR CONVERSION DEBUG]
originalUSD: 36.3
conversionRate: 0.856
convertedEUR: 31.07
sourceFunction: /api/profit-splits
[2026-08-22T14:26:01.201Z] [LOG] [USD EUR CONVERSION DEBUG]
originalUSD: 17
conversionRate: 0.856
convertedEUR: 14.55
sourceFunction: getOrderItemsDetailedSupplierCosts
[2026-08-22T14:26:01.201Z] [LOG] [USD EUR CONVERSION DEBUG]
originalUSD: 17
conversionRate: 0.856
convertedEUR: 14.55
sourceFunction: /api/profit-splits
[2026-08-22T14:26:01.206Z] [LOG] [USD EUR CONVERSION DEBUG]
originalUSD: 11
conversionRate: 0.856
convertedEUR: 9.42
sourceFunction: getOrderItemsDetailedSupplierCosts
[2026-08-22T14:26:01.206Z] [LOG] [USD EUR CONVERSION DEBUG]
originalUSD: 11
conversionRate: 0.856
convertedEUR: 9.42
sourceFunction: getOrderItemsDetailedSupplierCosts
[2026-08-22T14:26:01.206Z] [LOG] [USD EUR CONVERSION DEBUG]
originalUSD: 22
conversionRate: 0.856
convertedEUR: 18.83
sourceFunction: /api/profit-splits
[2026-08-22T14:26:01.211Z] [LOG] [USD EUR CONVERSION DEBUG]
originalUSD: 14
conversionRate: 0.856
convertedEUR: 11.98
sourceFunction: getOrderItemsDetailedSupplierCosts
[2026-08-22T14:26:01.211Z] [LOG] [USD EUR CONVERSION DEBUG]
originalUSD: 14
conversionRate: 0.856
convertedEUR: 11.98
sourceFunction: /api/profit-splits
[2026-08-22T14:26:01.217Z] [LOG] [USD EUR CONVERSION DEBUG]
originalUSD: 14
conversionRate: 0.856
convertedEUR: 11.98
sourceFunction: getOrderItemsDetailedSupplierCosts
[2026-08-22T14:26:01.217Z] [LOG] [USD EUR CONVERSION DEBUG]
originalUSD: 14.99
conversionRate: 0.856
convertedEUR: 12.83
sourceFunction: getOrderItemsDetailedSupplierCosts
[2026-08-22T14:26:01.217Z] [LOG] [USD EUR CONVERSION DEBUG]
originalUSD: 28.990000000000002
conversionRate: 0.856
convertedEUR: 24.82
sourceFunction: /api/profit-splits
[2026-08-22T14:29:48.998Z] [LOG] >>> ENTRATA GET /api/settings
[2026-08-22T14:29:48.999Z] [LOG] [DEBUG] Caricamento configurazione catalogo da Supabase (tabella 'catalog_settings')...
[2026-08-22T14:29:49.063Z] [LOG] [DEBUG] Syncing price rules from Supabase table 'price_rules'...
[2026-08-22T14:36:52.456Z] [LOG] ‚úÖ File .env caricato correttamente in server.js
[2026-08-22T14:36:52.477Z] [LOG] üöÄ Server running on http://0.0.0.0:3000
[2026-08-22T14:36:52.477Z] [LOG] === INIZIO PULIZIA AUTOMATICA ARCHIVIO LOTTI ===
[2026-08-22T14:36:52.478Z] [LOG] [BACKEND CLEANUP] Pulizia lotti completata. Rimasti 2 lotti reali.
[2026-08-22T14:36:52.478Z] [LOG] === FINE PULIZIA AUTOMATICA ARCHIVIO LOTTI ===
[2026-08-22T14:36:55.480Z] [LOG] === CARICAMENTO IMPOSTAZIONI DA SUPABASE ALL'AVVIO ===
[2026-08-22T14:36:55.482Z] [LOG] [DEBUG] Caricamento configurazione catalogo da Supabase (tabella 'catalog_settings')...
[2026-08-22T14:36:55.522Z] [LOG] [DEBUG] Syncing price rules from Supabase table 'price_rules'...
[2026-08-22T14:36:55.605Z] [LOG] === INIZIO STANDARDIZZAZIONE DATABASE SUPABASE ===
[2026-08-22T14:36:56.276Z] [LOG] === COMPLETATO STANDARDIZZAZIONE DATABASE SUPABASE ===
[2026-08-22T14:37:00.864Z] [LOG] [USD EUR CONVERSION DEBUG]
originalUSD: 11.3
conversionRate: 0.856
convertedEUR: 9.67
sourceFunction: recalculateCurrentLottoInternal
[2026-08-22T14:37:00.937Z] [LOG] [USD EUR CONVERSION DEBUG]
originalUSD: 68.79
conversionRate: 0.856
convertedEUR: 58.88
sourceFunction: recalculateCurrentLottoInternal
[2026-08-22T14:37:00.999Z] [LOG] [USD EUR CONVERSION DEBUG]
originalUSD: 13
conversionRate: 0.856
convertedEUR: 11.13
sourceFunction: recalculateCurrentLottoInternal
[2026-08-22T14:37:01.036Z] [LOG] [USD EUR CONVERSION DEBUG]
originalUSD: 17
conversionRate: 0.856
convertedEUR: 14.55
sourceFunction: recalculateCurrentLottoInternal
[2026-08-22T14:37:01.073Z] [LOG] [USD EUR CONVERSION DEBUG]
originalUSD: 11
conversionRate: 0.856
convertedEUR: 9.42
sourceFunction: recalculateCurrentLottoInternal
[2026-08-22T14:37:01.111Z] [LOG] [USD EUR CONVERSION DEBUG]
originalUSD: 12
conversionRate: 0.856
convertedEUR: 10.27
sourceFunction: recalculateCurrentLottoInternal
[2026-08-22T14:37:01.145Z] [LOG] [USD EUR CONVERSION DEBUG]
originalUSD: 13
conversionRate: 0.856
convertedEUR: 11.13
sourceFunction: recalculateCurrentLottoInternal
[2026-08-22T14:37:01.180Z] [LOG] [USD EUR CONVERSION DEBUG]
originalUSD: 11
conversionRate: 0.856
convertedEUR: 9.42
sourceFunction: recalculateCurrentLottoInternal
[2026-08-22T14:37:01.226Z] [LOG] [USD EUR CONVERSION DEBUG]
originalUSD: 36.3
conversionRate: 0.856
convertedEUR: 31.07
sourceFunction: recalculateCurrentLottoInternal
[2026-08-22T14:37:01.259Z] [LOG] [USD EUR CONVERSION DEBUG]
originalUSD: 17
conversionRate: 0.856
convertedEUR: 14.55
sourceFunction: recalculateCurrentLottoInternal
[2026-08-22T14:37:01.391Z] [LOG] [USD EUR CONVERSION DEBUG]
originalUSD: 22
conversionRate: 0.856
convertedEUR: 18.83
sourceFunction: recalculateCurrentLottoInternal
[2026-08-22T14:37:01.427Z] [LOG] [USD EUR CONVERSION DEBUG]
originalUSD: 14
conversionRate: 0.856
convertedEUR: 11.98
sourceFunction: recalculateCurrentLottoInternal
[2026-08-22T14:37:01.473Z] [LOG] [USD EUR CONVERSION DEBUG]
originalUSD: 28.99
conversionRate: 0.856
convertedEUR: 24.82
sourceFunction: recalculateCurrentLottoInternal
[2026-08-22T14:37:01.509Z] [LOG] [GLOBAL SHIPPING RECALC DEBUG]
lottoId: 1
totalQuantity: 21
shippingRate: 3
ordersAffected: 13
totalShipping: 63
[2026-08-22T14:37:01.601Z] [LOG] [USD EUR CONVERSION DEBUG]
originalUSD: 11.3
conversionRate: 0.856
convertedEUR: 9.67
sourceFunction: recalculateCurrentLottoInternal
[2026-08-22T14:37:01.637Z] [LOG] [USD EUR CONVERSION DEBUG]
originalUSD: 68.79
conversionRate: 0.856
convertedEUR: 58.88
sourceFunction: recalculateCurrentLottoInternal
[2026-08-22T14:37:01.709Z] [LOG] [USD EUR CONVERSION DEBUG]
originalUSD: 13
conversionRate: 0.856
convertedEUR: 11.13
sourceFunction: recalculateCurrentLottoInternal
[2026-08-22T14:37:01.744Z] [LOG] [USD EUR CONVERSION DEBUG]
originalUSD: 17
conversionRate: 0.856
convertedEUR: 14.55
sourceFunction: recalculateCurrentLottoInternal
[2026-08-22T14:37:01.778Z] [LOG] [USD EUR CONVERSION DEBUG]
originalUSD: 11
conversionRate: 0.856
convertedEUR: 9.42
sourceFunction: recalculateCurrentLottoInternal
[2026-08-22T14:37:01.822Z] [LOG] [USD EUR CONVERSION DEBUG]
originalUSD: 12
conversionRate: 0.856
convertedEUR: 10.27
sourceFunction: recalculateCurrentLottoInternal
[2026-08-22T14:37:01.869Z] [LOG] [USD EUR CONVERSION DEBUG]
originalUSD: 13
conversionRate: 0.856
convertedEUR: 11.13
sourceFunction: recalculateCurrentLottoInternal
[2026-08-22T14:37:01.903Z] [LOG] [USD EUR CONVERSION DEBUG]
originalUSD: 11
conversionRate: 0.856
convertedEUR: 9.42
sourceFunction: recalculateCurrentLottoInternal
[2026-08-22T14:37:01.935Z] [LOG] [USD EUR CONVERSION DEBUG]
originalUSD: 36.3
conversionRate: 0.856
convertedEUR: 31.07
sourceFunction: recalculateCurrentLottoInternal
[2026-08-22T14:37:01.969Z] [LOG] [USD EUR CONVERSION DEBUG]
originalUSD: 17
conversionRate: 0.856
convertedEUR: 14.55
sourceFunction: recalculateCurrentLottoInternal
[2026-08-22T14:37:02.001Z] [LOG] [USD EUR CONVERSION DEBUG]
originalUSD: 22
conversionRate: 0.856
convertedEUR: 18.83
sourceFunction: recalculateCurrentLottoInternal
[2026-08-22T14:37:02.036Z] [LOG] [USD EUR CONVERSION DEBUG]
originalUSD: 14
conversionRate: 0.856
convertedEUR: 11.98
sourceFunction: recalculateCurrentLottoInternal
[2026-08-22T14:37:02.068Z] [LOG] [USD EUR CONVERSION DEBUG]
originalUSD: 28.99
conversionRate: 0.856
convertedEUR: 24.82
sourceFunction: recalculateCurrentLottoInternal
[2026-08-22T14:37:02.099Z] [LOG] [GLOBAL SHIPPING RECALC DEBUG]
lottoId: 1
totalQuantity: 21
shippingRate: 3
ordersAffected: 13
totalShipping: 63
[2026-08-22T14:37:08.381Z] [LOG] [USD EUR CONVERSION DEBUG]
originalUSD: 11.3
conversionRate: 0.856
convertedEUR: 9.67
sourceFunction: getOrderItemsDetailedSupplierCosts
[2026-08-22T14:37:08.381Z] [LOG] [USD EUR CONVERSION DEBUG]
originalUSD: 11.3
conversionRate: 0.856
convertedEUR: 9.67
sourceFunction: /api/profit-splits
[2026-08-22T14:37:08.387Z] [LOG] [USD EUR CONVERSION DEBUG]
originalUSD: 17
conversionRate: 0.856
convertedEUR: 14.55
sourceFunction: getOrderItemsDetailedSupplierCosts
[2026-08-22T14:37:08.387Z] [LOG] [USD EUR CONVERSION DEBUG]
originalUSD: 15.99
conversionRate: 0.856
convertedEUR: 13.69
sourceFunction: getOrderItemsDetailedSupplierCosts
[2026-08-22T14:37:08.387Z] [LOG] [USD EUR CONVERSION DEBUG]
originalUSD: 11
conversionRate: 0.856
convertedEUR: 9.42
sourceFunction: getOrderItemsDetailedSupplierCosts
[2026-08-22T14:37:08.387Z] [LOG] [USD EUR CONVERSION DEBUG]
originalUSD: 11
conversionRate: 0.856
convertedEUR: 9.42
sourceFunction: getOrderItemsDetailedSupplierCosts
[2026-08-22T14:37:08.387Z] [LOG] [USD EUR CONVERSION DEBUG]
originalUSD: 13.8
conversionRate: 0.856
convertedEUR: 11.81
sourceFunction: getOrderItemsDetailedSupplierCosts
[2026-08-22T14:37:08.387Z] [LOG] [USD EUR CONVERSION DEBUG]
originalUSD: 68.79
conversionRate: 0.856
convertedEUR: 58.88
sourceFunction: /api/profit-splits
[2026-08-22T14:37:08.396Z] [LOG] [USD EUR CONVERSION DEBUG]
originalUSD: 13
conversionRate: 0.856
convertedEUR: 11.13
sourceFunction: getOrderItemsDetailedSupplierCosts
[2026-08-22T14:37:08.396Z] [LOG] [USD EUR CONVERSION DEBUG]
originalUSD: 13
conversionRate: 0.856
convertedEUR: 11.13
sourceFunction: /api/profit-splits
[2026-08-22T14:37:08.400Z] [LOG] [USD EUR CONVERSION DEBUG]
originalUSD: 17
conversionRate: 0.856
convertedEUR: 14.55
sourceFunction: getOrderItemsDetailedSupplierCosts
[2026-08-22T14:37:08.400Z] [LOG] [USD EUR CONVERSION DEBUG]
originalUSD: 17
conversionRate: 0.856
convertedEUR: 14.55
sourceFunction: /api/profit-splits
[2026-08-22T14:37:08.407Z] [LOG] [USD EUR CONVERSION DEBUG]
originalUSD: 11
conversionRate: 0.856
convertedEUR: 9.42
sourceFunction: getOrderItemsDetailedSupplierCosts
[2026-08-22T14:37:08.407Z] [LOG] [USD EUR CONVERSION DEBUG]
originalUSD: 11
conversionRate: 0.856
convertedEUR: 9.42
sourceFunction: /api/profit-splits
[2026-08-22T14:37:08.413Z] [LOG] [USD EUR CONVERSION DEBUG]
originalUSD: 12
conversionRate: 0.856
convertedEUR: 10.27
sourceFunction: getOrderItemsDetailedSupplierCosts
[2026-08-22T14:37:08.414Z] [LOG] [USD EUR CONVERSION DEBUG]
originalUSD: 12
conversionRate: 0.856
convertedEUR: 10.27
sourceFunction: /api/profit-splits
[2026-08-22T14:37:08.420Z] [LOG] [USD EUR CONVERSION DEBUG]
originalUSD: 13
conversionRate: 0.856
convertedEUR: 11.13
sourceFunction: getOrderItemsDetailedSupplierCosts
[2026-08-22T14:37:08.420Z] [LOG] [USD EUR CONVERSION DEBUG]
originalUSD: 13
conversionRate: 0.856
convertedEUR: 11.13
sourceFunction: /api/profit-splits
[2026-08-22T14:37:08.427Z] [LOG] [USD EUR CONVERSION DEBUG]
originalUSD: 11
conversionRate: 0.856
convertedEUR: 9.42
sourceFunction: getOrderItemsDetailedSupplierCosts
[2026-08-22T14:37:08.427Z] [LOG] [USD EUR CONVERSION DEBUG]
originalUSD: 11
conversionRate: 0.856
convertedEUR: 9.42
sourceFunction: /api/profit-splits
[2026-08-22T14:37:08.431Z] [LOG] [USD EUR CONVERSION DEBUG]
originalUSD: 11.3
conversionRate: 0.856
convertedEUR: 9.67
sourceFunction: getOrderItemsDetailedSupplierCosts
[2026-08-22T14:37:08.431Z] [LOG] [USD EUR CONVERSION DEBUG]
originalUSD: 13
conversionRate: 0.856
convertedEUR: 11.13
sourceFunction: getOrderItemsDetailedSupplierCosts
[2026-08-22T14:37:08.432Z] [LOG] [USD EUR CONVERSION DEBUG]
originalUSD: 12
conversionRate: 0.856
convertedEUR: 10.27
sourceFunction: getOrderItemsDetailedSupplierCosts
[2026-08-22T14:37:08.432Z] [LOG] [USD EUR CONVERSION DEBUG]
originalUSD: 36.3
conversionRate: 0.856
convertedEUR: 31.07
sourceFunction: /api/profit-splits
[2026-08-22T14:37:08.437Z] [LOG] [USD EUR CONVERSION DEBUG]
originalUSD: 17
conversionRate: 0.856
convertedEUR: 14.55
sourceFunction: getOrderItemsDetailedSupplierCosts
[2026-08-22T14:37:08.437Z] [LOG] [USD EUR CONVERSION DEBUG]
originalUSD: 17
conversionRate: 0.856
convertedEUR: 14.55
sourceFunction: /api/profit-splits
[2026-08-22T14:37:08.452Z] [LOG] [USD EUR CONVERSION DEBUG]
originalUSD: 11
conversionRate: 0.856
convertedEUR: 9.42
sourceFunction: getOrderItemsDetailedSupplierCosts
[2026-08-22T14:37:08.453Z] [LOG] [USD EUR CONVERSION DEBUG]
originalUSD: 11
conversionRate: 0.856
convertedEUR: 9.42
sourceFunction: getOrderItemsDetailedSupplierCosts
[2026-08-22T14:37:08.453Z] [LOG] [USD EUR CONVERSION DEBUG]
originalUSD: 22
conversionRate: 0.856
convertedEUR: 18.83
sourceFunction: /api/profit-splits
[2026-08-22T14:37:08.464Z] [LOG] [USD EUR CONVERSION DEBUG]
originalUSD: 14
conversionRate: 0.856
convertedEUR: 11.98
sourceFunction: getOrderItemsDetailedSupplierCosts
[2026-08-22T14:37:08.464Z] [LOG] [USD EUR CONVERSION DEBUG]
originalUSD: 14
conversionRate: 0.856
convertedEUR: 11.98
sourceFunction: /api/profit-splits
[2026-08-22T14:37:08.471Z] [LOG] [USD EUR CONVERSION DEBUG]
originalUSD: 14
conversionRate: 0.856
convertedEUR: 11.98
sourceFunction: getOrderItemsDetailedSupplierCosts
[2026-08-22T14:37:08.472Z] [LOG] [USD EUR CONVERSION DEBUG]
originalUSD: 14.99
conversionRate: 0.856
convertedEUR: 12.83
sourceFunction: getOrderItemsDetailedSupplierCosts
[2026-08-22T14:37:08.472Z] [LOG] [USD EUR CONVERSION DEBUG]
originalUSD: 28.990000000000002
conversionRate: 0.856
convertedEUR: 24.82
sourceFunction: /api/profit-splits
[2026-08-22T14:37:22.385Z] [LOG] ‚úÖ File .env caricato correttamente in server.js
[2026-08-22T14:37:22.408Z] [LOG] üöÄ Server running on http://0.0.0.0:3000
[2026-08-22T14:37:22.408Z] [LOG] === INIZIO PULIZIA AUTOMATICA ARCHIVIO LOTTI ===
[2026-08-22T14:37:22.409Z] [LOG] [BACKEND CLEANUP] Pulizia lotti completata. Rimasti 2 lotti reali.
[2026-08-22T14:37:22.409Z] [LOG] === FINE PULIZIA AUTOMATICA ARCHIVIO LOTTI ===
[2026-08-22T14:37:25.411Z] [LOG] === CARICAMENTO IMPOSTAZIONI DA SUPABASE ALL'AVVIO ===
[2026-08-22T14:37:25.412Z] [LOG] [DEBUG] Caricamento configurazione catalogo da Supabase (tabella 'catalog_settings')...
[2026-08-22T14:37:25.453Z] [LOG] [DEBUG] Syncing price rules from Supabase table 'price_rules'...
[2026-08-22T14:37:25.542Z] [LOG] === INIZIO STANDARDIZZAZIONE DATABASE SUPABASE ===
[2026-08-22T14:37:26.109Z] [LOG] === COMPLETATO STANDARDIZZAZIONE DATABASE SUPABASE ===
[2026-08-22T14:37:31.100Z] [LOG] >>> ENTRATA GET /api/settings
[2026-08-22T14:37:31.101Z] [LOG] [DEBUG] Caricamento configurazione catalogo da Supabase (tabella 'catalog_settings')...
[2026-08-22T14:37:31.180Z] [LOG] [DEBUG] Syncing price rules from Supabase table 'price_rules'...
[2026-08-22T14:37:31.723Z] [LOG] [API /api/products] Successfully loaded 4618 products from Supabase via helper in 618ms
[2026-08-22T14:37:55.763Z] [LOG] >>> ENTRATA GET /api/settings
[2026-08-22T14:37:55.763Z] [LOG] [DEBUG] Caricamento configurazione catalogo da Supabase (tabella 'catalog_settings')...
[2026-08-22T14:37:55.798Z] [LOG] [DEBUG] Syncing price rules from Supabase table 'price_rules'...
[2026-08-22T14:37:56.785Z] [LOG] [USD EUR CONVERSION DEBUG]
originalUSD: 11.3
conversionRate: 0.856
convertedEUR: 9.67
sourceFunction: recalculateCurrentLottoInternal
[2026-08-22T14:37:56.822Z] [LOG] [USD EUR CONVERSION DEBUG]
originalUSD: 68.79
conversionRate: 0.856
convertedEUR: 58.88
sourceFunction: recalculateCurrentLottoInternal
[2026-08-22T14:37:56.854Z] [LOG] [USD EUR CONVERSION DEBUG]
originalUSD: 13
conversionRate: 0.856
convertedEUR: 11.13
sourceFunction: recalculateCurrentLottoInternal
[2026-08-22T14:37:56.889Z] [LOG] [USD EUR CONVERSION DEBUG]
originalUSD: 17
conversionRate: 0.856
convertedEUR: 14.55
sourceFunction: recalculateCurrentLottoInternal
[2026-08-22T14:37:56.921Z] [LOG] [USD EUR CONVERSION DEBUG]
originalUSD: 11
conversionRate: 0.856
convertedEUR: 9.42
sourceFunction: recalculateCurrentLottoInternal
[2026-08-22T14:37:56.957Z] [LOG] [USD EUR CONVERSION DEBUG]
originalUSD: 12
conversionRate: 0.856
convertedEUR: 10.27
sourceFunction: recalculateCurrentLottoInternal
[2026-08-22T14:37:56.989Z] [LOG] [USD EUR CONVERSION DEBUG]
originalUSD: 13
conversionRate: 0.856
convertedEUR: 11.13
sourceFunction: recalculateCurrentLottoInternal
[2026-08-22T14:37:57.024Z] [LOG] [USD EUR CONVERSION DEBUG]
originalUSD: 11
conversionRate: 0.856
convertedEUR: 9.42
sourceFunction: recalculateCurrentLottoInternal
[2026-08-22T14:37:57.054Z] [LOG] [USD EUR CONVERSION DEBUG]
originalUSD: 36.3
conversionRate: 0.856
convertedEUR: 31.07
sourceFunction: recalculateCurrentLottoInternal
[2026-08-22T14:37:57.087Z] [LOG] [USD EUR CONVERSION DEBUG]
originalUSD: 17
conversionRate: 0.856
convertedEUR: 14.55
sourceFunction: recalculateCurrentLottoInternal
[2026-08-22T14:37:57.121Z] [LOG] [USD EUR CONVERSION DEBUG]
originalUSD: 22
conversionRate: 0.856
convertedEUR: 18.83
sourceFunction: recalculateCurrentLottoInternal
[2026-08-22T14:37:57.155Z] [LOG] [USD EUR CONVERSION DEBUG]
originalUSD: 14
conversionRate: 0.856
convertedEUR: 11.98
sourceFunction: recalculateCurrentLottoInternal
[2026-08-22T14:37:57.211Z] [LOG] [USD EUR CONVERSION DEBUG]
originalUSD: 28.99
conversionRate: 0.856
convertedEUR: 24.82
sourceFunction: recalculateCurrentLottoInternal
[2026-08-22T14:37:57.246Z] [LOG] [GLOBAL SHIPPING RECALC DEBUG]
lottoId: 1
totalQuantity: 21
shippingRate: 3
ordersAffected: 13
totalShipping: 63
[2026-08-22T14:37:57.380Z] [LOG] [USD EUR CONVERSION DEBUG]
originalUSD: 11.3
conversionRate: 0.856
convertedEUR: 9.67
sourceFunction: recalculateCurrentLottoInternal
[2026-08-22T14:37:57.416Z] [LOG] [USD EUR CONVERSION DEBUG]
originalUSD: 68.79
conversionRate: 0.856
convertedEUR: 58.88
sourceFunction: recalculateCurrentLottoInternal
[2026-08-22T14:37:57.447Z] [LOG] [USD EUR CONVERSION DEBUG]
originalUSD: 13
conversionRate: 0.856
convertedEUR: 11.13
sourceFunction: recalculateCurrentLottoInternal
[2026-08-22T14:37:57.480Z] [LOG] [USD EUR CONVERSION DEBUG]
originalUSD: 17
conversionRate: 0.856
convertedEUR: 14.55
sourceFunction: recalculateCurrentLottoInternal
[2026-08-22T14:37:57.514Z] [LOG] [USD EUR CONVERSION DEBUG]
originalUSD: 11
conversionRate: 0.856
convertedEUR: 9.42
sourceFunction: recalculateCurrentLottoInternal
[2026-08-22T14:37:57.547Z] [LOG] [USD EUR CONVERSION DEBUG]
originalUSD: 12
conversionRate: 0.856
convertedEUR: 10.27
sourceFunction: recalculateCurrentLottoInternal
[2026-08-22T14:37:57.578Z] [LOG] [USD EUR CONVERSION DEBUG]
originalUSD: 13
conversionRate: 0.856
convertedEUR: 11.13
sourceFunction: recalculateCurrentLottoInternal
[2026-08-22T14:37:57.611Z] [LOG] [USD EUR CONVERSION DEBUG]
originalUSD: 11
conversionRate: 0.856
convertedEUR: 9.42
sourceFunction: recalculateCurrentLottoInternal
[2026-08-22T14:37:57.644Z] [LOG] [USD EUR CONVERSION DEBUG]
originalUSD: 36.3
conversionRate: 0.856
convertedEUR: 31.07
sourceFunction: recalculateCurrentLottoInternal
[2026-08-22T14:37:57.704Z] [LOG] [USD EUR CONVERSION DEBUG]
originalUSD: 17
conversionRate: 0.856
convertedEUR: 14.55
sourceFunction: recalculateCurrentLottoInternal
[2026-08-22T14:37:57.735Z] [LOG] [USD EUR CONVERSION DEBUG]
originalUSD: 22
conversionRate: 0.856
convertedEUR: 18.83
sourceFunction: recalculateCurrentLottoInternal
[2026-08-22T14:37:57.772Z] [LOG] [USD EUR CONVERSION DEBUG]
originalUSD: 14
conversionRate: 0.856
convertedEUR: 11.98
sourceFunction: recalculateCurrentLottoInternal
[2026-08-22T14:37:57.803Z] [LOG] [USD EUR CONVERSION DEBUG]
originalUSD: 28.99
conversionRate: 0.856
convertedEUR: 24.82
sourceFunction: recalculateCurrentLottoInternal
[2026-08-22T14:37:57.836Z] [LOG] [GLOBAL SHIPPING RECALC DEBUG]
lottoId: 1
totalQuantity: 21
shippingRate: 3
ordersAffected: 13
totalShipping: 63
[2026-08-22T14:37:58.559Z] [LOG] [USD EUR CONVERSION DEBUG]
originalUSD: 11.3
conversionRate: 0.856
convertedEUR: 9.67
sourceFunction: getOrderItemsDetailedSupplierCosts
[2026-08-22T14:37:58.560Z] [LOG] [USD EUR CONVERSION DEBUG]
originalUSD: 11.3
conversionRate: 0.856
convertedEUR: 9.67
sourceFunction: /api/profit-splits
[2026-08-22T14:37:58.569Z] [LOG] [USD EUR CONVERSION DEBUG]
originalUSD: 17
conversionRate: 0.856
convertedEUR: 14.55
sourceFunction: getOrderItemsDetailedSupplierCosts
[2026-08-22T14:37:58.569Z] [LOG] [USD EUR CONVERSION DEBUG]
originalUSD: 15.99
conversionRate: 0.856
convertedEUR: 13.69
sourceFunction: getOrderItemsDetailedSupplierCosts
[2026-08-22T14:37:58.569Z] [LOG] [USD EUR CONVERSION DEBUG]
originalUSD: 11
conversionRate: 0.856
convertedEUR: 9.42
sourceFunction: getOrderItemsDetailedSupplierCosts
[2026-08-22T14:37:58.570Z] [LOG] [USD EUR CONVERSION DEBUG]
originalUSD: 11
conversionRate: 0.856
convertedEUR: 9.42
sourceFunction: getOrderItemsDetailedSupplierCosts
[2026-08-22T14:37:58.570Z] [LOG] [USD EUR CONVERSION DEBUG]
originalUSD: 13.8
conversionRate: 0.856
convertedEUR: 11.81
sourceFunction: getOrderItemsDetailedSupplierCosts
[2026-08-22T14:37:58.571Z] [LOG] [USD EUR CONVERSION DEBUG]
originalUSD: 68.79
conversionRate: 0.856
convertedEUR: 58.88
sourceFunction: /api/profit-splits
[2026-08-22T14:37:58.578Z] [LOG] [USD EUR CONVERSION DEBUG]
originalUSD: 13
conversionRate: 0.856
convertedEUR: 11.13
sourceFunction: getOrderItemsDetailedSupplierCosts
[2026-08-22T14:37:58.578Z] [LOG] [USD EUR CONVERSION DEBUG]
originalUSD: 13
conversionRate: 0.856
convertedEUR: 11.13
sourceFunction: /api/profit-splits
[2026-08-22T14:37:58.586Z] [LOG] [USD EUR CONVERSION DEBUG]
originalUSD: 17
conversionRate: 0.856
convertedEUR: 14.55
sourceFunction: getOrderItemsDetailedSupplierCosts
[2026-08-22T14:37:58.586Z] [LOG] [USD EUR CONVERSION DEBUG]
originalUSD: 17
conversionRate: 0.856
convertedEUR: 14.55
sourceFunction: /api/profit-splits
[2026-08-22T14:37:58.593Z] [LOG] [USD EUR CONVERSION DEBUG]
originalUSD: 11
conversionRate: 0.856
convertedEUR: 9.42
sourceFunction: getOrderItemsDetailedSupplierCosts
[2026-08-22T14:37:58.593Z] [LOG] [USD EUR CONVERSION DEBUG]
originalUSD: 11
conversionRate: 0.856
convertedEUR: 9.42
sourceFunction: /api/profit-splits
[2026-08-22T14:37:58.600Z] [LOG] [USD EUR CONVERSION DEBUG]
originalUSD: 12
conversionRate: 0.856
convertedEUR: 10.27
sourceFunction: getOrderItemsDetailedSupplierCosts
[2026-08-22T14:37:58.600Z] [LOG] [USD EUR CONVERSION DEBUG]
originalUSD: 12
conversionRate: 0.856
convertedEUR: 10.27
sourceFunction: /api/profit-splits
[2026-08-22T14:37:58.609Z] [LOG] [USD EUR CONVERSION DEBUG]
originalUSD: 13
conversionRate: 0.856
convertedEUR: 11.13
sourceFunction: getOrderItemsDetailedSupplierCosts
[2026-08-22T14:37:58.609Z] [LOG] [USD EUR CONVERSION DEBUG]
originalUSD: 13
conversionRate: 0.856
convertedEUR: 11.13
sourceFunction: /api/profit-splits
[2026-08-22T14:37:58.614Z] [LOG] [USD EUR CONVERSION DEBUG]
originalUSD: 11
conversionRate: 0.856
convertedEUR: 9.42
sourceFunction: getOrderItemsDetailedSupplierCosts
[2026-08-22T14:37:58.614Z] [LOG] [USD EUR CONVERSION DEBUG]
originalUSD: 11
conversionRate: 0.856
convertedEUR: 9.42
sourceFunction: /api/profit-splits
[2026-08-22T14:37:58.618Z] [LOG] [USD EUR CONVERSION DEBUG]
originalUSD: 11.3
conversionRate: 0.856
convertedEUR: 9.67
sourceFunction: getOrderItemsDetailedSupplierCosts
[2026-08-22T14:37:58.618Z] [LOG] [USD EUR CONVERSION DEBUG]
originalUSD: 13
conversionRate: 0.856
convertedEUR: 11.13
sourceFunction: getOrderItemsDetailedSupplierCosts
[2026-08-22T14:37:58.618Z] [LOG] [USD EUR CONVERSION DEBUG]
originalUSD: 12
conversionRate: 0.856
convertedEUR: 10.27
sourceFunction: getOrderItemsDetailedSupplierCosts
[2026-08-22T14:37:58.620Z] [LOG] [USD EUR CONVERSION DEBUG]
originalUSD: 36.3
conversionRate: 0.856
convertedEUR: 31.07
sourceFunction: /api/profit-splits
[2026-08-22T14:37:58.624Z] [LOG] [USD EUR CONVERSION DEBUG]
originalUSD: 17
conversionRate: 0.856
convertedEUR: 14.55
sourceFunction: getOrderItemsDetailedSupplierCosts
[2026-08-22T14:37:58.624Z] [LOG] [USD EUR CONVERSION DEBUG]
originalUSD: 17
conversionRate: 0.856
convertedEUR: 14.55
sourceFunction: /api/profit-splits
[2026-08-22T14:37:58.630Z] [LOG] [USD EUR CONVERSION DEBUG]
originalUSD: 11
conversionRate: 0.856
convertedEUR: 9.42
sourceFunction: getOrderItemsDetailedSupplierCosts
[2026-08-22T14:37:58.631Z] [LOG] [USD EUR CONVERSION DEBUG]
originalUSD: 11
conversionRate: 0.856
convertedEUR: 9.42
sourceFunction: getOrderItemsDetailedSupplierCosts
[2026-08-22T14:37:58.631Z] [LOG] [USD EUR CONVERSION DEBUG]
originalUSD: 22
conversionRate: 0.856
convertedEUR: 18.83
sourceFunction: /api/profit-splits
[2026-08-22T14:37:58.637Z] [LOG] [USD EUR CONVERSION DEBUG]
originalUSD: 14
conversionRate: 0.856
convertedEUR: 11.98
sourceFunction: getOrderItemsDetailedSupplierCosts
[2026-08-22T14:37:58.637Z] [LOG] [USD EUR CONVERSION DEBUG]
originalUSD: 14
conversionRate: 0.856
convertedEUR: 11.98
sourceFunction: /api/profit-splits
[2026-08-22T14:37:58.643Z] [LOG] [USD EUR CONVERSION DEBUG]
originalUSD: 14
conversionRate: 0.856
convertedEUR: 11.98
sourceFunction: getOrderItemsDetailedSupplierCosts
[2026-08-22T14:37:58.643Z] [LOG] [USD EUR CONVERSION DEBUG]
originalUSD: 14.99
conversionRate: 0.856
convertedEUR: 12.83
sourceFunction: getOrderItemsDetailedSupplierCosts
[2026-08-22T14:37:58.643Z] [LOG] [USD EUR CONVERSION DEBUG]
originalUSD: 28.990000000000002
conversionRate: 0.856
convertedEUR: 24.82
sourceFunction: /api/profit-splits
[2026-08-22T14:39:14.016Z] [LOG] [USD EUR CONVERSION DEBUG]
originalUSD: 11.3
conversionRate: 0.856
convertedEUR: 9.67
sourceFunction: getOrderItemsDetailedSupplierCosts
[2026-08-22T14:39:14.016Z] [LOG] [USD EUR CONVERSION DEBUG]
originalUSD: 11.3
conversionRate: 0.856
convertedEUR: 9.67
sourceFunction: /api/profit-splits
[2026-08-22T14:39:14.022Z] [LOG] [USD EUR CONVERSION DEBUG]
originalUSD: 17
conversionRate: 0.856
convertedEUR: 14.55
sourceFunction: getOrderItemsDetailedSupplierCosts
[2026-08-22T14:39:14.022Z] [LOG] [USD EUR CONVERSION DEBUG]
originalUSD: 15.99
conversionRate: 0.856
convertedEUR: 13.69
sourceFunction: getOrderItemsDetailedSupplierCosts
[2026-08-22T14:39:14.023Z] [LOG] [USD EUR CONVERSION DEBUG]
originalUSD: 11
conversionRate: 0.856
convertedEUR: 9.42
sourceFunction: getOrderItemsDetailedSupplierCosts
[2026-08-22T14:39:14.023Z] [LOG] [USD EUR CONVERSION DEBUG]
originalUSD: 11
conversionRate: 0.856
convertedEUR: 9.42
sourceFunction: getOrderItemsDetailedSupplierCosts
[2026-08-22T14:39:14.023Z] [LOG] [USD EUR CONVERSION DEBUG]
originalUSD: 13.8
conversionRate: 0.856
convertedEUR: 11.81
sourceFunction: getOrderItemsDetailedSupplierCosts
[2026-08-22T14:39:14.023Z] [LOG] [USD EUR CONVERSION DEBUG]
originalUSD: 68.79
conversionRate: 0.856
convertedEUR: 58.88
sourceFunction: /api/profit-splits
[2026-08-22T14:39:14.029Z] [LOG] [USD EUR CONVERSION DEBUG]
originalUSD: 13
conversionRate: 0.856
convertedEUR: 11.13
sourceFunction: getOrderItemsDetailedSupplierCosts
[2026-08-22T14:39:14.030Z] [LOG] [USD EUR CONVERSION DEBUG]
originalUSD: 13
conversionRate: 0.856
convertedEUR: 11.13
sourceFunction: /api/profit-splits
[2026-08-22T14:39:14.036Z] [LOG] [USD EUR CONVERSION DEBUG]
originalUSD: 17
conversionRate: 0.856
convertedEUR: 14.55
sourceFunction: getOrderItemsDetailedSupplierCosts
[2026-08-22T14:39:14.036Z] [LOG] [USD EUR CONVERSION DEBUG]
originalUSD: 17
conversionRate: 0.856
convertedEUR: 14.55
sourceFunction: /api/profit-splits
[2026-08-22T14:39:14.043Z] [LOG] [USD EUR CONVERSION DEBUG]
originalUSD: 11
conversionRate: 0.856
convertedEUR: 9.42
sourceFunction: getOrderItemsDetailedSupplierCosts
[2026-08-22T14:39:14.044Z] [LOG] [USD EUR CONVERSION DEBUG]
originalUSD: 11
conversionRate: 0.856
convertedEUR: 9.42
sourceFunction: /api/profit-splits
[2026-08-22T14:39:14.048Z] [LOG] [USD EUR CONVERSION DEBUG]
originalUSD: 12
conversionRate: 0.856
convertedEUR: 10.27
sourceFunction: getOrderItemsDetailedSupplierCosts
[2026-08-22T14:39:14.048Z] [LOG] [USD EUR CONVERSION DEBUG]
originalUSD: 12
conversionRate: 0.856
convertedEUR: 10.27
sourceFunction: /api/profit-splits
[2026-08-22T14:39:14.056Z] [LOG] [USD EUR CONVERSION DEBUG]
originalUSD: 13
conversionRate: 0.856
convertedEUR: 11.13
sourceFunction: getOrderItemsDetailedSupplierCosts
[2026-08-22T14:39:14.056Z] [LOG] [USD EUR CONVERSION DEBUG]
originalUSD: 13
conversionRate: 0.856
convertedEUR: 11.13
sourceFunction: /api/profit-splits
[2026-08-22T14:39:14.063Z] [LOG] [USD EUR CONVERSION DEBUG]
originalUSD: 11
conversionRate: 0.856
convertedEUR: 9.42
sourceFunction: getOrderItemsDetailedSupplierCosts
[2026-08-22T14:39:14.063Z] [LOG] [USD EUR CONVERSION DEBUG]
originalUSD: 11
conversionRate: 0.856
convertedEUR: 9.42
sourceFunction: /api/profit-splits
[2026-08-22T14:39:14.070Z] [LOG] [USD EUR CONVERSION DEBUG]
originalUSD: 11.3
conversionRate: 0.856
convertedEUR: 9.67
sourceFunction: getOrderItemsDetailedSupplierCosts
[2026-08-22T14:39:14.070Z] [LOG] [USD EUR CONVERSION DEBUG]
originalUSD: 13
conversionRate: 0.856
convertedEUR: 11.13
sourceFunction: getOrderItemsDetailedSupplierCosts
[2026-08-22T14:39:14.070Z] [LOG] [USD EUR CONVERSION DEBUG]
originalUSD: 12
conversionRate: 0.856
convertedEUR: 10.27
sourceFunction: getOrderItemsDetailedSupplierCosts
[2026-08-22T14:39:14.070Z] [LOG] [USD EUR CONVERSION DEBUG]
originalUSD: 36.3
conversionRate: 0.856
convertedEUR: 31.07
sourceFunction: /api/profit-splits
[2026-08-22T14:39:14.076Z] [LOG] [USD EUR CONVERSION DEBUG]
originalUSD: 17
conversionRate: 0.856
convertedEUR: 14.55
sourceFunction: getOrderItemsDetailedSupplierCosts
[2026-08-22T14:39:14.076Z] [LOG] [USD EUR CONVERSION DEBUG]
originalUSD: 17
conversionRate: 0.856
convertedEUR: 14.55
sourceFunction: /api/profit-splits
[2026-08-22T14:39:14.082Z] [LOG] [USD EUR CONVERSION DEBUG]
originalUSD: 11
conversionRate: 0.856
convertedEUR: 9.42
sourceFunction: getOrderItemsDetailedSupplierCosts
[2026-08-22T14:39:14.082Z] [LOG] [USD EUR CONVERSION DEBUG]
originalUSD: 11
conversionRate: 0.856
convertedEUR: 9.42
sourceFunction: getOrderItemsDetailedSupplierCosts
[2026-08-22T14:39:14.082Z] [LOG] [USD EUR CONVERSION DEBUG]
originalUSD: 22
conversionRate: 0.856
convertedEUR: 18.83
sourceFunction: /api/profit-splits
[2026-08-22T14:39:14.086Z] [LOG] [USD EUR CONVERSION DEBUG]
originalUSD: 14
conversionRate: 0.856
convertedEUR: 11.98
sourceFunction: getOrderItemsDetailedSupplierCosts
[2026-08-22T14:39:14.087Z] [LOG] [USD EUR CONVERSION DEBUG]
originalUSD: 14
conversionRate: 0.856
convertedEUR: 11.98
sourceFunction: /api/profit-splits
[2026-08-22T14:39:14.092Z] [LOG] [USD EUR CONVERSION DEBUG]
originalUSD: 14
conversionRate: 0.856
convertedEUR: 11.98
sourceFunction: getOrderItemsDetailedSupplierCosts
[2026-08-22T14:39:14.092Z] [LOG] [USD EUR CONVERSION DEBUG]
originalUSD: 14.99
conversionRate: 0.856
convertedEUR: 12.83
sourceFunction: getOrderItemsDetailedSupplierCosts
[2026-08-22T14:39:14.092Z] [LOG] [USD EUR CONVERSION DEBUG]
originalUSD: 28.990000000000002
conversionRate: 0.856
convertedEUR: 24.82
sourceFunction: /api/profit-splits
[2026-08-22T14:49:33.427Z] [LOG] ‚úÖ File .env caricato correttamente in server.js
[2026-08-22T14:49:33.453Z] [LOG] üöÄ Server running on http://0.0.0.0:3000
[2026-08-22T14:49:33.453Z] [LOG] === INIZIO PULIZIA AUTOMATICA ARCHIVIO LOTTI ===
[2026-08-22T14:49:33.454Z] [LOG] [BACKEND CLEANUP] Pulizia lotti completata. Rimasti 2 lotti reali.
[2026-08-22T14:49:33.454Z] [LOG] === FINE PULIZIA AUTOMATICA ARCHIVIO LOTTI ===
[2026-08-22T14:49:36.456Z] [LOG] === CARICAMENTO IMPOSTAZIONI DA SUPABASE ALL'AVVIO ===
[2026-08-22T14:49:36.457Z] [LOG] [DEBUG] Caricamento configurazione catalogo da Supabase (tabella 'catalog_settings')...
[2026-08-22T14:49:36.514Z] [LOG] [DEBUG] Syncing price rules from Supabase table 'price_rules'...
[2026-08-22T14:49:36.588Z] [LOG] === INIZIO STANDARDIZZAZIONE DATABASE SUPABASE ===
[2026-08-22T14:49:37.217Z] [LOG] === COMPLETATO STANDARDIZZAZIONE DATABASE SUPABASE ===
[2026-08-22T14:49:39.451Z] [LOG] ‚úÖ File .env caricato correttamente in server.js
[2026-08-22T14:49:39.475Z] [LOG] üöÄ Server running on http://0.0.0.0:3000
[2026-08-22T14:49:39.476Z] [LOG] === INIZIO PULIZIA AUTOMATICA ARCHIVIO LOTTI ===
[2026-08-22T14:49:39.476Z] [LOG] [BACKEND CLEANUP] Pulizia lotti completata. Rimasti 2 lotti reali.
[2026-08-22T14:49:39.477Z] [LOG] === FINE PULIZIA AUTOMATICA ARCHIVIO LOTTI ===
[2026-08-22T14:49:42.478Z] [LOG] === CARICAMENTO IMPOSTAZIONI DA SUPABASE ALL'AVVIO ===
[2026-08-22T14:49:42.536Z] [LOG] [DEBUG] Caricamento configurazione catalogo da Supabase (tabella 'catalog_settings')...
[2026-08-22T14:49:42.651Z] [LOG] [DEBUG] Syncing price rules from Supabase table 'price_rules'...
[2026-08-22T14:49:42.750Z] [LOG] === INIZIO STANDARDIZZAZIONE DATABASE SUPABASE ===
[2026-08-22T14:49:43.410Z] [LOG] === COMPLETATO STANDARDIZZAZIONE DATABASE SUPABASE ===
[2026-08-22T14:49:47.498Z] [LOG] >>> ENTRATA GET /api/settings
[2026-08-22T14:49:47.498Z] [LOG] [DEBUG] Caricamento configurazione catalogo da Supabase (tabella 'catalog_settings')...
[2026-08-22T14:49:47.532Z] [LOG] [DEBUG] Syncing price rules from Supabase table 'price_rules'...
[2026-08-22T14:49:48.132Z] [LOG] [API /api/products] Successfully loaded 4618 products from Supabase via helper in 631ms
[2026-08-22T14:49:56.129Z] [LOG] >>> ENTRATA GET /api/settings
[2026-08-22T14:49:56.129Z] [LOG] [DEBUG] Caricamento configurazione catalogo da Supabase (tabella 'catalog_settings')...
[2026-08-22T14:49:56.182Z] [LOG] [DEBUG] Syncing price rules from Supabase table 'price_rules'...
[2026-08-22T14:49:57.210Z] [LOG] [USD EUR CONVERSION DEBUG]
originalUSD: 8.26
conversionRate: 0.856
convertedEUR: 7.07
sourceFunction: calculateLottoTotals
[2026-08-22T14:49:57.211Z] [LOG] [USD EUR CONVERSION DEBUG]
originalUSD: 11.3
conversionRate: 0.856
convertedEUR: 9.67
sourceFunction: recalculateCurrentLottoInternal
[2026-08-22T14:49:57.278Z] [LOG] [USD EUR CONVERSION DEBUG]
originalUSD: 68.79
conversionRate: 0.856
convertedEUR: 58.88
sourceFunction: recalculateCurrentLottoInternal
[2026-08-22T14:49:57.309Z] [LOG] [USD EUR CONVERSION DEBUG]
originalUSD: 13
conversionRate: 0.856
convertedEUR: 11.13
sourceFunction: recalculateCurrentLottoInternal
[2026-08-22T14:49:57.345Z] [LOG] [USD EUR CONVERSION DEBUG]
originalUSD: 17
conversionRate: 0.856
convertedEUR: 14.55
sourceFunction: recalculateCurrentLottoInternal
[2026-08-22T14:49:57.378Z] [LOG] [USD EUR CONVERSION DEBUG]
originalUSD: 11
conversionRate: 0.856
convertedEUR: 9.42
sourceFunction: recalculateCurrentLottoInternal
[2026-08-22T14:49:57.416Z] [LOG] [USD EUR CONVERSION DEBUG]
originalUSD: 12
conversionRate: 0.856
convertedEUR: 10.27
sourceFunction: recalculateCurrentLottoInternal
[2026-08-22T14:49:57.448Z] [LOG] [USD EUR CONVERSION DEBUG]
originalUSD: 13
conversionRate: 0.856
convertedEUR: 11.13
sourceFunction: recalculateCurrentLottoInternal
[2026-08-22T14:49:57.493Z] [LOG] [USD EUR CONVERSION DEBUG]
originalUSD: 11
conversionRate: 0.856
convertedEUR: 9.42
sourceFunction: recalculateCurrentLottoInternal
[2026-08-22T14:49:57.525Z] [LOG] [USD EUR CONVERSION DEBUG]
originalUSD: 36.3
conversionRate: 0.856
convertedEUR: 31.07
sourceFunction: recalculateCurrentLottoInternal
[2026-08-22T14:49:57.562Z] [LOG] [USD EUR CONVERSION DEBUG]
originalUSD: 17
conversionRate: 0.856
convertedEUR: 14.55
sourceFunction: recalculateCurrentLottoInternal
[2026-08-22T14:49:57.595Z] [LOG] [USD EUR CONVERSION DEBUG]
originalUSD: 22
conversionRate: 0.856
convertedEUR: 18.83
sourceFunction: recalculateCurrentLottoInternal
[2026-08-22T14:49:57.631Z] [LOG] [USD EUR CONVERSION DEBUG]
originalUSD: 14
conversionRate: 0.856
convertedEUR: 11.98
sourceFunction: recalculateCurrentLottoInternal
[2026-08-22T14:49:57.663Z] [LOG] [USD EUR CONVERSION DEBUG]
originalUSD: 28.99
conversionRate: 0.856
convertedEUR: 24.82
sourceFunction: recalculateCurrentLottoInternal
[2026-08-22T14:49:57.706Z] [LOG] [GLOBAL SHIPPING RECALC DEBUG]
lottoId: 1
totalQuantity: 21
shippingRate: 3
ordersAffected: 13
totalShipping: 63
[2026-08-22T14:49:57.853Z] [LOG] [USD EUR CONVERSION DEBUG]
originalUSD: 8.26
conversionRate: 0.856
convertedEUR: 7.07
sourceFunction: calculateLottoTotals
[2026-08-22T14:49:57.853Z] [LOG] [USD EUR CONVERSION DEBUG]
originalUSD: 11.3
conversionRate: 0.856
convertedEUR: 9.67
sourceFunction: recalculateCurrentLottoInternal
[2026-08-22T14:49:57.895Z] [LOG] [USD EUR CONVERSION DEBUG]
originalUSD: 68.79
conversionRate: 0.856
convertedEUR: 58.88
sourceFunction: recalculateCurrentLottoInternal
[2026-08-22T14:49:57.927Z] [LOG] [USD EUR CONVERSION DEBUG]
originalUSD: 13
conversionRate: 0.856
convertedEUR: 11.13
sourceFunction: recalculateCurrentLottoInternal
[2026-08-22T14:49:57.968Z] [LOG] [USD EUR CONVERSION DEBUG]
originalUSD: 17
conversionRate: 0.856
convertedEUR: 14.55
sourceFunction: recalculateCurrentLottoInternal
[2026-08-22T14:49:57.998Z] [LOG] [USD EUR CONVERSION DEBUG]
originalUSD: 11
conversionRate: 0.856
convertedEUR: 9.42
sourceFunction: recalculateCurrentLottoInternal
[2026-08-22T14:49:58.034Z] [LOG] [USD EUR CONVERSION DEBUG]
originalUSD: 12
conversionRate: 0.856
convertedEUR: 10.27
sourceFunction: recalculateCurrentLottoInternal
[2026-08-22T14:49:58.068Z] [LOG] [USD EUR CONVERSION DEBUG]
originalUSD: 13
conversionRate: 0.856
convertedEUR: 11.13
sourceFunction: recalculateCurrentLottoInternal
[2026-08-22T14:49:58.105Z] [LOG] [USD EUR CONVERSION DEBUG]
originalUSD: 11
conversionRate: 0.856
convertedEUR: 9.42
sourceFunction: recalculateCurrentLottoInternal
[2026-08-22T14:49:58.139Z] [LOG] [USD EUR CONVERSION DEBUG]
originalUSD: 36.3
conversionRate: 0.856
convertedEUR: 31.07
sourceFunction: recalculateCurrentLottoInternal
[2026-08-22T14:49:58.177Z] [LOG] [USD EUR CONVERSION DEBUG]
originalUSD: 17
conversionRate: 0.856
convertedEUR: 14.55
sourceFunction: recalculateCurrentLottoInternal
[2026-08-22T14:49:58.210Z] [LOG] [USD EUR CONVERSION DEBUG]
originalUSD: 22
conversionRate: 0.856
convertedEUR: 18.83
sourceFunction: recalculateCurrentLottoInternal
[2026-08-22T14:49:58.248Z] [LOG] [USD EUR CONVERSION DEBUG]
originalUSD: 14
conversionRate: 0.856
convertedEUR: 11.98
sourceFunction: recalculateCurrentLottoInternal
[2026-08-22T14:49:58.285Z] [LOG] [USD EUR CONVERSION DEBUG]
originalUSD: 28.99
conversionRate: 0.856
convertedEUR: 24.82
sourceFunction: recalculateCurrentLottoInternal
[2026-08-22T14:49:58.327Z] [LOG] [GLOBAL SHIPPING RECALC DEBUG]
lottoId: 1
totalQuantity: 21
shippingRate: 3
ordersAffected: 13
totalShipping: 63
[2026-08-22T14:49:58.989Z] [LOG] [USD EUR CONVERSION DEBUG]
originalUSD: 8.26
conversionRate: 0.856
convertedEUR: 7.07
sourceFunction: calculateLottoTotals
[2026-08-22T14:49:59.000Z] [LOG] [USD EUR CONVERSION DEBUG]
originalUSD: 11.3
conversionRate: 0.856
convertedEUR: 9.67
sourceFunction: getOrderItemsDetailedSupplierCosts
[2026-08-22T14:49:59.001Z] [LOG] [USD EUR CONVERSION DEBUG]
originalUSD: 11.3
conversionRate: 0.856
convertedEUR: 9.67
sourceFunction: /api/profit-splits
[2026-08-22T14:49:59.013Z] [LOG] [USD EUR CONVERSION DEBUG]
originalUSD: 17
conversionRate: 0.856
convertedEUR: 14.55
sourceFunction: getOrderItemsDetailedSupplierCosts
[2026-08-22T14:49:59.013Z] [LOG] [USD EUR CONVERSION DEBUG]
originalUSD: 15.99
conversionRate: 0.856
convertedEUR: 13.69
sourceFunction: getOrderItemsDetailedSupplierCosts
[2026-08-22T14:49:59.013Z] [LOG] [USD EUR CONVERSION DEBUG]
originalUSD: 11
conversionRate: 0.856
convertedEUR: 9.42
sourceFunction: getOrderItemsDetailedSupplierCosts
[2026-08-22T14:49:59.013Z] [LOG] [USD EUR CONVERSION DEBUG]
originalUSD: 11
conversionRate: 0.856
convertedEUR: 9.42
sourceFunction: getOrderItemsDetailedSupplierCosts
[2026-08-22T14:49:59.013Z] [LOG] [USD EUR CONVERSION DEBUG]
originalUSD: 13.8
conversionRate: 0.856
convertedEUR: 11.81
sourceFunction: getOrderItemsDetailedSupplierCosts
[2026-08-22T14:49:59.014Z] [LOG] [USD EUR CONVERSION DEBUG]
originalUSD: 68.79
conversionRate: 0.856
convertedEUR: 58.88
sourceFunction: /api/profit-splits
[2026-08-22T14:49:59.023Z] [LOG] [USD EUR CONVERSION DEBUG]
originalUSD: 13
conversionRate: 0.856
convertedEUR: 11.13
sourceFunction: getOrderItemsDetailedSupplierCosts
[2026-08-22T14:49:59.023Z] [LOG] [USD EUR CONVERSION DEBUG]
originalUSD: 13
conversionRate: 0.856
convertedEUR: 11.13
sourceFunction: /api/profit-splits
[2026-08-22T14:49:59.035Z] [LOG] [USD EUR CONVERSION DEBUG]
originalUSD: 17
conversionRate: 0.856
convertedEUR: 14.55
sourceFunction: getOrderItemsDetailedSupplierCosts
[2026-08-22T14:49:59.035Z] [LOG] [USD EUR CONVERSION DEBUG]
originalUSD: 17
conversionRate: 0.856
convertedEUR: 14.55
sourceFunction: /api/profit-splits
[2026-08-22T14:49:59.041Z] [LOG] [USD EUR CONVERSION DEBUG]
originalUSD: 11
conversionRate: 0.856
convertedEUR: 9.42
sourceFunction: getOrderItemsDetailedSupplierCosts
[2026-08-22T14:49:59.041Z] [LOG] [USD EUR CONVERSION DEBUG]
originalUSD: 11
conversionRate: 0.856
convertedEUR: 9.42
sourceFunction: /api/profit-splits
[2026-08-22T14:49:59.047Z] [LOG] [USD EUR CONVERSION DEBUG]
originalUSD: 12
conversionRate: 0.856
convertedEUR: 10.27
sourceFunction: getOrderItemsDetailedSupplierCosts
[2026-08-22T14:49:59.047Z] [LOG] [USD EUR CONVERSION DEBUG]
originalUSD: 12
conversionRate: 0.856
convertedEUR: 10.27
sourceFunction: /api/profit-splits
[2026-08-22T14:49:59.053Z] [LOG] [USD EUR CONVERSION DEBUG]
originalUSD: 13
conversionRate: 0.856
convertedEUR: 11.13
sourceFunction: getOrderItemsDetailedSupplierCosts
[2026-08-22T14:49:59.054Z] [LOG] [USD EUR CONVERSION DEBUG]
originalUSD: 13
conversionRate: 0.856
convertedEUR: 11.13
sourceFunction: /api/profit-splits
[2026-08-22T14:49:59.061Z] [LOG] [USD EUR CONVERSION DEBUG]
originalUSD: 11
conversionRate: 0.856
convertedEUR: 9.42
sourceFunction: getOrderItemsDetailedSupplierCosts
[2026-08-22T14:49:59.061Z] [LOG] [USD EUR CONVERSION DEBUG]
originalUSD: 11
conversionRate: 0.856
convertedEUR: 9.42
sourceFunction: /api/profit-splits
[2026-08-22T14:49:59.069Z] [LOG] [USD EUR CONVERSION DEBUG]
originalUSD: 11.3
conversionRate: 0.856
convertedEUR: 9.67
sourceFunction: getOrderItemsDetailedSupplierCosts
[2026-08-22T14:49:59.069Z] [LOG] [USD EUR CONVERSION DEBUG]
originalUSD: 13
conversionRate: 0.856
convertedEUR: 11.13
sourceFunction: getOrderItemsDetailedSupplierCosts
[2026-08-22T14:49:59.069Z] [LOG] [USD EUR CONVERSION DEBUG]
originalUSD: 12
conversionRate: 0.856
convertedEUR: 10.27
sourceFunction: getOrderItemsDetailedSupplierCosts
[2026-08-22T14:49:59.070Z] [LOG] [USD EUR CONVERSION DEBUG]
originalUSD: 36.3
conversionRate: 0.856
convertedEUR: 31.07
sourceFunction: /api/profit-splits
[2026-08-22T14:49:59.078Z] [LOG] [USD EUR CONVERSION DEBUG]
originalUSD: 17
conversionRate: 0.856
convertedEUR: 14.55
sourceFunction: getOrderItemsDetailedSupplierCosts
[2026-08-22T14:49:59.078Z] [LOG] [USD EUR CONVERSION DEBUG]
originalUSD: 17
conversionRate: 0.856
convertedEUR: 14.55
sourceFunction: /api/profit-splits
[2026-08-22T14:49:59.086Z] [LOG] [USD EUR CONVERSION DEBUG]
originalUSD: 11
conversionRate: 0.856
convertedEUR: 9.42
sourceFunction: getOrderItemsDetailedSupplierCosts
[2026-08-22T14:49:59.086Z] [LOG] [USD EUR CONVERSION DEBUG]
originalUSD: 11
conversionRate: 0.856
convertedEUR: 9.42
sourceFunction: getOrderItemsDetailedSupplierCosts
[2026-08-22T14:49:59.086Z] [LOG] [USD EUR CONVERSION DEBUG]
originalUSD: 22
conversionRate: 0.856
convertedEUR: 18.83
sourceFunction: /api/profit-splits
[2026-08-22T14:49:59.092Z] [LOG] [USD EUR CONVERSION DEBUG]
originalUSD: 14
conversionRate: 0.856
convertedEUR: 11.98
sourceFunction: getOrderItemsDetailedSupplierCosts
[2026-08-22T14:49:59.092Z] [LOG] [USD EUR CONVERSION DEBUG]
originalUSD: 14
conversionRate: 0.856
convertedEUR: 11.98
sourceFunction: /api/profit-splits
[2026-08-22T14:49:59.098Z] [LOG] [USD EUR CONVERSION DEBUG]
originalUSD: 14
conversionRate: 0.856
convertedEUR: 11.98
sourceFunction: getOrderItemsDetailedSupplierCosts
[2026-08-22T14:49:59.099Z] [LOG] [USD EUR CONVERSION DEBUG]
originalUSD: 14.99
conversionRate: 0.856
convertedEUR: 12.83
sourceFunction: getOrderItemsDetailedSupplierCosts
[2026-08-22T14:49:59.099Z] [LOG] [USD EUR CONVERSION DEBUG]
originalUSD: 28.990000000000002
conversionRate: 0.856
convertedEUR: 24.82
sourceFunction: /api/profit-splits
[2026-08-22T14:50:22.492Z] [LOG] [USD EUR CONVERSION DEBUG]
originalUSD: 8.26
conversionRate: 0.856
convertedEUR: 7.07
sourceFunction: calculateLottoTotals
[2026-08-22T14:50:22.500Z] [LOG] [USD EUR CONVERSION DEBUG]
originalUSD: 11.3
conversionRate: 0.856
convertedEUR: 9.67
sourceFunction: getOrderItemsDetailedSupplierCosts
[2026-08-22T14:50:22.501Z] [LOG] [USD EUR CONVERSION DEBUG]
originalUSD: 11.3
conversionRate: 0.856
convertedEUR: 9.67
sourceFunction: /api/profit-splits
[2026-08-22T14:50:22.512Z] [LOG] [USD EUR CONVERSION DEBUG]
originalUSD: 17
conversionRate: 0.856
convertedEUR: 14.55
sourceFunction: getOrderItemsDetailedSupplierCosts
[2026-08-22T14:50:22.512Z] [LOG] [USD EUR CONVERSION DEBUG]
originalUSD: 15.99
conversionRate: 0.856
convertedEUR: 13.69
sourceFunction: getOrderItemsDetailedSupplierCosts
[2026-08-22T14:50:22.512Z] [LOG] [USD EUR CONVERSION DEBUG]
originalUSD: 11
conversionRate: 0.856
convertedEUR: 9.42
sourceFunction: getOrderItemsDetailedSupplierCosts
[2026-08-22T14:50:22.512Z] [LOG] [USD EUR CONVERSION DEBUG]
originalUSD: 11
conversionRate: 0.856
convertedEUR: 9.42
sourceFunction: getOrderItemsDetailedSupplierCosts
[2026-08-22T14:50:22.512Z] [LOG] [USD EUR CONVERSION DEBUG]
originalUSD: 13.8
conversionRate: 0.856
convertedEUR: 11.81
sourceFunction: getOrderItemsDetailedSupplierCosts
[2026-08-22T14:50:22.512Z] [LOG] [USD EUR CONVERSION DEBUG]
originalUSD: 68.79
conversionRate: 0.856
convertedEUR: 58.88
sourceFunction: /api/profit-splits
[2026-08-22T14:50:22.519Z] [LOG] [USD EUR CONVERSION DEBUG]
originalUSD: 13
conversionRate: 0.856
convertedEUR: 11.13
sourceFunction: getOrderItemsDetailedSupplierCosts
[2026-08-22T14:50:22.519Z] [LOG] [USD EUR CONVERSION DEBUG]
originalUSD: 13
conversionRate: 0.856
convertedEUR: 11.13
sourceFunction: /api/profit-splits
[2026-08-22T14:50:22.527Z] [LOG] [USD EUR CONVERSION DEBUG]
originalUSD: 17
conversionRate: 0.856
convertedEUR: 14.55
sourceFunction: getOrderItemsDetailedSupplierCosts
[2026-08-22T14:50:22.527Z] [LOG] [USD EUR CONVERSION DEBUG]
originalUSD: 17
conversionRate: 0.856
convertedEUR: 14.55
sourceFunction: /api/profit-splits
[2026-08-22T14:50:22.535Z] [LOG] [USD EUR CONVERSION DEBUG]
originalUSD: 11
conversionRate: 0.856
convertedEUR: 9.42
sourceFunction: getOrderItemsDetailedSupplierCosts
[2026-08-22T14:50:22.535Z] [LOG] [USD EUR CONVERSION DEBUG]
originalUSD: 11
conversionRate: 0.856
convertedEUR: 9.42
sourceFunction: /api/profit-splits
[2026-08-22T14:50:22.542Z] [LOG] [USD EUR CONVERSION DEBUG]
originalUSD: 12
conversionRate: 0.856
convertedEUR: 10.27
sourceFunction: getOrderItemsDetailedSupplierCosts
[2026-08-22T14:50:22.542Z] [LOG] [USD EUR CONVERSION DEBUG]
originalUSD: 12
conversionRate: 0.856
convertedEUR: 10.27
sourceFunction: /api/profit-splits
[2026-08-22T14:50:22.547Z] [LOG] [USD EUR CONVERSION DEBUG]
originalUSD: 13
conversionRate: 0.856
convertedEUR: 11.13
sourceFunction: getOrderItemsDetailedSupplierCosts
[2026-08-22T14:50:22.547Z] [LOG] [USD EUR CONVERSION DEBUG]
originalUSD: 13
conversionRate: 0.856
convertedEUR: 11.13
sourceFunction: /api/profit-splits
[2026-08-22T14:50:22.553Z] [LOG] [USD EUR CONVERSION DEBUG]
originalUSD: 11
conversionRate: 0.856
convertedEUR: 9.42
sourceFunction: getOrderItemsDetailedSupplierCosts
[2026-08-22T14:50:22.553Z] [LOG] [USD EUR CONVERSION DEBUG]
originalUSD: 11
conversionRate: 0.856
convertedEUR: 9.42
sourceFunction: /api/profit-splits
[2026-08-22T14:50:22.559Z] [LOG] [USD EUR CONVERSION DEBUG]
originalUSD: 11.3
conversionRate: 0.856
convertedEUR: 9.67
sourceFunction: getOrderItemsDetailedSupplierCosts
[2026-08-22T14:50:22.559Z] [LOG] [USD EUR CONVERSION DEBUG]
originalUSD: 13
conversionRate: 0.856
convertedEUR: 11.13
sourceFunction: getOrderItemsDetailedSupplierCosts
[2026-08-22T14:50:22.559Z] [LOG] [USD EUR CONVERSION DEBUG]
originalUSD: 12
conversionRate: 0.856
convertedEUR: 10.27
sourceFunction: getOrderItemsDetailedSupplierCosts
[2026-08-22T14:50:22.560Z] [LOG] [USD EUR CONVERSION DEBUG]
originalUSD: 36.3
conversionRate: 0.856
convertedEUR: 31.07
sourceFunction: /api/profit-splits
[2026-08-22T14:50:22.569Z] [LOG] [USD EUR CONVERSION DEBUG]
originalUSD: 17
conversionRate: 0.856
convertedEUR: 14.55
sourceFunction: getOrderItemsDetailedSupplierCosts
[2026-08-22T14:50:22.570Z] [LOG] [USD EUR CONVERSION DEBUG]
originalUSD: 17
conversionRate: 0.856
convertedEUR: 14.55
sourceFunction: /api/profit-splits
[2026-08-22T14:50:22.575Z] [LOG] [USD EUR CONVERSION DEBUG]
originalUSD: 11
conversionRate: 0.856
convertedEUR: 9.42
sourceFunction: getOrderItemsDetailedSupplierCosts
[2026-08-22T14:50:22.575Z] [LOG] [USD EUR CONVERSION DEBUG]
originalUSD: 11
conversionRate: 0.856
convertedEUR: 9.42
sourceFunction: getOrderItemsDetailedSupplierCosts
[2026-08-22T14:50:22.575Z] [LOG] [USD EUR CONVERSION DEBUG]
originalUSD: 22
conversionRate: 0.856
convertedEUR: 18.83
sourceFunction: /api/profit-splits
[2026-08-22T14:50:22.580Z] [LOG] [USD EUR CONVERSION DEBUG]
originalUSD: 14
conversionRate: 0.856
convertedEUR: 11.98
sourceFunction: getOrderItemsDetailedSupplierCosts
[2026-08-22T14:50:22.580Z] [LOG] [USD EUR CONVERSION DEBUG]
originalUSD: 14
conversionRate: 0.856
convertedEUR: 11.98
sourceFunction: /api/profit-splits
[2026-08-22T14:50:22.587Z] [LOG] [USD EUR CONVERSION DEBUG]
originalUSD: 14
conversionRate: 0.856
convertedEUR: 11.98
sourceFunction: getOrderItemsDetailedSupplierCosts
[2026-08-22T14:50:22.588Z] [LOG] [USD EUR CONVERSION DEBUG]
originalUSD: 14.99
conversionRate: 0.856
convertedEUR: 12.83
sourceFunction: getOrderItemsDetailedSupplierCosts
[2026-08-22T14:50:22.588Z] [LOG] [USD EUR CONVERSION DEBUG]
originalUSD: 28.990000000000002
conversionRate: 0.856
convertedEUR: 24.82
sourceFunction: /api/profit-splits
[2026-08-22T14:51:06.218Z] [LOG] >>> ENTRATA GET /api/settings
[2026-08-22T14:51:06.218Z] [LOG] [DEBUG] Caricamento configurazione catalogo da Supabase (tabella 'catalog_settings')...
[2026-08-22T14:51:06.268Z] [LOG] [DEBUG] Syncing price rules from Supabase table 'price_rules'...
[2026-08-22T14:51:18.549Z] [LOG] [USD EUR CONVERSION DEBUG]
originalUSD: 8.26
conversionRate: 0.856
convertedEUR: 7.07
sourceFunction: calculateLottoTotals
[2026-08-22T14:51:18.549Z] [LOG] [USD EUR CONVERSION DEBUG]
originalUSD: 11.3
conversionRate: 0.856
convertedEUR: 9.67
sourceFunction: recalculateCurrentLottoInternal
[2026-08-22T14:51:18.625Z] [LOG] [USD EUR CONVERSION DEBUG]
originalUSD: 68.79
conversionRate: 0.856
convertedEUR: 58.88
sourceFunction: recalculateCurrentLottoInternal
[2026-08-22T14:51:18.666Z] [LOG] [USD EUR CONVERSION DEBUG]
originalUSD: 13
conversionRate: 0.856
convertedEUR: 11.13
sourceFunction: recalculateCurrentLottoInternal
[2026-08-22T14:51:18.712Z] [LOG] [USD EUR CONVERSION DEBUG]
originalUSD: 17
conversionRate: 0.856
convertedEUR: 14.55
sourceFunction: recalculateCurrentLottoInternal
[2026-08-22T14:51:18.751Z] [LOG] [USD EUR CONVERSION DEBUG]
originalUSD: 11
conversionRate: 0.856
convertedEUR: 9.42
sourceFunction: recalculateCurrentLottoInternal
[2026-08-22T14:51:18.787Z] [LOG] [USD EUR CONVERSION DEBUG]
originalUSD: 12
conversionRate: 0.856
convertedEUR: 10.27
sourceFunction: recalculateCurrentLottoInternal
[2026-08-22T14:51:18.821Z] [LOG] [USD EUR CONVERSION DEBUG]
originalUSD: 13
conversionRate: 0.856
convertedEUR: 11.13
sourceFunction: recalculateCurrentLottoInternal
[2026-08-22T14:51:18.859Z] [LOG] [USD EUR CONVERSION DEBUG]
originalUSD: 11
conversionRate: 0.856
convertedEUR: 9.42
sourceFunction: recalculateCurrentLottoInternal
[2026-08-22T14:51:18.897Z] [LOG] [USD EUR CONVERSION DEBUG]
originalUSD: 36.3
coxú<xP\M-'Xpá‡ÓÓwwwww‹	≤¿‚Ó‹ÓÓÓ˙»˜ø˜™∂∂fÔÃﬁÓôÈs∫˚ÿªõyN˝÷ÏIdRœ˝¯≈ ¸ï•4r‹¥Á©T—KûMÃfÓø+»Xk—(#ÙÃÂe$H≥ZbûÌ]≤£:Oa“ñôﬁ`-ƒƒø¿ëQ¿.ÃùœW-õä˜ˇ¶UØ–¨5~ªÖÒoV©π¿é.=r ÿåúÑgg∂U·ìä°äÓL yOy◊èjv~^ﬁ3˚ƒpıÅeòÖøu.¿E≠1ùbÚ‰.\,ˆdÊò)Õ«âﬁH¶ñ'zWH%RkF*}˚3dlm,hP¬B-›\ÀU9´q1Ê'≠üº˛Ê\Î∏°ºdNå∆û<°"Wõj†œeKnTe!êVaJ±6@*©.Já+£“π»P˝ΩSeÇ¬ƒP‘¬êıíísÇg3‡˚H¶Œ+'˙äÖÍL®Êº$ÀÃç'⁄—"TÃiƒŸ2ñª˜v	u)È çÏ_}‡qg	’9Z=ÃñôQíÛWo‡ÇÄT/]¨Ä j¶6ÔkÉ €˚CóDãscb©π¢ÄÜ—Yˆá”fË˜[&ÕyæûHÓ—eøç⁄°Ü/“o/FÑ‡”|ªã`e>bU1Ua¸mF»|∑x˙(ãávØèˆ|˚+¡ƒt8ã3ò–ùﬁG\SwÜæ»w·AúB˛Õ¸‚|∑ﬁ[ﬁ[gâﬂÑÁè`”£æ|ó®ﬁpóÁ
úã›AÑû0Bim⁄≤£TıX¶SZjs|Ò¯=Ö'OHªBTeg–E1Emx»-&´ã}ë*·®„¶’™“∆‘7T·Æbïa}%[˚ÙõÎl§Töß‹ºÔü=ÌØz`É ΩM4Ø`˙à˙nù≥&ˆ´™0„-á"È#»_xó‘=Ó∫^üòª5TÖ¿|Ö±4òìÃÇ±¥´ìxü∆û3ÎR…Ä*iÜ∑•'ù@6ÎˆMØPµı ∑˚IîÁ‹Y;A¸|"˘vÛM•¸¢'AﬂnÖåókÚXÇjÜ: zst*î
x˝‚(õ≈Ç}˘%úØì»!ÇHvÕ;ÊuÔJäÉPyÓ”P‡ﬁ˛ó"»f¡›'˝ÂßîÇ¯¢~‚ïoÚı>‡8à:–òÓßG≥Sù»Ø%'3∑C˙x1ó/u– NÀ*/Ô≠DõDΩ5ú\ÔèµPoﬁå!˘ûÖ_dë|“^çï#√,}o«√*hÀv∏≥œ=ï˚j¯á,9DK©q äO~Tª‰ùløëz◊Ÿ‡ïïäãX[Êπí-ÁôËƒJ«≤⁄°y>4›8KdÓFæ&¿JΩz)ﬂÆ‰–⁄|ä À7FZ¿î@*¯b©Ω‹·f6Ù≈ï“ŒMTπ-")a{¨πƒ°_˜zë≤¬MíﬂòUZı‡1\“_›bëè0µÁ‚ÚH”Só¶2"´<W2õŒGäæGfT-¶í7x-h6ùl P‡õ1ï·V˛Êi⁄ÎD∆a◊Á$∂§jÍwdÑŒ±<Ù˙
În!ÃÜƒÁ√~∑∞ka∆Í?(z«ßÂ†-ß„Æ7f≠YµRÉWfâ€´dJìCQRbÎƒ¶≈´L0∆kÕ∆á!c≈Nˇ◊ïMB˜á™ï˝¡¯OV[.-E|CB|X5v≠◊≈dæ!v·Î^Îìÿ*Næiv]15r©Ÿ∂26â:[Å>:Úå<gSéÃôÑÈ)∫Ö71ßB3’F∫ÑòNQ¡€)1√.0z8'¡% "ÙZÏç©í“x2¸~ÎD≤–J‘^(ôÚ¨ˆZÙ|˜O"å˙≥Z{ÌËW#Ø‘ƒâ2w©|7ï;]ô; ÈwGÚ`Be…s¬ZçÍ{øyü>EÇôßA>˚ÎãLå~ › Ü‘ïÆ∑2∫ÿœR7#Æ˜8[5µÒ>;-äï"ÇR=£áÈìÕ‘ı±%“ã«É˜•£ª‚î∑^‡íœù≠0cCı¿ä{°^U∂ zy·§Õo£ß›˝⁄‰î◊:ﬂYı±≥uqöfP∞Úâ;§t®ºòã„ –˙AÊi:y7øıxÎy\äÖ≈úçE•¯E…¡ârá{ªıùe ´uÉCøq1˜ì «Ω7U”òÇÿì™ÛÕÉÇ=ÌVΩi≥z`'ºµU2ﬁ_õﬂ˘3Q\41“ì÷ÖzìXΩ+ÀG"¸¥¸…
 Ô„’9æﬁTçŒBt⁄˙πW'SÏ;ä"‹+_7˜øæ◊|º^ÍZ∫u•J<H?ë=‹µˇö*Úx¡Ynp}ä Mï?óÿõ&G9ÑÑÉæÏºÊdt„ˆviMQX…òoÎxü≥öì˜â©ò∑&!|YÈÙ=c†Pê\’ªXáﬁM¶Ñ{.w_[€ç∏W¢r	P¯ÛA∫¯Û˘8ØÙòº›,ïL≥SL~	Ó$èﬁ™ßÉ≤øΩ¬|˛È˝e™ä¡F!fô˝}Ì’'üÄOtC;âtôı›“œ˝4Éº’´ú›ˇÄÂB¸Õ‰ô≥
>È‚≠b¢ò†·w™‚/Aövó√√Ó˙|±ü:i œçÌè¸í∏Nö#y+7à»◊Éz˝»4úì≥Ÿ RàêîBŸú˘∑Uzòª§ôM($l≥^ÁŒwœ‰nà∏myHBœNª˛‘ÎñﬂâDÃS√xBX—ÖlŒŸ2µºÏ'à†ÔÍ∞ß[‘ËeéÌŒî©’É‰œç¢3ÅßQ4ós%öm˛»)Â ~eÈ%÷f/®õøM–”∫ÕÃê1ÚÖ·]xèÏ€}:?|^4dIÅ_	ë=¡nDõøK¯>#ÿÓéŒÀ¥◊x«,O¿Ósı≠Puõs¶-6Ó§Û √™é·iGv·~•Éâ˚V©ìÇyãí|SXì‹ï"≠•D◊åèay£À3z–òà0©„∂Ÿ2#UZ€›Ãi‰üçõElK≈ô∂±‹‹X=’L’p¸v |˛~Ly≤Ãyw=0‹N«øh\ ®g0J_*…ˆfØ\Üª®o~ìµòjOPl~úMQö˛;v>‚¢>≤‰N“…∑nÛ‘ÔÏ$.ΩX{Òlæ[Â≠H3Yr›ªªÿíåáZZΩ:”<ããïÛê_à—/›Ø*ª≤gÚﬂ}Üx‘°ÏGU¡T•}¢Û=õÿlÿ<lÄp(:K"@∏˙ö¯∏ØP«âó’éÓ⁄'•Q»0c¿µa~ÊÔŸ^ÒΩ{zZÈñÜÊß>ﬁ[»œ Õ5ÔñK/yÏúû4Ÿ±;`®∑ò⁄∆ú’⁄¨“Òà•;å¸ºÏzÈ¥jèJÑ FiŒ´¿ªÈ-“!˜•Æ)Ú∂¡:„…D∆-ÙG-^ûHaa˙:Ydˆ˙∏9çYŸQƒŸÈvª≤ﬁÊ¡_?„ÏÅTéπ´/l	’báYÑ§‘œÅ≥.—≤ooôÔwì`õlœ¶}9![˝Ê˝p0vÕN9°h∑±E!Ã◊ø$2÷¸áê€¸ê3E√#∆v%®
£kÃÊhë+ruÀq˘!Ê/W¢È˙#§Y%“#_  rCÑ8óÆ5!(Z¨Ω=ã ÕÎYêéÃÌÕSπ«·S⁄ó®qÑEf!bÄµó¸ È`9Ÿ3 âuî÷ôb˙Xç[ƒ€DE›Ω—å^d±UºÜ;ÎQrä]ÕóÍÎ∂àóò/ô˜ä™/6/
—†ÙïpüÄÈ€Ã¯ƒ¯sJIˇê<¯¯/‰å{∂Ì>›™"2ÿN˛+#:4¢cõÌ>C"ôòÓUÚamÒ7ƒNôËé‰¶”rﬂçmÂ~•Ò¢êPÑ†Hôë‘E[ô[∫„Ù≠2E&Vˆ•}£b”≥•Q'ÄEwIö÷G£¢» Ì|’ºŸﬁa«…ØKkd‡ùÔ8‘t¶6_0ãn%6ô[0çna«©á∏âl\nˇ1†aj5;>9>3»*Bn‰éd,ﬁ9Â*Li0^xm„û"ö≥‚"Ÿ™ÆjıUœ·<∫ ∂åD⁄Ú•g—Èôê£∆ÑÊø'˛ç*ÄoY«∏=  VÛÈàoñ™“"œ~uR€ƒ≠·^É	@;–ÀVÈ{√W4ã˚πÜRïnmö˘,·öD≠P55só}∫+ÊæÆ7Ÿ	S∑∆Ñy[”\LWía-˜Œ¸€-U1>qX ëZ¿âﬂ=:ÉNóˆ(Q|Dù◊∑∂ËÄ˙s—;˚DB7lØPôÍ})ù>≤h]„†Á|’«e∂Â∏^#òÌY$‘ZÑåä¬)r—pKÒntÒ◊ÃÂVÄ§¥	}ƒıÌ„ç1‡ù∂L¥Y◊$\k~WXâ0D≤√}ÌˆËE±€®U—„A)∫%t’ÁQõÇªó‚ñÀ^Q®å(ùãédìN@˜Eq8<Â[ä”Ù¡∞˘g⁄ÓWÄ|·≤§û#K*ÔIÉ4p◊Üm–√OÃãJAªzﬁà’·çº( &ÃáD/.æûØ¡ÔúëÔ.rmk∫úVEÂ…˚n“´¿€PﬂÕìÄqZkÍ"’≥ﬂOx^Sßa”??™Gw].ﬁkÓl:_/J?÷Â8ﬁYá˘·É^‚sÅ‰â]ô≥9h)BU≤IfîÁ *ÿÍ◊°•(¯]$VD˝ÈE€HÇÛV»Óm[Wtyô£»öÖl±96˚0≥∏ó™l√ûÃO!ºõ]0#}§võNyÅ&f±áYF(æyoÁbmz3ˇ^÷¢Ó€∞Œ™G£‹˝¬YÏ2	ÕÍ≠Ôó›√5*ë3(∫úŸJ–ØØ"¿ê`4.?¢∆ã«1Œéàó∏’	`W#í≤‚˝Ô∂E˙ L˙>~ÖÙUo÷ålm•Ï@LBÙ#≈¢†á√ñôÙèÜÙóÂ˜èˆıóEÏ¡Dﬁíä-Á∑ñ÷RØ¯∆ÇÀ`lëøÏÖ¥¯Q?’VâQ[ƒ=é|ñ£˘˜⁄œÏDüÂƒ,¿≤t‹;Oö7Æ◊®Í"Vÿ ˛◊∑¬%muC¶|§=µ
tÄ^k«“Â›ΩåYx’bF^ª†<ˇÑOöömTÚ´c>◊Üûπ~õ-’;gV˘fÃ≥¯Ã«˝∞≈√ª„wQQêÉˆÉ,rH çÑ'ÉŒvEF·«l∏ì%»∏‹Ï ÿê4uzQ?DkWÒt«Ô‡ΩïÏi±⁄·˙K⁄≈Ç3Ë„B2Äπï3M’@ùH[A◊5º ‡}„CÏ‡Ò·)Kÿı‰ÙH;ñøÖ˜ÏMÍ*{'πG™Ó=/ÂÉî@Kƒ1â∂˚ä˚!ØûoÂOí	Ó5™Ê—]¬“∂WB)Œ˛∆m·%5Ù2:¶"√≤ØIËLJÁøi≤G…=*[ø€›êpÌazˆÈÚò √⁄˝ıI§PYÇ4AŒj
ÓMÍZI#‹‰SƒÎ-3MŒBöÕ`:;r◊SP—C'£í[î·Ì{‚Ü4Ã›È	êçˆÎÁ;XΩiR@HÉlK·Iíò∂y∂¿îY†KìQ]æz]Qp%Q◊#π∆îwÛú∞Rtµ{¢%”µB7∑{ö$≥à‹T}ÆJ˘˘˚ªã>üüõ>üõ cv¬q8Gîe#I÷∫Xoyº)Ÿò™3N2=¶ÛûµΩVfi7ûÕ*NÛô	9ﬂ˝§¸∫¢Øá’Û˘ÃÌZ·Q@§ZT&2ÚC>˘9g©«ufãYazâ∫ßQ¡:˚xMçÁ’Â%Éq¡)ÆΩ:∫Ÿ˝_È.…‚7oê  >’Û∏"ÔM˚”¿u˝-Æ‘¬ÕÌ÷VP{bÁyj#≥Â‘—OΩ… ∂iTÖbµœ1}î∫j≈ı_mgŒxG+Ìu‚;˘¿^NÎsCøÍí›jjNp⁄spıı/œ∫ÑË€lëCø("∂èœ·0„¶≈»=ƒ<Ùç(®#Ç>h[ëHC∫¯˚ûëb;è_Ç∞†.;Úü˙æå"@Î)¿)◊nU„l2$ì'H…ÿ£Å©˜ñ°È©¢_:çSÚDlÉPT{8P≤Ã;˘8*‚2®ôs8Mx˙ŸÚ±õûÑÀè∑–-ô‹èàa1ølHÙCƒr~UFÓX…rn5éº|Ì—ık4∏<XC¸¡ãè˚‡°Äœ¿˚ˆò™€Ê]üEëGSµ¡úlP¢º@Úa∏kÛqwPÖã‰ M-MÓºÔ~ºtΩ#öµ
P@gŸS"±5:èCdgWwN_|àb≈.iòl¬C˙T∞†ﬁ „€AñÓ`»‰Ãå{∫‰N^\¿Ó9”É&„‡)ÅVg‘r;√›^$1ƒÜìm1Í+·pkñÊpKØÃ=Ÿ‹b‹úañ˝|∑Õ≤5˜»lL®H\+ƒVV±kÏCÉ±nqòéá/ˆ9∂©óƒO€˝hM≥µ)`≥_ÊÛ å¨æ0O¥3ï{–<ﬁ¨w&†÷…9—H0.CÙ—eÂ©Õ%0π‹ïˆπœ/"„rìÃÿº=@èm «&˜“üﬁÓÚÉ7à˝qÚ®:9ﬁﬁ•áZ©æß¢@’U∆√X	JÌ€Ï=5Qh ˚Y~mÆÉxêN]a¡¸uõbr.sâad®åNs€ïRØúÙ«kª5C¡	‡πi _@è5‘CZR4CßX˙™ﬂ•…2S≈g•k7∏X!‚Å¯]1u[õOœŒ8·v˜à%ﬂ‘v€´MN1ÉÇ˛âõ≠üX-Ïã7>ø¶qÚºØ˙∑‰‘∫Nÿ∏ÊËª∑≤GÔC@±t¯Y!ÊÁ¡vézPÛŸê[Ív∞…™/,˙ñB»°3\Å´.f¡íÊÒqæ™l—gõpäbÊﬂ6 jlÅ•¨tÊ üÔ¿l_˘ñ(5£È—ñÛE0eãMMÖÂˆ≥0ÚÎí≤
“Útiuu“Öàÿ¨¥±≥¡›˛◊w\!4å	úπ5øKÒk*w0‹
˘≈JÀ¿a±ÀÔ>Fªª—7J»ÚÌS˜ì∏˜ﬁAwık¬–©D4Cƒ«I£û‘Zå◊ÀübYÂzPdµq¨§}B[è,tk;è¬% ¿˛ déÆ°LHãΩKñZÛÇí“∂Õ®ƒ˜ú∂«H§`#dÇ«GeÖ@\GGCéºı#•YÅÄ eï¯œ:,Ía<*~®'}ÏZ¥xFyÎÁ“v˙¶qtS·÷ﬂçΩ_\ç¿√ƒY¨õÊ¸…á¨‘vläãÄ CŸıp√◊0'{Sà¬À0ë7
swxghi9aËÄÿ7≈x8™∆3yyëlMR^è:ıokœRúﬁ*ùÊ›√Áç∏Ï·4‰å®Mgçe¯Quƒ‰†,©QŸ13zÚâ/__†ÜlÚ¸Ò!1`˘C ˇƒ•s}LùCÏË-˙ƒ}–C„«ÑOc¬¡p˝÷ó~˜0	pºÄ∞~^|®ø G.AF˛R=uÓˆÚ› É„–}ùrl+wèµ)P«≈æhs~äj	—íˆÃÂcàé€¿•ä˙m Ë“µç,ñ†”*HÒ˛Ì9@»i` =(’?ßv8~ÅêU_`
B¸=˙ßAFl∆BR=˝(˛}ˆ§˘	I¡V"7æº4ÒÙ˜B9ƒ	Ø+{ú∏‰h˛∆˚}Û·3çé§^=Îk ˙oä ÍPó?éQµW]ƒöÑ)`±´
[ûEø•aÏ∞£IÎS(¿œŸ2Ó√Ù´Ì°â)÷™[ÍçÆ¯˚YÇÿˆÓ»),r®Çìˆ √~1: o]ø<XiÃzVÖœßâw√”îÅ4ıﬂ0^Ó#fbŸÕw:fmVG)Ä€·µ&“√‡¢:Æ[Wô9î]1NJöΩúÃ‹)öjäãAÖ@myhæ=âü NRE∑÷3ên”ÂàÖ#¿∂k’?$…aÆõÚáêÖ˛õùùê‰2_‹œYÌY*Ú˛~≈6†ÉÏ	K •Ä¸P≥gÆ Jèe5˚∆Kü´äÉÄ{«ﬁ€§»b∫¶!j›Å“‘\˘ãTeœÓ0t†_¬pz›ÆoyÙã,lìY`ØâﬂR2¡â±›G»
øÛﬁ^ƒíÂ¢E—&õ<h:≤◊ù≈®ˆTC€÷OÖcÙd#ò¥G6ËóbÉpO±æå4MH4âLâA?¥˚Y
∂ñ$ﬂõ¿Gvæ˜D≈›á‘2sÂ;‘≈„y.œ≠ã[/;ÔG¶‘Oû}ÄiÏ*ÄÌ‰ìéÊ%è|F*BéM¿K6R.9ê5´∞ƒ'∞-FùÓ"&ßó?aJüQ£ävÙ|K»
ËQñP;‘ s|¢åª`ZLlúC7eëW$|◊]äLc±†%” ˙$D#q6<)ﬁêÀ œÿœÖJ©KﬁµŸ 8á‚‚¸œ•Êóˆ+˝±CÚ¬a}∑ˇ&kMCña†“ùt0LÃ⁄õÃa˝d∑ï«;˝ÈéÉjò™¯∞9Ÿ)ÑYg¸ÏW@!L¡ﬂ©§.÷«≈å~(Î∆ôÇÂ'¸IﬂgÇ’GA≤Ω—-8Nå¨èy€]9Ï˘Í≠O4ƒoï∫(üOçÙ2•ôˇmgˇıç{§€\e˝æHTŸ<ÆYê<—»Ú»%Ôkkg`sﬂ'{Q[7gÄf¬—Í¯2&™¶R,⁄…›rÛü∫m|áØç¶Lò_ÆÀ¸ª≤≥uõ ΩÊ€c¨–q/˝ë∂èìáaSá?gïP¯Û:Òm_.—Û‚J€6rò∞ÂÒ‚ü"yT⁄ÑDŒ?mÓåóÜÎmøVµ¶9 ÛèàjÀa7ç±æ3˛WÎvπ~Æ0ò»îÙs”≤8å4‰±ÿvv”Ó0vÍÕÌøÇUïTqÁD‡†“0ÛE"u¬ÚuPqB5Rœu’{]jÀª>ˆ&¢∞,t-édH‘Yx5GÃ\B3WG~¸-x'œÍµ…i=ˇZÅù7¯UﬂÙ“ãÄ©ï˜dÎıÛÉê˛„ÍïTn—ˇÙq’,ıZtëdtïFt/›s?≠R∑˘`Pµé|ÂP[KÍ]aÛ¡±B±:Lv˘¡ò*&ªV8fÛ≠>à◊kHaRæZ™Ù:‘}±‹‚´wÆ˝zÌôÛ›mÆÊ€≠ß~¬%g\a≈ÓÔΩL˜Zm˚ç&Â7ÃdÌfRKV*WöåêÅ{Å”I:pËCni8‰)∑Ä
>ﬁ¸s%nvNa~Éﬂ«ç*ïJÂÇºOôJ˘~§òºf##9œÕ9c¬µz˛4£≈âô]Œ:‹]i¸x-ç_n’eÚWKÙ€SÙ˚ï¨TΩ‘iœº;Q÷ÁÂâéµér}ù©SØ-¸ﬂvgEJ’∫ÌàVó…Ø6˝´\OÿÂlˆ`8n4/sﬁû¬~îø4ÚµjåR∂T®I¸‰ËXôú*JQ)‡◊∫:“ƒ1	q2…3>¯Itzïéı†˘ÆÃV˙“¨œ7¨ü›ÀÁª/€ò6™ã`^-N∫Ø„ŒW2}R»…R°≠®‚õªôÇˆá··Áµìi≤IÈæbæ⁄aÀºŸYJZA"<…ôUØfˆ¬îƒº•7B»1£vº)ékû¢l7Atw”Ú±û´∫‚ÃŸ‹¿;€¸˛<üqk∏ê}uAzXo≤@7=°Sy≈˚€ãÛòh∂ÀI-Õ˜¬¢êêÎh∑h^ô}ÿçﬂ˚háÁÿR<ŸD%ï±Yã˚4õnÅÜ+ˆ&©á‰"]é'∂·}Áébh^—¨ Îãà†ûjœÏß˝êØ‹à?ß ùoå¡eò7ˆÙºS…»ÜÃái√˝ÕsÛ©…Ô^sÙ@_⁄ø L0k¶«î:3Ï≈†&c˝¥Î$ö›∆/·èΩò3f,z†˛V;«P⁄‹(S®	•œ€Œl\«X÷≠ío|ˆ‹Ç¿ßZ≈3yÁ+Em6π∫è1Æ±Ç+Í≤6ÿ˛Ç¬∆ìB¯nøπŸÓÏ*«Ä9&êÉ—ìo|m-ˇÍàµ"(ÅVáÒ™˜ò›öì4mÖ±F˘Ø“X% Ú©n5A∑ù„¯R`|Ô≤üOº¡^M{JDÙªW˘]ù∆L¨v’Y8·rDÜïΩ Õ¬Á7Ë@ö2sÀ∆˙œ'/k◊‡ö‹UCõç˘ŒySe90-/Â96scX§7u∑ÜQÖùÆ~Zº*∏f˘ﬁ«¨)€'◊ÔY≥Ño‰1E÷ûw4ƒ≈4€$êAZ‰+Al<1eg€^Oœâ∞Eù;)ŸºUÑŸ≠7„,Çoi‘òÚ¨cëXì…®DÙˆÓ/Çß˜≥Âò≈{(K˜ÁU#≥}•tÅŒ®6≠¿©‡y"BFˆø“±±±yﬂ8¯ÄÒó»Â:båxÙìp;~ŸF
˙ùDåß‘/óUõnÓzΩHR≠4Ωö=æX"]ÿm5[;ˇì´œﬂ#¸÷moÌ†ºìÕΩì®ºΩY'cKíKÕ»<∞RéøêVüﬂ'£úÂ≈bkÎ$F≥‚¸n©ˆ˜!2∆enKª^Or6d≈)»{⁄F»⁄†¡LñÌtO[É◊ßàD(Übk˚{@I"æ?˙a⁄6“Ç”‹%3Hπ+“«∑éöΩı`ú%QÂŸo∂Ê¬ÿ˛}Ÿ ¬ñ´˘ê'„$≥mZΩ∏H'º4Ã≠àmù†2áé$¥“.Q	√¸ÉÂØÊ∫≤ÏOù]§ËzÍdX¨]∑/Ò±óæ÷˙‡0Q∑xOsè¢G¡˙p`±˛˝¬–ÙwH°“*\ê÷?‹á≥ü¯O1k]SJ(ÍÒ∫±◊{∂Ár¸]∫V@vªxÖÀ)zQd≥√Øü5◊7DÙIExÙrÃ∑òÂ„`_5O0çwøC]h)U%dn¯q— )ÂˇK˜O∏l∑O∞ôñÉˆåÁç 	an•ˆéCÀœ!è·ê?¡ ≈z4Ù€rß	cÌ
±ˆœXéÜº3Ük0‚%ék
ı∫)˜há¿íKâ±ß“íÀ?)wÈüV"s:ò˜Ûô⁄Ol◊“⁄ÕÌpÛ@Ôç•:v€¢™˙õÑhW$ëÈŒ?UÎ©c	ë4πã6ôÂiµM–VO≠˘"I˚jÌˇä¯s˜£,Kó&©»d¯“¡¨óøH∫èIÎzs¡—éÂA72S“N¯6L{É2Ó–d%r_ò†·NjÌ9ˇü˙P»«nk)n~<Rû±GòÂö¸§¸üRÂ‘ä ¡Œ≤q
˙—.ÈÔDQ¸ÒÅˇ_ù™Ñek¯…Ûb>ûn:H÷Glj@èe;∫‹î¥ﬁµ 5nål◊gDEzfx‰ob¢∏zUrj˘ÓMƒS∆∏.˚Ïûy∆.`Tû£•Wbõ£YÊ'Îã<Â∑§úßeÃZ*√òÄ»˜WäÄΩπé˙>Àª‚d≠iåª—+Æ£Ña›¥1çÅõ€–Eö÷EΩ≈√áK9P˙K~ìôeOVåõ*Ë[Wºm8ΩπÅÆò;ﬁ!pwfç¢f´∞˙+_Õì($ê¥Ü/Ú˙VπËùò$M—≈FpŒÈù,4Û,)y)[€ê¿ıLëÖeöE6éåS≈¢0‰	î$OE√/∂¥ˇ¶Àh[¿n£„™A“∞rd/—ê∆cä§!^ºvBñxo‚H√Ic˙¿Od*cä¶*;˘r£	’ëπÓß/M©R«2ÈùŒﬂC∞ƒ¿{“\∂uÉì»œÿÿXeπ˙[ …£∫∏'—y!…E“ò/˙[æ)ä≠ãG∆”ìÉbæ›jü3¸Ç1(J⁄÷∆”j∏»,ì°.∆5.FØ‹Û&„¨R∆|€êk¯¸¯ 5– äˇ%ø_U]a,OÁûh®ÈΩò´K¶Y.pRd†QŸu∏˝dóÎ®÷é1‡¸^¡F\†ù`±gtzc_ºwçú¿¯
e™ñGà(V¿«X◊Ü^xBe7·∂†Ã∆Øá∑Ó®vùıiﬂmp3Ëê™ù‚U˙ÂÀÑKÃ—ƒ±mÚ0Xô¨F'ÙÀ™ù§)¥Æ¿˜·îl€¬+§˛› YÜ$ﬁ>˜æ(»YØΩ]X˜⁄E~g”¯∂Ù7;&[Q]÷Ié˝z8üÉyIQÑe∆G“sË\$ß;¶≈Tû*AwåÃw_y*ı⁄∏7°F∏≠·∂ælô∑s¬jS0hÊ”9ñîk¨€±Ä◊ÉÄèÖÆ\[ŒCwÈË@û5˘S3¡rnÃ4hº≠áSü)j°⁄ØvÜCë»ô»U˜Û
é”›'—Ê0óä®◊ Î™hwÖ5Nq5Ê4‚À‡gÒRÁTcmöbUïT‚pcÁ¯¨9Ù÷í]◊˛‚≈òÂ[ŸT¸‰%í#§º¯Ö:˛Å›ˇÊ≥‰~oìô#Â«±zN)–%Ô¡‰öÔΩﬂAú◊lá¢ëª,(u®—>6Á¿hÈ'AHñ7Uí/èÎ˝^¢2,a2a-^@ü<¸Ωƒ,Dëo
;±cõ˛Û›2"ÚÚ$ÏvÇ˝ k&fﬁ◊ºTÛÀ°åıü¡ElŸJﬂJ±T‚®ì°ÁãG~,/ Ê!+ñ9≈M€π:H1Û·¥°LVåTmk ‚¶é≥ÕπÌH≤`‰√œrël“Û0õÓeüƒ‹Ö‰ªb@ÛÆ"Àû›ûÕü&H=]Aü9BÑ0’Z§QG;∏¢÷˜º˝B`≠·ÜúÀ€◊í*KÃ1;Æç,E(%>O(ƒ|UEÁ=YÑ”?ÆªÂ@pÈ±Ö=P*›Ô˚UJ]„ºq=a ã»ë·ªçÆ9’^Øñ0DrôÁ¶X!¨tÿßW6Ñ9.*(9(∏A«Ò˝<†ë-è/î¸ 6•à˚¢£≤ôl¥#3†ä„€œSH”ÆQ~
ﬁ˘¶=Œhï\˙5∏}ı:IVëµ[:Òéy≠≤üNÚùDüN¡£~π√øfä9ÏBd◊qPJA˛ ˇ‰\ZF8›GﬁFZN8ó G≥Ø›IyV¡úyM	W™Ç#œD‚üƒa<πÆôåS•≈…ØT_ÿ[≥w&“≤ÖîúL•xˇªÀÄ∑$xDô!‹≤•€c-¯ŸvÛ‚«§À
ïû…;„‚]˜„.˝¡9n(¿m◊òÏÃ€∂&´Î◊4ÆÂ¶tPc©Iê%h1sP„¶∂å F†C)ôzu~	ıß£*£≥dô»f∫0¿ˇÄVát≤ Ïﬂ˘&+µÙŸ‘•∞P◊¬À»ÆY˝%ì∆—åjˇπªDG^LøÈñÌà™á˙å∂á◊gÈMj¥ ˛Ω!’-ù
Úˆ°ÎuËCXc˙Öâ7)ª‹fK±m'éHÏ˚ÛF-	»êuœn∆qJk@ÖuÍ‚Í§˜Sêï Eèü—¨,îÓµ1Ò≠÷b2Ú‡Øµ—tÄˇ≤âq¨†Yù‡ﬁ(%ïŒ∏ŸËñ¡‘ ”•ÑPÒıU\R√ó®m∞ƒ&˛¿ç›G≠çzàÄÑ8Ã¡ÓÖØ{¯¨ÊöŒ≠IXf¨ñ˙¡°>±‰Ä7VUj¨ºÜ»ù„t„+ª}ËáŒ›dÁ6˝—ÈÓ¢ÜÚgÅùoKs&É‡“)
,)I?:Ë∞
Û£S∆SÁãYHÎÚ≠∏ı–]˛ ¶tºiŒB©ô¬I⁄Äl0G∫˜ë,æâ3A*-ÔQîjçÊiˆÛ§RcG»Ÿõ‘b{î‚Í†DE˘Ÿ—`Òg¢GEôÿR`Ê
jøW–GâÕTßS1[	oô	≥c˛]≥£ßb	∂/:/¶€ñ¡â˚”%v6≤ú)3sÍ—FtVúU§Ã6∑´ôîlsÃKØÊ|yY—•MÚgW⁄mUﬂRN¿ƒ:Rü5Öîì3 Œ√W!ŸŸ´Ñ¶›⁄d‘;ïj8/Ô√[¢í7\¯(ºgÄwÖ¥∞F…gC§OHæ£”±%:ßÍ¶s,<÷K≤’§∑„mpDu√F”ûëÓ–Ù“Üª· ø`<§Ûˆü	ã °’˜ƒÙ∑ìªaYôQW4pbºÍ·	5dòZ´8…ùnFª€≤-M4,j=!E‚ÓÙ
›O’y(n:æk©x¬'~?£û¸ìßxûç`K•u.Ì9 )´ÑÎÎ«ë.ƒ"w˘íû7«Â√…î´äÃïà^–‘Ÿı}ËOµ<f≥¿πço—„RÓ¿õ¨“1ÇYıÁcÈìö
!7ÚÔ1˜8¨¬¶,êÓW Sö5Nø#ãº©7äÖb ê∆≥Å¶DÌÙw@†÷>∏(B)#xxª{,ù|∆\AHzF∏ÿ7g€TëÃ´⁄Ih$~!∞9ÿºé[ÃE}™¶≥Êùd#$Zà˛àŒ™{Oç˚úUKÿ:0t{)
ì®Ë“µ¡K8ºN^#éØ#ú§]Îé∞3˘êñ~⁄76ëBÍa∑:¢ˆ\¥¢+BôçïP[‚ª*¨;*œ∆yî±öπ˛ßnÜ≠Ω$ˇ”X/5Ú\\•$£ËoH'ªO'‚Øh£Öû¢ƒ8Ämà„ÚB&öØ)x…FÎŒ›dùKipèà;´fÜÓ_∞L∑N—w>y°Ê%óM±*h	œh'-&w—eIÚ'U’AeÎ‡w≥ıÁ˝+wY⁄¨óÕ◊FW˚∫ÕVñGB‘ÜéQ[G6ﬂôÊrWSá8âﬂ“†Nu àòè€∫ƒ&O◊–µ.9D±dx"¸êÁƒŸ√Ãt…C¿YåwO6¯NÿÉ“üµØ°ì<Ö¿R⁄ln{i„q∑≈Á«Üï—˛\JßÅuæô∂!a9¿'†áïV·9‰ä∆&ì·°è©2Ká—0ø.Õ$"5#,°ìÖDXîaSé%ªËÔ,é]é≈À)]É
*õ/íqÛ™%Ÿs˙∏ë¸„UÑäAƒ≥(Ö%∆!°ø”e›êΩ.~*⁄:x+c!ÎCƒ√áî∆◊CSyÒ.‘‰6 Ò\Ü≤%á0àpålè˜˙≈Lí	hBM®‚¸‡m°µ§x¯L_©ûƒf√∆¢©@V@Î#ïe`9fÍ…¿ôøcUßÓœi/O&¯ﬁ˘Y'¯ˇ≤LRs3/Ô‹öO[\≠á9%…?}éÕü~ffø_TNsÏP@…p{k¬ıÁ“ÌdM—^õ.WÂ%˛Å ,ˇ}éHIˇÜê v∂}Ú˘ﬁø

‡Jùê«˘ô@ÿ‡“˘ÑºË_ÍpÑ˚É‹c)	£˜’ù¿{ÔNa¢hˇ¯l}G≈•ïH{˙ôXº|⁄ÍMˆNœêÑú‡ùmäA¿÷‘mÑ2¸(‚U4êﬁÇ8±£Òí)›}£ï›Oß8∏‘EoªüÃÂ1Å/¨¿ÆñÇ◊œUÿcÕLì¶õá—ï^§ip6§õr¬IÂÊv˙x‡œ)à¬®Õj€∂ÀÖuÖÏ\òÛÜs;±õ´ÿx’¬b?ﬂìœ™ÖW´G:f¿q49<4é£Åi3Óƒ∑VV+U
¡/jP"tﬂQ99ˇq$y‡ˆ@êZV…ö™3J®ÔhJb-XTù÷®#2nê	H l⁄h_Û≈Ã>°äRS{≈/]}¢ú∑9*E"≤ÊæéîIu%Hëå*cçò2Å,t^¨5É$ìyf F ˚&ùﬁå@,tû:ä7âG‡<àí‡?cÕ`>DÑ_F)8—,·∆%F±ÈÆù@n™@Â≠Ûsô(OüzüÑ∞Iﬂ†ÕÒ`µ®∞I´¬f'≈3Q’%á¶u¿Âæló„9|F)°ªp-6yÕÅ¿V™Á·ç1`¥⁄(FáG$Ísz U{PKx6≠€Gq
¨ƒüÎéñÑÙ€`{ìùS∑ƒJáèB;ƒJ¥Ã!q»$Gj7Oß=èOè‘ñôê£LNßB≤˚uúùÒP+r—k™ìÛÁ0lÙ{SÑ!Ô´4°œiπa[Ñ€K„LcC"¨Z,¿‹-+ÚFÑ ¥∑c
ü±a∏¡à	Br}OXv∞oåÛ)‰nTR™?›>Èy≠‹©‰C≠zZ‡πù6Çï;—ä(∞V¥˝T§•V^ÈR—ûÓi≠“˜ÜÀÉ`¬§&√1v<"àPﬂ|–Pe˘üê¸ÈŒ‡(oìTπƒn„˘r”˝“>æ›Y*¥20Ë´ 0ãâpåìÀ{3ä©°›t£wfrTä∞À∂„◊ûËòÉJvëx∏ÏfDQÂ∞‘‚‚?ïy]/$ÇØª	Ù·$Cå‚ˆéÑ–rÁ¥b	Vóî-§†&}z›¬ÊÍ ñ$Ä0œM7IXÈ·≥ù#!≈:I∑l$∂o“IFîgB"Åî~HlÅíﬂD°Òâ˛?w∞Ù\C √≥>Û»‚êñ'mpøqÓ÷D:™åπ9∏ÎW?ÙI@‘àc>Ω±70ü%¨|*B∆Í¬ü^îoΩ:ü’*ı©≠e‡ﬂ+JlIFª</îÜhÿ	∫ <.Ró‡cC‡Á)≈9¯Kª_ﬂ<ójœC©?k√’7œÙ\ÁÀÚEœÖK3
íÂË“∆_rhoœ*ÊÉà·i$P‹ÔMcÊ\GwÕ‰OÓ∏Ó$7-"v ﬁ¢ÔÍÄ2≤}?Î“∏“w8A}˜-Z:°Lú¿Ûı8ŒˇQG_ﬂWeíÓäêá∏∑}ßÛÂ8Nh˜GˇvÊ©æõùò@©Ì≠ó+{∞‰6"FVıuˇvh–iôt≈ìÁŒ˛ÎÕUbPRÆ”Âÿ««n÷ò=˛FÿÉW‰íYäÛF#d;∂
€èü®Pâ◊ΩaXë¸8√…BJa[j˙êíÑ§ì;XíÑﬂ’÷¯YˇæÎﬁx‹îIHÍVpﬂ©.ÕÉ»õ Œf2∏7Üzt»2ˇã9€¡ ¢;ZﬂÅ&µtf*f◊∆˜uå’ß  £˘∑û!ÃMÙ·õ„’„"åÅB¨∂÷$BK¢ŸB´ ÛZ´È*d®1¶˚≈Æ…ø⁄‰ËL”–|˙¸·(ä]ím–◊8åj_LõTnTx§L®YÛ!yRÎnT¥ßÊ≤P®≥rfPÕÑYbCÃó∂ÂgOâÉ¬∞æ e‘ˆ·8“J¯£·JÔGŸ∑ªê±ı˚≥DÒ]Cn«:Co Ó1y~;	≥Ÿ‘I∏ ‚ÄP/›è,t!t@S“C‘k¬"÷»b¯41%ΩÂMhl.õ5é¯x¿ﬁéØh[∑∞{∫í;~◊ïÃH£
ƒÉZ‰Ñ£&˚î(}%?!∑≥c¯~†hê‡ÃÈÑ∞{µØÊ(ÈÇ∂∏Ó§8XÙ<An·'±	|∂â«ˇŸÀ.	}˜◊0®Aï´œVﬁ·≠êUíxPäIcÑ˘mÍÌóO√£EÔp†∑Mºo8ÌÂ/Óby‚Ûûa~4GƒD·ˆ_—ÖË”ƒËkEü∂+N!∑ó_uˆFÊÉâ2*ü⁄m’⁄jVh…-õ¨Ω([‘KOnaàÁ’ûπÇ˛Ëibı•nı`1DZÙ6ñ¢“!≤C˝ã˘æûÑûå∞¸ûÄ_í*ÇëÉx;òåöå¡—,˘ªÜºÔ`Ù|∂q˛æl
XHQª}˘€¡]xÏ–∂|, ÛPˇÒ≤¿`†€∞\_”∫lˆà∫ $\œÚΩñ [»⁄$„#∑y)Ò>*é∫¡:0»6`–Ôle˙h—•3X”0X‰d|xª=›0é∂˝io·nxl&˜ø[∫æU∞`Ã¶óg•2Íwºz_]˜eÆ‰å´ò9tÿOlºæx8D[˘zVbj4ot˘;ºwU|X<î/8ÿÁ(ìON ∂∆Á£$°ØÂkÏLN®¯∂pº__?õ[5\o˚^Ÿ∂¸Òøs~Z∫~∂≠mˇÛ¯v˝ïˆÕ™Ö˝£≈À>√*ÁDºP™Ó¢á9√˚ ÷ÎÓÙuåQ'%'eÕıyôÍŒ-=N_BÔåCW ¿À…ΩæáîSAuI(f©Yêí”‹ÄëOrπ+j_Üµí“œàm$K‹Ã∂⁄Óã°ﬁ˜¢◊  5≤a(Kr»œ(Œ√4¶i®£ﬂX⁄ßΩ~P“«vó]<….Œß≈4«•√±ch	—=q#C6ºaËØT*¬Ú.L›ê∏Ω5à¯ò˛¸–ÂæÂ˝√«V}X5[¡*nÃuÚ∑àı∏R!™çÚ£B™ÌGÔ}R!‹!ëNÇ6πÏáß∆º¶O{*Wa@{€ óèÌﬁﬂ˝£·/+;˙ˆç/‘WRÁò†˚vÿYªˆ°´‘ø∞‚*«≈…≈–	ãÁø©öAâ9ﬂø£ŒzS≤±&‡õ~;≥jU‹C™Œ‘›≈›P€LπÕ"`ÇXn∏ß“À•˚	€Hl óv(McjÜ™DõÎÌ%}^˚qk¯◊áY˝m%}NGÈ”	 ÁøÔ£≠Äœ…xiÁƒà}⁄“Àf“wòó	yù3è/ÁÒCrXu\l1A™,1ßUõ∑⁄5ÛGÂÂı≥Q{wçZ=E/ëõ/V∫˛ûeÒ7Ô_æœ•W¥âM/ã˚®Á†TQr‹UM–√∑9NÔ.˙Wt˙xR¨_ÿuà–Õ˘Ø`8ﬂÑ	ÚEÃ=Í˚/¨¶H{∏Ñ‰[ë·ïnèF∑VÕÅW∫ê	*A≠ëMUsπ∂ ˆ€¥–ZÒI2Ã“Ó∏ºBZ%dç0	_”âê§ i›∏ÉîçA2Cu∫ÔÃ`1‘WKP"HlÙ"ŒtTıöˆt¥¥8N©Ä·£-å±—¨MêY˘à yÖË?∫80¶_Æ„í5øbHÓﬂ.Mı«´c∞ÄA˘^éDÓA2cçI?[3…ëT’bÌ~ŒoªOGÓ&J0`U{ÈHÄ*òc-ñV„Y`d¬oÏÿWÿyq?]Zçπ±“«hÔp√µmP`=∆,Q¿…1«bL˜0∆ÖFˆ@äªºP˝	ﬁ≠…√øiä5rE“ÕÑ6$¥´`©J0üÆ~RüáBËÏB¶k£r<q
Í‹˙r,Já¥Ê}˝r'L‚ó1“¸JscŸ&’ñ<l∆‰”G€˝˝˜üªÍEófi√säëróMr©á©c‘”Üû˚)ÎÖÉ_›"≥e`ˆ+\ÑÑ¶≥‚¯Ω`w/öçÜ›ö˛∫ËêR	‡ZGﬂáIí%zπ©Y¥≠Lõ™~6Ñ<€8RÃ'"W
ó¸¶Ÿÿ≠·~ª„åB«W@ëàâÉ}ÒÓ&ZÖKq◊;JsT	Db$ RµüÓ0'$5…¢¢á«Ùﬂ{ê»aÜ&§$òï<DR!Ôàq®ÚÖ!UIƒ†M0$®’‘x©ÕãWÎ€o1lT>üCQFù‘G’œfn¨πæ¡Àc^º>Múqg6≠wt¯¸p=Cí
Îzº|;^oR©˘pqÍÚ˛p|π‹∫ﬂöõ©∂ﬂ4—Qƒ¶ÆñWò¨™~HPïÜŸ„r„àä#WÏíX¸˛ÕØ≥28$¨ﬁj‚º@rAHA„j∂›'◊ç0U4@LÖãWa0¢?æ„¬G®Mp∑963ƒ~J˛€∫ÚÔ§ˇ6BI‚6x	õæÜ8 .◊'ìÜ‡±_E[å˛;£ù}2H"∂≥[Ú¸g™rƒl,§*›ƒ7!áπ9'.–PáÀ%H4⁄^àÕìJ‡Ú∑±ª◊ãÿ“i™^Äeö±§Øf™ÍﬂY2œ◊iÚpû¨ø∂Ëpπ»<áä∞ú´;ÜoE;,≠èÿ&J$ä7€6;ª§¿‡“ÓG∫.∆ÚÑƒôBqÖƒë…;C?(∆ÒÜ^Lf¬ÅÄ	:QÄeå=2E Ük	3^zä¥k7s^Kå5`<>d˘∞: Ñ/ﬁ†Øôí)o-5ﬂ‚N8uiBXœüÑË ˚´å9áéÌë€e&≥ÕëuçÏk[0∑Êƒ÷Í,Âóä•Ì*ˇs™ÑjfÁ∏BÙ√2†º˚˘Q-p˛›Ú~≤ô¿‚0øb	Jõ|∆!¥cÎ¸Ú/ó˛- C<Lâ#‹†ô’_Söó9ﬂ•è*àÄÚÅÎPxMÎ‹iÍ‚≥±ÿ^Æë≠ÌäUP’˝Bm3;§„Ò®G~6-±ã\µ2√ÉY√dnn#∞¸ä?j”(ÚH{>ñÍ°bÇ;∏ñ|ÉS¿π÷∞Ü¥´©—∫_£"Â·≥-˘◊St:∑G[?Ä˙ÀòpôN¨%‚Å3QVÛµ
§œ∞\Kl\«∑l6ŒfˇB% ÒÀ<À|"¬qeÕΩ1.é|¿õòÅ,)‰Áoûgc‹Ôü+úøN8B™£4ÔGv}˝´ú^œÇU{Îö›ûV$’UåÚIP&«>Ø 4¨YWCnﬁ√Îx§„Íû√(´¡¿∫(+GuÊ{UDÑ≈Õ˛dzù[®~~™¯ëGÅ√zG2!≈Ñ4ñaÈ "ÓbQYëΩœ5+tˆõêB~Ïã˝@)ÿ9Éê&n9Wƒåy›zÿlÿœÚáÈZÓ«øëMü<™,Ñ,BH`Ä˝«iu¬"«ú¢ <‡ü_;´¢èáè‹pÃf:8D~!ﬂˇ£Ç¢Ë`ÈO[¥L_”ÒUÊõ∂BW)Ú“ú'1ª&I!é;⁄º^ôÕìâTµZ.Nw
ÜíçT»∂XD	ûHB"IÏUçÄÂ”áË£?ü\íwaOˇyp¬Ó‡ö!∂ü&ƒsˆ)zè*vc	T•ƒ@_hå1¡ßéLF˘qπU£Nò:”úë1˝*Óπãc©=%PúEU°?˜€çì:M¸E:é˙≥åKsvKL∑Ö∏€¡ãı â≤KÛÌª"– «ãΩê ∑ıèø!≈ôGmÜÄ!Ò∂∞w©πµ’∏€ƒΩÑÜ‹âŸkPïÂ>ho¢ÀËæÆ;ÆÀ¡∏¸ì÷…3Y\&TÄY‘§, ˙@U2?#Ï^‘∞ZÓØ≠øÃÊ◊;™ùæZLU(jXm≤ñ®Ω[∆•±jñR¨hÙÒå_º˛Dôo9˜}§d&µQóˆdæ∏5ò#ŒÅÜˆrufﬁu∑”C3M{≠pÕCU’Ñx∏æ3œÁ»<•r{ï˚‡Utá√’™O"fñ¶ZéÇ—aí,à_Rn*¥ΩÊÊKEDÕ6uÑ∞Âj)¨ÿW&Kú¸ìŸXVn ]Va“mJ¶éÓ≥ß^	úSn"ß©Î„L€˘ø(Î€`˙BòûûJù5—„m3Q…ﬂGúPdcäLØbvZO≈3ºíÉ…c&Ìi9UÃ˘MöøHà{ª&˜0e$Ì)_ÛîÅ$‘ÆÇ'ÆLﬁ…≈i¬!Ù÷≥i6ºjÆ~˙Ñ-ßVÈ§ ÅyücQê‹ øŒÁÊ|¶qŸ‹’^3LÖ>≥ØI'lqÛªµ°…à÷Œø ÇÃC%QèG¸DL:¿àÂs*}v≥Äƒ
É9
Ï±¸∏õn\ú∂ü‰n]@_hƒg*ç≤ÚÆy\˘˙Ø{@)9H¸0üvµ>]iUîB≥ëmQ§6∆à+π8/˙5Ω≈ãJ\")ãcZÿUP˘åˇ\g„—T˙O(±|≤ﬂT0¡Óo3DπﬁÓ∞<lpÕáUù·há°Ô6eALÈ≥í£‡ˇ[ „À|œXÉ–˚Áﬁg–o<ñ D@hÉRø®Òò»˙2âæ}¶ÓœÑ√Hˆ_Ê,äÆÖÔOn¥ûÈÊf6ÎC«∏Ú#WºXÀÍπ%∆W%+™®ïí∏ı∏Op˘D'≥™º¨ñ…MæiÖô/©2ì˚◊/ˇ√h7Í¯]Z˝…PBüçœxJm˝vø%&ŸCÑÎ¯èËåGâK~iA
Q3õÖ=&˝rÈ˚‹	1J@"S¥ƒ¯.8¶˛_ˇ0˛?ïMFü§Úfî≠∫≥xä⁄Õ¢VæA‹≠ÎP√Ã&`CI«R«ìw÷¬À€Àz!œ1Ô—ØËVê„}√ØêÔˇÍµOfh≥◊èú’	êTA3øE¯ƒuÇ*ƒÁØZŸ+÷üÀä∆”Æ©îÍÉ#”ƒ¿\∑”Æ1ÈØ◊±å?o‰g∆2,ˆ È>Ä≠®* °˚ìiÉ<Í£°ø)˛3JÀ[¥Íä‘ÑÈªã2#Ÿ·73˝=ı≈4œ∏%Â∞ΩÓrÌjÛ`⁄˜‘,æÿﬂF·öÓŒç“´∏«Á	 ˜˘uÔ-∂tÎ_{ﬁ°t/õB},'xˆ}√üÀW•Sºjå@x	Úó.´8¯£N–·®≈‹!msè8≤IIdJfIê!6-‘/Ó_5‘¯ópN’-;êë<’+∆]ß¢π«qúeRxñπ≠è:s–<jUµî‰Z£
i÷FNz`F0Õﬁ<„m€jú]∂ë÷%Ï"¥˛∏⁄ÿ˜:HY[hdõÛ˚ëÄÅÒäÊÑ≤Ÿ›dó†(äYEíÕ‡Wßßƒ±ˇcÓ$Y∞µç∂m€∂Õi”vO€∂m[”Ê¥m€6ßm[∑Êú˜˝‚ã∏˜«ç®™‹ï;ˆ ïô+TŸP±?S@V∆x62õ‡éÛ„J‹‘rvBHgfçsdK‰˙g=‹¨ ⁄…ÆÖ&n·»¥¢öÙØêy5JÀBÂIz=;Ú|J‡ˇ¢D@%Äã´YäêâusÇÆ%´‹lÑùƒ8„%Cà◊DXì%ó?ÎËFªæô%ÛË≤ØÛ◊ÑMnΩÃ]ıÜ˜0Û≠È’q,JÑûf·äGÑqå,≠
L4·ÅªyhUdÁ™‹CKM”ä¡úôbP1ÊB¥A1≠Xˆ≈/<ó∑_ôÏ⁄Äs˛∞Ì∆aOÀsËï}¶øG-™5´¨∑àÂg?L=@¬s%±n™!≠8ò@+L“ó`”8®±”%kä
Q2ñh&êÓ¥"å¬â⁄rÅ¡Ì3;…Î»6@Duv≈ˇ´"Rª7AÑd]Ÿ†Üƒ(à<3uı4u}Fﬂœ√ùÔœA≥Ágªkıç •Äl5j3õó∑ß∞•µ∏ÔÁ∑´⁄âñVüûVØ˜⁄◊«¥çé•/åIÈ‚§Åq*aÎâP>CgJê≈sázÉ—–ˆ„¿@i∞:%µÊ$˚ãlak§îA€µ£ˇö…¬k(r0 ≠Ú˛®‚n9È|T¬ïâ[ñpºbR“≤¸øŸb=!Q§…ê@õ+@®fl@çC˝2k0w£˛œ„⁄á¯Ç«¬÷∞jSƒ·Ù¿g5¬ªºB‚APeBH∏∆áêu-yEDÆ	¯åaihÎU»„ç~DDµX'Ã$mßWõ˜“ê˘]¡ÂÁ°88$ß\∫·Òñ
È‡âi7s>%‡Ï‡I⁄PHñ8-l€â≠nÏ‡0ó_
ÈOˆÅ‡J0˛Åà⁄:£ô⁄6âÂD^ U*âÚHLëÅL °ÿvS(ˇn÷
w±óÌ»|1€Àb∂êﬂXñH∏êˇã„Ãã4GFÉÑ	©˘ÍpKOEÕPmC∏wi≈)™≥ÈÏ…Ωo≥Áfc€ìz¬”∑—]Õ‹NﬂŸÏ≥Db3dΩfö ∑8¸≤¥8ïC„∞‡__œﬂftå÷j§DÕ	üZï’Ù_sì≤LoM∏èÁ∞I.ãŸÖ‚˝	îì P∏ãW˘ül πåkOÃIÙêÒÕeìMÉÕXπÊøÄ∫7OõÌÙñöJŸ;D¡/œ ÿÑ>n„›Å<Nx"⁄ÔaÃ
:Ç©xfÀ∆îswÔ≠ùT&‰9æÀ2•ÜèÊt''JÖÆ¡µIﬂ÷ãe1:D9?,	GˆÛﬂç˜>œ+}Ω[⁄Ωz`FNéEÖèÁ‚O•q=ŒO£{àŒEy,pHF=5ß∫ÕP:¨œ»⁄1yˆG]ó±<ÑSõì\Ïçñ«ßPæ‹Wl›|•Ãçñ´ãºÏ‘î
∆+7Sq¥Ûì‘=V„∑srÔ]Á6eπäZtÛ
˜ˆé)0O∑çôÓi°O‹µ~y´≥”3√^g8 ‡§®*…ûØçÚG ÊÏ/(Q˜Ñ`@D>`Ó˝I¬ˇ@[tàÈ ©©ôh≈…$]4¬˜Y∑Ë±iÑ≈+i∞éÔA£?ë¨¥0„ûë‰•lî<JlàEpzQÓMí∑-ÁI£/≥à«ìr˝Ùﬂüo∑lq9[Bgº–¡886≥eã∞c|·Z{E’ÖM§r… w±~z%ñ≈ìã'˛~†àŸzÆø.RüïYç"√ûPìÎJ\&ydßBY≈πõ„AxutHp≠e~ﬁÚÌ£Ek.= Ã∑P4.≈Ì…≠Õny¶'πÉƒ"{ˆÂåFi›£„è7˝≥ﬁØ±h`amÍ˛M#¯ÒdX”s2.7â?W‹ÍDØv)ùûHC‘V—	¸rGó‘≤"/N4 ô{uÕB◊qç∞ç
‘≤íhw5Í!"ÔF+◊C(xACê0#õ“yøàƒ†ÅNöy “ôqŒ_)mp7QG¯|&J”±ù˘ZÑ∂H§æù9åt¬?ì™3ÀÕ˘Øébz
oûÙxß:≤c˜'Õuí1ﬁÚX˜Y∑à¡ﬂôn[4†ñlè•\*±£-&,Ú¯Ω8ø%˝†#ŒØÒö∑˜≈ˇl>+€¡P„¬˝\TˇÃÆO6,¶ßΩ\ÛÄ<+["⁄˜lq'≠\QË„dßEèÂÕáõ±ØÉ	≈#{/¿t∏)3H·ƒÇ¡àœX–|O¢Û«°Ö∫¯ùr
ﬁ&<ÖÓ‹ßutÃ∂T5ÑS”PÑbírÇÅ¨ò Œs4∫[Ïdg)ô,4‚>ôgeã3ÅN
¨hû@çN¨¡Œ≠j0EBÙ WZπv!∏®±¯rE¬]˚
	P{·•pııˇQ{˝?á=¯L¶Ü≠ó˛íhùR[1Q∫vA2˜˚Âã,ÔÙy!ÿPa„üy¢å£Ä‹óB∫4>≤èﬁàâ!?~≥H“Ã´mjXiÚôƒgÎCØƒc/jìQgàé∏f√˝Æá ˝-‰+¡v#nzæ¨“áRØ†%PSÄë5^˘kwCzkLkÑv`Â∂˝gL≈‹@á{EsárV¨Âô§˝3õP·è˙Yahˆ¶+7s†e,¨Ç·¶◊¿ùê$»N›S∆0+:(˚ÃÛ„@xr‡U%´AÓ)Ï
®3∑‹}ê;«ÃÛ02nC∑c%ÂåfiÁ((™0ﬁöπHcÕD vu$&rÄ≤‚Î‰≠ÈÛ~èõJtJÈë‰ëj¶≤®zöh!ã"ˆÿ∫uËºL~¬Òˆ	pÄôs≤‰ô^˜‚IzG›u‹s—^üøpØmy`•ÙÂË◊3õãÅMÁÓü“É˛'_'*Ö⁄~ãJ¬Á6ÕZˇM@ùØ˜Ï 6JCÿÄ≥J°j„ª˛‡G®Ó‰’G‚‚◊™ûJë6ò‚ı4„‹E\N0ª“⁄=ı3Ûq˛÷+9èÒS™âP∫hø™Z∞`ËÙîçúö≥Öÿ6V§Ø∑}Œ«ÃÓºª˘93óYàï1Î Íë$)û,ÚñSÛ‘ä>IπË•Îœ˙Ú—õ¨Å∑Á‹ûÔ
œµ„%cxq¬%˜"Å)S∑RF}åŒã!˝ß◊˙ÈÈiïÕ»ùõ•6Î˘ùÑHÜ˜À®2¬ï”‹≠∑ç¸œÍµ´g£œ=9Ú£ıΩ?e_FÖ.’gS‚ãÌE<˜{ªÁDJ<o˛›Øó[Ò∂ot∑*nˆY≤ßf_wnIlÿù«Á≥ã5˚j†¶Oüê‹É.èe2i˙lZüÕëå<ózÇ$™Zu<q*◊ı®]ëûËÏYîsº∫o√éÑE?µ˘+~oπ˙‘<Ê˙`yg+$÷<»?àN&ÓΩÏklëEÆ›9±»-=7;s….é›≠®ˇÙ‘8PP–sﬂ˛	¢4ÑàQìä˛‹]˝∏Ô ÒX˙P∑P˛∆ÑΩ„˚'“≤ ÏûÏΩWı) )Üå˚ôÒy7^πÍæÃã†«/WjôhÏ∂Î*dÉJ˝´ËıÇ£ëëgJ\ÏZ≈6Ç Ì“åÓúñÉJÊ∫”⁄RÔeÚãÎ^≤ü.§Ÿ!>'° Â{;BÙxmuÉÅ»]g¯CÍä¬è&Æ¨.ÈxsèmeÊ+[íÂ_7°√?êtÚ≈5=b[AƒveÆ9ﬂ˝ø¿±Ê‹ÿ\Ã8Äé%@°axAY$ç9ë=F ó(RsN◊˘T#M'†¥∞‚íjT}	4ﬁ]⁄pWsÆÉﬁ€rxõÃûÖj∞a˚⁄øàÄ#›««˚> MŒgó2ÚsŸ˙I‚kÏ¬¬1{ òN·ÂÃ}øEuÓßp›ø<yˆ®aÄr\:9ËıxrPNh˛+»äï<ÙsŸ¸È=ò]µ|ráôÄï2®¥≤ÔbFÑÙPŒ}5hª•‹$3´˘*¥âû%∑ÿ≠“˝v>Íˇ˘áhV´ê(Te¡•—ıé=9EßÔûìË†¿m‘ ®ùˆo·¬®ÊµÉ2iOzó°ÄÂç>„+/é"¿ ⁄%YX#Ù‚7fY’gò8ÅÂY?‘¯jﬁyçSQ˚iøvà¡%¸úûΩP® wu,~°LˆìIòæ?7r)∞e5SkÇ0˙M≤0 EÓ"LÀ÷O#
Û°ëm3¨?ΩÀ$vFNƒ¬ ãç)*+Ñﬂ˛p‡)7GJjWu3uN0Ó˜D4Qú5kÒôívcˇ¡N#„¸’_$ΩÄ5ÉÂ%PÉaà2»¢F_o π0 õ≥Gâ#—¡˛É‹ù1jéÜÁ5ˇÊµ|¨£Ô®ÂGÅ5È·n' 
™7u1]Xã—6zòy €|£4ªSiù ËLŒ0‚™qæçà«„Ò€/åçw/˜É°¡PwqÑ‡BSZëNƒVÙ04gÇ*/ˆsIèìoéôU¸G˛∑FAt∂qUÑ©KÖ“¶˛e˘o¢´“ˇeqêú(Q\Òy'«FCBMŒ›Áca@! ÆsUî`Õˆfm-K´CË¬∞7v:Ï´∆b,Øä ç¸√#Zµ7∑∆òÑ¶·˛∆>Íˆ8~ÕΩ_–à›Ü∫© ıˆ¿pÇàııq~± ÜÀQÙ¯¯uüÄ&å“EŒ	XyYCp@PÁ_ñ£ˇ*ı´–;:!ZÄ)ZI◊ïájXêôƒ)ª®—É¥ñ5p=ÙŒî"Üü^a[¸Ü¯?÷Åt∆„¶T00°,Ëˇ∑Cƒ-p4{3Fïõ_ﬁóçBÏGXﬂˇ?a˜Œ8ÅΩ&ûW{ÔZ–Ô[ı±~Êœò7N¥@≈≠§OÊ‘ïº~7ù˚ZÓÇ˜≈ΩINNNy+zO‹FÖ”ZQ)∫Ó”¶í`ıÇ`«cÀ-Ôõn√÷ı»€@ñÙ$|Üæÿ#!nïì™G¡≤…1ÂR"§>dN¨Y∞œ˝FÒ÷ÉÊﬂÚ´]éå˘ôè√k
<˜ôï¸r˝ë*àIYDSb∑Â@Üó”ª(Ò?;j∑b•[ÁE“¥j«	g∫ÆÍJ5˘¶˜dû•2;:∂Èøn%+<]7ªñ›|o§∫ÁYSÊQôeB˜„å\í®,A«f∆ÿTwfsˆòî('ÙıÂNÛﬂ˘¯=ˆ<†E—1É∆#ΩÙ≈Wﬁn[ﬂ ∞z™‚ìm◊£*∆>7‡ëË≥KÛﬁ;6å„›Û±$"›4]xÂÒÒÂC°DvŒ¯–éi[®ìÚw ¨nª˚Ñ˜≥¨Ágq ª⁄„ ¢ U{çnªVó≈Ê•{ÒI…ÑHDá$˙1j=·.√ºÔ5íhŒK∑vGÜ˛Lâ ∆«Oéº‡dÿ „"CR÷Éx ¯PÖñèq’’Ãb£`Ò ÔYL!Ì{”ÜDÊ€“B‡u∞ªåZZ√N¢…–´»ègog¯ uhÎM≤∆_F…ß¸:>ÚvcstF—ßb‹˘0äÀ/IW"y™;‡‹F{=”∏©ƒ#n∑ ÖóΩè6!±LF≥•A
çÂ«ÖR;Aê8ª
!CR”çHô∆iêíõ¢§@î0¢z3˚Ó}¢Q4÷F)fy'3òg?à^‰>i,+∂7Z"¥ÌTZî‚2—/òh/CùﬂlK$òø3)◊ûB‹ÕÔ-Ï›$¡ùÖv.Bª≈ˆD<Â5Suµ}cá¡˙DÅÌYg†‡çˆØ:"P¬ã—±ÚëÕ◊†πÄ˝ÆuÃO:Ù‘ å¬ﬁC…ïvƒ÷Sâ{¯ÿ{IF kÖ„QœlOÙ∫ß˘´…7+©˘Ô3êâõ{l,á"kùº
}è≤˛ Âxˇ)Q)T+ßÎ.˘x˚$_hÙ’Õ¿>˘q˜ ·@?ﬂvá_ ﬁo»‘GKõ¯ü“Ö˚$È"ˇõÖœ±ln˙N‹D+ømL2¸ˆ∫,Q	êIk˛I‹Ù„I@“ Vr^.gº‰ˇ‚Mﬂ„Q‰]ÕlÂN1Äg∆^U∆ûídÌßA›Ωï
¡åÄÓºœà7‡CÑÉÕ–WvÛ•{ÿÇâ*Rµ«√∂ |˝AUù[R5ã2%∫˜ãã»)oIê≈ì∂@à¨–≤‡çjM⁄Ê‹™¬^Í›Ê†2:[Ø·#i;Õ∫´ﬁ!rç•ê&)hÄ¥î	]–Ë…ÑµÌ¯zóN!É∞´Œ2Æ˙ZÊ√ï∂˘é“ ulƒ&J7¢C©h?ê5‚ŸvàÔÎÂá±7≤$Å6|v∆ÌÛunT˜ycv˛Ç˛è∂ÃjÄ-Ûﬂ@®wÏ∏l˙iÈânº_âùÜôŸ	¸Õ≠ﬂ…ø∏R∆‹zÀÒéàÑ
¬nEâ3˘&b¶ûÁﬂ4z=Ω_ŸYòªlÏvl®·Ê€
∑$˙?¢uÊùÊﬂí|ÊArõ|üp Œ 8cΩ∑ÙFªG‡P„ç4ÛÅ…&·ƒ‰ü<¿$ )&ÿ"ÒwÚˆà6b¯Bègè˜|Ç≠ZÅﬂØiëé{¶˜.l¿ ≥†ÿ‡»äÆn¶án«ü Œt–5∑ó∆s∞j¶^zµ™:X¸ˇk‚Lj`“9ÖaãœTßÏüΩ9êJöõS°`*Qˇ√M¢$ˇ˛Ê\«Æ—=àó&:BõDˇlBuﬁ'o∏Ò?.ÜøwÃ<Sá¯õ∂Èë¨RP%îá≤E2æ7mf˛dWò˙OpCüaû`Màùs
ˆeáπ≥2¸ø¢ó˘'pzØÇÖ¿7_£—G/ØßW:i‚≥◊^ñ„Öîπ’FÛvCÑî1˛ôUùõ, ©≠KA˝∏‡˚€£ø‹ˆ¬Eı˝~Ùü{=Èu≈ˇG¯@fÅ[° £¢ˇ.I®!;C†»ç‰M‘kQ°èÕ”∂ï#!EæF3GOíáwÂzÙ„$‡?¨è‡[ß„L‰Jp 07πmHºåˇ¶[wœTÊœãX0,Ü'™˛∫1˘öê*0ùéÑÀ-¥Èl\µ¨œâS!/–äÕ?$µÏû±9œöU"D˚«Ê¸ÏÕ¨7ﬁ[ÙT»®4‡d˛©˛∑Í√0,#≈ ÎXÇπmÒ√¬ˇËsôö\Hù∏4C¶—–ˆüÄ	œ˝øFËw⁄≈z'/Ûi;N3@&ƒ„>ﬁ√Éõ˜”ËaBÛÅˇh˛—ÒãY»îÂì◊&;Ü15 .ÅÓÏ”¢±!·õ÷ø>98*
∞_Aeâó…Œ‹i,öC&ﬂCÔ*ÓH›M,àåfÄK¨§:?ìèŸ?)ñµ,owµDy—˙O0&ﬂy„…]≥3r˘ÖÚﬁ;¬[ì5f?+l|}r‰K	èˆ0ŸÒ(9OchR¢TõﬁFµ∂r!#ﬁíÆÁ#p¢U4™∂èÿÈaC~Vth‰Àwµ?“{ÿ{ƒ‹¶–T:°\_ßnÆ(>~|»Ìº”SøÜå¥êÂµ”Í1ßıü’˙˛¨9-ÆËt~»8X7≠óß(R¢p¨à *Aı<ˆË±¶ay&x{üŸÒSÌ∫∏/ö3/B«ç[,]ª∏z8úL˚Ã?á	9û‡·Â˝È@ÎKÿ¢z\/Â'A”~—¬X‡´SÍÁzn∑Ôˆ–a⁄±˜∆ôí˛ÛMUÂªnéG˝—î‘R◊’W9Á’˛&•7ˆ4?œŒ◊ã≥(`¯ˇò±æˇö1Ç≠©Û≥á?¿¨êoùCª¬ˇµcä˜^
ÆIïã—ˇ‹K>2Œ˝)[QTj@ÈZ(˛iãÀ=Â,lÃW?‡æx3≥2,Ÿ2GbÎ˛ÂÛ]∂BjYˇƒÖqSºÕ2%Ãdy3«¥êÒ÷1™4&•üøπO,°∏´±œDÛÎk}∑q"ÕÏ›2hhZM„Œ¶!B‰≤<‰…åDÄ†7`ƒÍíÈOF—≥˜#7N°f(ˆ(O>œo&’›Ù›_…Ω»º‹tH&–‹ﬂ6òàÖt˜¶≈˛D"|€∫—é—ı`sïº…Ω$Ô±zÉ–‰svÁ5u¸pü)Ï⁄*—∆«Wà„K#g6ﬁôKä‘÷=
ñN¥∑πÊ^ûòj“Ô˙ÁÈÔÜ)µÌ3{_ìg_O ’~˜¸O-™∆íM{[èPN~å5ñ~∏†àœx™	Å∏z0qÉE-˝˚7NPåh7˛q¶Uù]ôﬂHOmÚ8Ûp¶ÑyãöW∑ÈKAßÂam›ˇüˆè‚+æmK(cˇó‚)hä÷J˚∂ª&0Å}jpﬂpÊ¬OŸïÿõÜƒ∫èÂUõÓÿîjóØØÜP®Sª~˘6WôŸº˘v˘vlh¯Ù•ÿ}ª≠;¸©1«!úÀÓŒ˘>√G»•Œ
’à±Âß8û∏øèÄÕ•≥ªm˘å}ë_˙fÛƒï¶ÅúI^ú(“˝†9{f,4›W!O:Wö9ù*˘ëõT/«!ØT≥R=¢î˚µ§£íØRm+Ê&$íKÑö¬?)ËÛè∑∞˜∑Ù¨'ÚÏ˝óú'º^ô1ﬁüSŸùáòønóî≤&8Ã>^3i—ëy‚¢≈Êºû91vcKï‘íÄ—y±ä«¨ÛÃΩ◊ó]ÊÚb Lsèn«Jh∑Œ‹Ã¨æ´¢0uè¯4yﬁ~<{üj*©ﬂæá—|Ô˜∆xˆ8¯äqFÚMπë˚Õ°8uDïıDÈè8+©îÚŒ≠û≠˜ÏÎÂÚ–Süoâ'€B`v≈˛=rU<V«G)öÛY!Û™ÛÇ˝ÆÇhiq¬iDZ˚˛ºé:é*◊O,¡åπReµ˝\’fdik√è∆@‹]⁄=Ç.Á∞8Öf£j[â‰Èjπ¸ÚÃ®Øq[ã4__©‡ÃúRïêñvct1äÄ◊Û„iyΩÓ(ç™9˙Ô¨›i∑∫`¸‚±ß∑Ë\g ÆFj˘∆…&2I!ı‹Pú49∞µà∂buìÿqZzÌ	„	´_ÛH˘¨ßZa[.®√¥©LüÙ.o·‘QCí·Âﬁ©'ﬂªAÔ≈Nî∞∂A>é‚ÙÄ'qÒh»QJ≥Zõ±2A,y¿¶njóFPé““¢ùüﬂ ªÕ‡‡ò˚°§ÊÆ¿‚OÙŸˇ§ÉïâÁ5eÕÑL˛+»Å>8‚≈`≥‰◊l¸¿ﬂµkÓ‰#ˇ≤I˛ﬂ≤NΩvq‘4(Ê≠=9ëaãôÁ	tLË+·Y2àø_-∂÷éI˝,∏_ı›ÒÀv|o„)ƒ…Õ«ç¥†˙o`Ÿ©Óhˆr0ﬁ<e!'Î=JC2yáòD5‹âÜà†1Ø„©h¡èº±»ô‡år1,ÂãDÃÏ–…Ä›ÓÀﬂ68	ø,Ú!∂å>ˆJ†2„4Èÿ’»&3X ¡)‚≥„æØX
Ì"‹7Œ"vÅÿ†ΩJ•È7*©·õüÂ´O^'§Âb@†_QÊñqx@ÃﬂŒå@5F|ÔÂƒYH˜≤˝4É,˚¯ä(&‰µ>Ú"©#ân%‘VìÂπD„4	ı3#lf‹&» +p±o+¿N∏™`¿ı¬∏:≤+a `Ì5õ7*,‘˘3<O⁄»ÈΩÖ |≤˛Sç≠ıπ3º“ÉEóù‚o«ç`¶¿ÆÍ=‡U‚ié˛L^m=L¿˜E„c•Æ’!e∏4y˚ ‰∫¥Å Ü6¥≥«Î#æ7-p
⁄Å[K¶˘(c°-ÕK€¬Ü-•c≤!/∞™f5ül{›ı%òäπ[Ú¸Ô‘ îØôËeÎÊÉKíÜK0+Lõ¶ú]‰‚1◊@âd
¿-ñU˘ZWˆÉ™t~@$Zè@Ô¯ˆ≥+àÆ˜´°ˆ¶oﬂ7Ëøø..|¶q•è∫~ì®≥Ú*Ø¡å}|Ág¨√ëc®ÄïÅ+«Dß°+øXëëÀ∑¨≠<µ7/∑¥M‚ô⁄ﬁ9Ìpûb¶{ﬂÜÀΩ¢FD√ëÅ‰Å5π®BgÏÌù"Ô]ÌÌÈs’A“ŒºÌÇÕf≥º$xÉ§Doﬁ"™êàkŒΩ@– ß¡eALH√„o⁄|Í2áÀtµ¬Øz>ÈáK•‚·uHÀaíc0!ÏëˇMé‡WåxakÒ{=)ò¥/Ö:>ï≠ÄSˇtBP!·¿éF¸"ˇï|i7≥%7ï»’œÌ∞∫à<∆≠±⁄ÿLpXû5—¨≠ûáR7fƒ¡ƒÆ Í«ó‚óáÇµ§q5øœ®@Ô2çFcÑgÛt/îPàiSÈâOOÇ≠¸M´+Å[¯h˚xné<dÔ;»S]Ûxk€tnû‚#·≤{≤@æÈ›rÂÏ0R—ñ™ùO–/Ûl˚»˚MeW8±‡9	”˛y6ƒ«èÍZpEÓuÏOb.“Tª∆Ì“¸•‚&ÎŒDJ5I˝–ÍH‡Óriî5yFV˘˚q∆ÔıYH$vâCË∏˜ÌQêéÀ(H•\O·[ÇÉ_-vw?‰y`ösv"®|ˆ-¥õÌËbNÉ™b†˚›Rﬂ‹Úe∑1ùt∆„É?´ùøÖnŒiIMNJç~J˝õ:›üyÊ·¡Ì•√ˇ4_∞Ü¬œ€û«íù÷ç¿ìi¢€ù»fhıßÏﬁÁÀﬁ”rH,Ö/ckÁ	Ç`ˇ ^ıì9b–ÏBπ”∆=S€˙ﬂëπU_Òk⁄
ÛXÈœç{ƒÆ®…Q∞ãQ˛Yó9ÈæMtaªk˛ËYÔUêd∫±’$m¸-ﬁúÍMU≠ƒπ9Îü∂∏Õ˘ñ÷ŒÌ±\8õ°≠óDo∫C	ZÌ%…p•Á…ç’¥ixUR÷ÈKˇ¥‰'êûGq?/[¯u‹fYFÌ|üx!ùúl‰Óî¿‹[Ù≥]∫˜∏Úu¸uÁ∆˛¡vì¸Kó0(eC¥£.–q33„.¿'{sÊi\^Ê™“TTQVp⁄(ªÔ,$êI—§Ö?¶(u∞KÓ…äÔÎ YV¸~9†{ﬁzô„I;ù˚«qÎè|≈ÁÈ…[û• ˚Òºjœ\g‹ï|ÊuO∂ﬁG°ûw9˛®ûn€I.€˘Áü˜zùûÔŸ?[˙¸"YR.≥≥eóis•QAàÕP¯—Îñ.LÛÓñÇàÑ
ãàœU}b◊o/Z››|Û⁄i+
ó˚Q«jﬂ?x∞ün‹À∑yOWíI€úºﬂW€j‹)!	Û¶©Ê©.YŒ§üOÏ¸∂⁄):^w∫<-Z;—'T/UOìp[Åº”˝º·,w˝ËÎˆSÔ®)hvÀôÿA"tÀQàŸ{,f‡N{ÏòæJ´x>–ık˜™ÿFÏYŒµ[Úl†»Â®a3gm≥π¢=;5‘ÆÊWœ=n! É=)ÂxÓjvºΩ‘:ÂÔo·◊£ñò_*hÁÒ4◊%à—Ç|ÛëIP‹QòÆ˚¥˜ÅÏ¥$\[8WàÈ872Ì	 ˛ΩÓ£Ì¿Ä€’L¯ ‹Ÿ‰˜z≥z˙‹≠„˜v£”Eÿt4„Yﬂh28@)vÂ◊≠,Á>RxQç˛YÁ‚€˝äÙπ}ˆ|u”¢7Ó6}à˙ˆâméê-£}Ü∑Ò‹‡ÊÀ{e&˘U’pˆ·%Xæ“Â⁄≥‚∆ l˙LZoı˘åø˚«…XPGwº´VVQøjøp¥°-öiã€O.—ä¯¨v¿é¯ ß¢‹˘◊\QUˆ ÿü	uIÅÁñô&”.7/ã~8wÖÛë˝jæWÑ£ﬁ¥§âH0ß›”äÔ=ôÀ÷ª™£Ω±5+|˝m"ÃAôÀ∂O´Â∆∑Ω4≥o≥Eµ+äÈ“ˆ‡Coøœ‚Âı¥ûrJπt´∞ñŸ±ö+)ú…Ú„§â˚Rû…|œÜOgùüVêÑ<[¨X5›¸}F[Nœ’+8l‚'Ü›=‹'>ﬂiëGèpœèÄ2QRèOQ+éc˘¡b,óπx‹¬Òâ¡V.[[=æGB‹+W  h·Æ‹DP?ÉOºu; ¢y>ÓØ7∫zìØ êï˚Ó,q(4å?<‘óÙﬁø[•;5ÛˇÔÓÇ›ø_≈y(°ôj˘Z:Tœ£èCÑ/tt)?πŸ?Ø±yµ“≥‘∫jˇ8Ù\5?ŸôF¸∫±ªqˆ8à{Ñ≤ÃIY_x˛‹[´9æìÚq.ê∞ùjmMà≠ˆTH:/•‘géŸ“^ïk3jqbµüó3ˆza¬A∞]@4ZÊ¯p…ÍıÉ/	ñX∞#Uéí(}fzˇ,¨ŸzgÅÆä§ÚŒÊﬂ˝ˆO‚⁄ö±U•Iπ˘R1ˆî#‚J˚qWÎÇ»ªﬂã8v»ZÙ≠∞KYπ!1zNÔT¶œÇ‹O}BÉ√ˇP‹è˚Âá–≠·~?w5MˆBÓPü[·8J⁄ôQÇv≈Œù2_?¡jËã´çßıÍænnz‘JfQ`9@pÚ·wj*è∑)œ8U÷â~DZœh.¯˝∞Ú}üñ{‰#?"íç¿‰ë~ç∑º¬˛pÙ–UN´Ç¬…vi6˘7c?r€ôÀUIÁ¯âΩ˜π˚¶ÖäùQ{t1”D¿vçÕh¸áf	èI¬Í¬Î ¥>◊$•˜n¯wV;]Ã·K;5Úñc≤2µ¶ïF¨⁄ë#|L ô◊·®hXœBeΩ–‹~z!'∞”ö‰å¸M5©≤¨èT2Ÿáñ◊#ÅCµ¬u”;îˆ>diä7ƒ(» œ*fE◊k≥&VT1(∆›úú'æaÎ08‚◊ÀÆ¸Ó’ÛÆ◊óõıb⁄ÓX#·lˇÉfhÑΩ§£d§V'›™ØÛ5<w(£ˆXî]‚±¡m∏áô9N.àÃa*∞ÿ˘å¬∏‹ÓïÏÔ^Å∑£7©ÿJ¢±4¬L'È1FËS…÷Ω¢"njY¨„o™ıñ0¶Œ>./ND‘Ùç<ãÃ∑5üR∞E˜¨˚‹9v–>≥›´[s≈FÁûÊÎÏæ*\¸ÍN›vƒ}j≠7ó¯|ÊFîÌì’œA¡]¥fCƒa†S.P›BQ
Lö…7˝Ôè4?túUã‹!ñ€øo–Ì≤}ú≥b;VºETGïQ&\JhêNˆ]ﬁéJ∂*TÏÊÈ,ñ·¸∆Íh6
ıµØjÈ]óO∫£„˙!≈”ëµîΩ¥Â¶.¡≤4t.◊ØkòNB˜œB‹~_¡ÎﬂÚµ≠π˚ò]ÍÔn/^OX3dtPüU6ﬂè~ﬂﬂ^n\CÑœ’Z¥ÑÍ€>{›Ô;=o‹ õìríΩ4OYﬁ¶2S˙ﬁm˚ª+⁄™0Ç˙íˆO°ojëùu5≠¥¬Ωß-ùƒû˛ÀPûT]bf˘¡√}NÔUÜ”›øÍ⁄ô4˜/≠9‹ì≤4ÛÅ‹Á]<QWv¬àŒÏD0ﬁÁuì›0·≈< A	îcÕ√íè§√RåmsM€ÃP◊/)–Ω
=ÒNÓ)xÿbÊNûò8>J◊òﬁY•õŸı'◊`¸⁄∆gîﬂƒ*>I–¸JŒ‘ø¯ñ¸@„m@Ã£ÖJ∞GY¿4K ô%9!çÉÑX†a˘áK8^©T¨yi»ÍD
L’˚HM ÛΩ‹k˙c∂gºXŒ–{/≥âº2ì—≤~øﬂ[oGÎÆÍ8€fSÎÌíuYT§í3æxπ€¸LHÂmtGªLB¸Un] 8"á3/f¥¢kΩ$…ò7U€Égó}Ö∆·*Pßi@(u‰‘|j–ËÓ,éxËîS W∫O·.#0ÅuèJ—)•tx=®ˇ~äm°]¨ÿ;æ„Ò%`K≈ÖX;„X¬ÍåÆFÎ{Ñ%çÎj8†õ>e_àR!+ñ2[e…‚ó!:4ç[A§ ]¿"Ís»&1XF-ç"‚˙G>LGQTÜ6\&‘Jçß,-åsê|"ƒ#áŒE))jOŸ¥5òTÄz7—p–„oí7zj"˜$PÏju%-¥*¬C±J¬pö1üœ2∫sâ¸! |ñ+pzbˆË8ì©»(¥©Üïƒg…Ò[>Ø ˜mÏC™ç“q≤=3€T‹îz{{Â™≈¨îFé(vßÓq®˝∏œ∫›hV<∫’°P∑∫=Lt\”àúª”í‡§à¸„è[G*ãŸ¨∆À∏ëPh\_e¢4¨õ‚Z≥ÜﬂÌSàC°˜v7Ô—DN÷V
∏Fz8•z›≈3õ≥®+JbÑE◊∞lcsk˝Ô ›õ!„€LY‹¸çmﬂ~ﬂ4Ÿ
∑€¯ÆO7vÑ0OûÚÎÓ"˜ÇQ?<X∞õ˘˚-™@ø5C«»^$n®ÄSÒc∏U∏ΩÕeÓûJzYL*ﬁ!Ç¬|'ÜxÓ4@ÓÒäÍ$lO†±Ø∆D`g2k«=ÿ≥ÃÓÈ
_iﬂ.RÓ·}·/˘e˝H›foM±C£rÉ`Àp˙¿Uj 0
πæ∑¬î¬ﬁtá	ñîΩzTßä6‹¨¯Ω•}ƒ}”‚¡y Àg&cs# çcFÓ¨≤K0Ê?gkﬂƒˆäÂFa)q{„¡t≠ËôØÀ⁄++µÇ™C5dÛ`≥ˇå]˘hìÃ« ã`8ù∑ﬁHA[c»C][ç‹Ou÷fûTa∂âI˜Ù¸È$˚âkwˆD˘æ∑P6kÌ#6 ~BL˝Nof¶…˙ú4¨∏√‰bg(85_≥ÌÏ´Na}ƒQ† ÆÊÎú–8gÏ«j˘+C–/%ö]å_eâÉ≠‡7ìèïÇ]Í¸°X£z‰MÑï9aûo”áØ WYvÒ!£EmVbwΩTU¥h‘‹ô÷ 8>∞Áö≤PDtWﬂ√¥D	+⁄:+ö±«Ãíj€R}©U‡{EMË¢⁄ÖÎ∆2ûjùrh‡"ã‹ƒbq¢Ec;πúçõ¥AÀAbI£ÊW/%n9¬±[z~Ì@˛•Ω9/ﬁ:BXÛ@~jòZÂµa®º:ïÉyùZ2W£∆ü‚ŸD∫∏ ¯äˇ˚ƒè´äÊÃ({é !•y≥ø¡\—¥¢ïâk”∞¶ÿV'Í-ˆÙÕáÉÅÉöScI°ÿ2üÿ†ÿ41í‹ﬁ»»e´TéÇRµäÑgÔN"lÇÚÊ*«¨°pJ
ét¢DmQï!ΩeÜï§>§pºîaT⁄^Ílcc1PLv´hÄPÛS,r iR¨–œ1®FQ/9y¢¶I∞<ãáO	 s9^≠óµ;ÊèI¬üë%…/¨ö≤ﬂ¡Ó√Fu/ò‡g~%≥ﬁòe™X«ˆ°HòD±¿-˛bÅ£ÚyöÑΩ`U*¬u§" 0 £üaû≈ås:∆◊ñëëbâﬂôfË§¬ÛoÜΩ˙"Í”ç•åg∆œÿ»’ºZ
ñøé…5¸õˇ”/r`ÊaâÓÁ„ ã&OWï~ˆÃ‚«i{nÈ”L·75P¸h#à¶+—
]¯È≤ø5¢$FÄø‡D1Á´˘ÉäS‚/Ô;ÌV4óLì∑ƒPR˜“¸ô¯ı`˛0„Ô÷ìÜÙC6˜	ÎÌ@˜∫ì¨[í93°ıy,ò†H
]nt]∂$`(ÈlRªè9≥p•®|sj˝l{ô◊kﬁø—":ñpd›'ÿÉ≈m[KuHi,∏4âåopc ßˇZã}˛M¿ì
Y{j¨”ÁêS9iµæΩóÙ≤5îµfb‘ÆI&£mAl*S§¡—∆cÿkD‹‰¿â§SÖx&ædeBé≠SøﬁÃÏ%ç0{∑¡kı’Ä≤»'H≤Qßå)ÅÔπaµmÜ_cëb.‹ˇ˘uÎ†åŸ±ŒuRçAg‹åó…Q´Q`Uú…—ìF|∫e√0:;;&·gõ¡Hüí·…ı_~†ÔßSQZ@®Ôí"≥•Vt6ŸÈnƒö⁄ÿIÖ—c3Ë}Õ~r{;ú/N∫SïÃ§}ƒS3ãxl(<M¥NsN4…¡Õ;Y4I‰∑"Ï¿Ë7≥£‰[& ÅÌ√¡—”Ç_tíc™¬vÀ|hø
œ\k§<àéà©ŒäÁI≥º’{ìlÑ∑§Ÿ◊‡¸Z4üràµ∆E˙noÜW2¢FòÊfÅ‘aŸj‰¥ıõuC‹ıπ0ˇ‚≠A0<~‘i|%ÿÏ.¨øy-˘ÀàløyA#ß≠√Ü[ÉfQ c|èr8‚6”÷«ÿ¶ÕÙTx¥	“u⁄~÷U¶Ì~≠:˙2ºv6Ôjÿ´Ôp$Ô˝ÈñSJƒ∆ÉùæB¥/∑Èy’a)rºqÛìUJmdÜh5ñ:⁄Ìˆ’ÏÎ~UFxö=ÌÂh,1{}‰"|Ütˇ©—	£ı,ëbDŸ⁄·R ’–EvµxÎi{|a»vÊqıb¿ïÅ1~CÄ§ ^ß@Ú5KMRQXıUÁi≤Y¬2éî∂-Í¡*Õ(<Õ™∏√\H{ItñÈ4ô¨òç]úö7Ï!2@'º=/ﬂ´m“0ƒ <≠,£hfﬂ¢æ≈"£xú)œ(Òòÿéö∑U;∞Cáâ!Œ…J€&ÇXvL>!ÓI˙î¡Y¯Är‡Ω=˛ﬂ«„Û%∑,˚LëèìıBÈñÚ‘¢ÿÍdk–üLTŸ™â.|^wW§?o}ΩnBLlZÓô\ÉW ›∂EFPÌãNÿß¡≥·≤Álπ–u˙∫sãá¶ÅªÂYf†€E•ÍQtaˆ`Â≤ÒN–¿≤é†ßùat°bs˝a„≤◊ﬂp≤»	n†*¡∫G%èøpÓŸø∞	Q'ÀC,XóÖÎ{%’¯˛Xªµwﬂp
i‡]…ëóƒ6NØ®£çáv	dÿú÷ﬁõ;ı‡äR≥á¿7¸À7L¥3à–kMEú‚©SÆécíwöÁxá=‡f_≤≈˜\≥p7ÀÓïI¨}?9¿6øáÔ˝P+xÁŸ˜Ä7‚#‡xFdÌo≈‰Ô∆–m1£-£Ãòj.9Ω2æ“º¬ﬂã	ÚÜ∫Å	*-54a¸µ„TÍEÖtqôìÕëU ôH6÷≠ÚMÊÌúõÀè˙=lts»“˙ÃÁ‹Qb’áaˆ≤4ã¡H8UÀ}”QPv„ qM}NqÀΩ_«õÛwQ2O˛+0yz“ú‰T∂íI›3Z)ÅQ≈+Ê›Kœ~1(˚ë€åüuÅÈ÷w.ùë–û5y ¥€(_…÷Óm∞ü»gû‡	3Óã†›úÂT6îL B∫Mr2ì|˝p,Cp-ûë£Ë•M¸bçå˜@…∂’ÌLåx[¡¿}Ô∫±ñD˘¿ˆ|ÉÍJ=+µÉ^⁄ıÎr†=mﬂ≤G˝3πåJˇHä”qÈ^ ä=e∑áÉó!ÿ¡∆ÔaÉ¢˘>gU˙Úu!Ó0©©AÂrÔ$:q ©•üéWÔ…I-Õ◊Tè¶Œ#z~\ÓJ)ÿ“¡
ß"IlÅg~w%n'Îÿƒê:‹¢¨[†&πÆÙ≤B‹Âpê
:Ë>0¸A{g1MÚwdÍ∏ø"Åìî¥lˇP;ÀÕOõ$˛Ÿìb†œÿ“HB[ÁÆfôrXîÄöâœﬁß9«ãSíœÿßyƒÉÙÑ`'∞˙Ω˛'ﬁKíwdâ} AG€gÔù<Û˝?Ï“p.èd3à8¨D·’»Ö ´óú?ØÂÜ_ˇÎ æNw@U∞¿'»ân≥çøí"–‘ 'Qñ]≥1Ö‰,ÅL≤Jñ^ÿ÷2_wí¡Ì{’©;@›Fa.‰Ÿº˘±˘h^GNŸƒF°YÂßv™5oΩ±vsNsπV≈ÛT≥1ŒﬂœQπÕÃ?≠óÚ⁄I9 2)èâl“±Îó…:"Î%’có%õåDI∑_É2êzìUmâÊˇ˜Îú6B≠∂ <≤çHLÖ~.≤ÇL´`i^Y¬9Ù∏ﬂ‹?§SdLx¥":È\:eƒ∂GÀ†*:5OEàΩl™—Rv≠a§fJîï%·Øã™O#ª+ay¢¯¬ÔÈLr≠¢)3Ÿ’EKSﬂ5∂Ú»"r≠Æ<ËÌå»"fô	lπ 'ë˝©&·G’íÎ%QE‰°EeCÍÅv–ò…=h5)‰PlH˝2¡¨Æ”«ã»GËíƒÕhí ŒRK®ErU H\Ê—⁄øNiäM\N’•§ÁíÎï3i§ãF}¢unSÊQt—‘®ÈÖ=,äŸ\Î0ßL€Èv÷\∏u^'ﬂMﬁE∂*óµ.õ5MÑâæmÊµ7$€l‘|hÀ≠h“ö£æø4nım›îÈ&rŸ8%¥õLj2Sâ~WföÇ≠êòû}Æ |c⁄ G÷g®m!ÿ7Åq[7≥Á’Af`OPkÖªo±ƒ€ÄéÒ Ió*ˇŒ~¨Pï™Æ<bk2]Î+BÜ&¯‡B_ÙFØXm∑˛,C_DQû{ô[Î!°-#«TÜOZF˝–T*HÌãíbÇ1—C&µ;ÕGQ	E‚Û
àû1˘≠πF≈˝˛ïÓ¢"ÕG:)ˇ‰=M&¨ÑAaﬁÄU]Yœ¥j∂qπÏ÷ÒàŸ™m∂6Í∏f»ä6ÜÏ®—$˝¡üN¸Æπcë<≠_%*àgë. kUÊ]iCÖåZãÓÙÈûŒ¨,3¯¬·+38	.°DBÒƒ∞cü}∂Ø˜#+Wüf8èy·≤ïgUö)AkÇ∆¢˘Oöñ÷√ònzjjç<Á°±Ù
,≤» Dùh4^ﬁº÷Ñy>÷∑âr1ñÒE¬–
ß
ı0fS◊≤4s@ î£ÅV±kàMyqî/!É)yj˚π«e˜)æ,e…É˝˚È› ∫+bè7â·bœçMîaöÎ W˘79µtIGF\A˘™óÈJroa
O≈“)éçÓÇNÀe{…ïseÍñçÿ—õU˚¬≤∂ÓHÇå≤z≥“Z©Ìò≠Kc‚ú≤l≠ìmÀV≥_QC~™A˘™!¥´F ‡≤J#GÚÑQ∞EÿúZ£F†˘übÏ>](ïæ…]4 ⁄—SñL,%p%‡öHöpeT5!tQjÙ§nº‚å‘Ól3ÇWã)6£A∆›~I0°ÖﬂŒÁì¿yj?Óôß™‘ï ∏∆óâ·©RÈ¿Á˝M  ¬ÁÎu4óã+åñÁ˝IÁâx»BËıBïÖ«¡√†≥Ë-aP'â∆Wx’“Öìe}”Ö;˘°MÊŸåA±„;‚¸·$W$»◊ïD‡R]√â!‹E©µîI‡ÿîRÙÈbµŸ˙â÷≈†Ç®ÈÇ‘¨ß îÜ8=Tr˚l˜ÕLÍ	!†â=bO»çÊt1OÎ’ÓXﬁO)—y{˝…≤
ƒπ ¥ÃK?¶6S	9zrIı‰kÓú‘‘ÉvF"ˇÜüﬁ≠]¬≠aãT/€ˇ˝ŸîxÉ©(‚˜0qò«(…Ç§qFùH›¢J.l}6»Q∆a·ŒœôLz≠-êÛ∫ÖÙF⁄æ Bò0†·ﬁe∂âè (•Å~sƒ¥å¡ìú'øHÉ∞Cƒ'EÃ:Jr⁄π¬(1∆∏Zx cÚ´’`Ã–@ò´˚Å~ 1–áﬁ—}Ã°¥S—Ê+{TöCì£“'P5ÀD'âÆçÈπdêùÃ¢ÃqhöC_X_ë vå»ƒÚ’ZyC±(°Ó)WÏ%·˚ì¥ΩÉRòò â%„Ò˚É4±™söéro¢ Ö¥M˚ê¡∞¢Ìe=^Ç)æÇ*Ôbk˚~äVbÇ‰Õäâ±êv∞‚ ÖT<Xπ,&Vª|aÎ6å¶™úqï\˙∑l\¶fı+⁄yî¯B¯$3êòovà≤P^HÄéøT¥AÔ
|PBÿ∏§$ÚÂæÆ<8qø˝à!57_èò≤Ë©e|A¿Ùˆ\ÿn =aÿ~˘qÏÇº+áœQ;˝Z≠Ï ¨µîMñÓõM√ROby{˝˘Ôÿ&Áë¢®eÀæÒ–Gùz:∆¶ËÊuÌ‘E67“é0Q¬«°ÏÿK4^¨!Ò∫ •4´%—ÀOÈÍpjÈ¸Ò•F¶HsZ-,±FU=¨!»_¨D0ñaƒ5BéhTBhJ∑’0ˇNê“øìëÅ_ú*ö¿r 2%Ü“ŒÆ%6g-
åÜvy
Ñ∆É,Ñå.–Ùñgfìì7öØ‘å $\ßCÑF7ëó'î‹»N˜ìﬁ)„
méò⁄˙v=ÍÔìªßÏß]Ù‰√|⁄`i
¡`íÌﬂP˘@äl&†JÒÿ·ÅT'o•°Jtó,˛J*∫ TãvqbNQ°J¢T(‚»≈Ÿ‡ÖL+ø'Ö\u∫gT p sIRÑKeLf’Â oIì⁄áEÕ}»ÇU?"ÊßÈ≤∑…ÀK∫GcMìÜ"4•øRP!ËŸU&ôÅá√DxïDhÜ(ı1?⁄5w-∞”C≠˜ÖåX‡ES#FYPd¶D€Ûâ≤`ÎàÄ©ÓN÷˘óã4T´Ù#K¶X¢§≤P¯^ÚwQÛî–≈ñ}ç_DÀò÷8i0yìHw*æS˜Wé∂#ë°6P"Ÿ¡ô‡)–HÅWÙ˚À 	<~ °m3!ÓŒ◊ﬂ;çFZR›&bÂõˆÛ-rMäPîãøé©!NÇ=AŸ‘ØŒz{ÇU“Ìq◊¸Ñ4\√åõ_h·w£ë◊ïë∑≥›N—ê}Qüøô	îPkYÜI•c	ˆëmF¨Åñ®ö¡ˆÅ≠ÀÎébnkïô	∫•v‰£!Q≤E#n°z&8ü ﬂB4ı†Ü–ÿ•¢¨âÀôRÁõy*tµÈA/ä≠ì≠≈,RxRç÷™b≠∆Cì∂6Œ∞a8¬±È1J¶¨ÿı·˙A¡™ë≠Ú–¬o¬ün˚E¬tª⁄∏‹æøà¸≈ÃÛ^>»GŸ“[{∑wSu„ÿüÅÒsïpP©‹¸î˚≤/=[úé{≈pa)ù˘¥≠kÇF8ÙKôÚå4Â]ΩülfCMâTf≠˚_ÚèÂ•˝Ê–Z°jna9_BV ˘Wy–°˘
»“9S7xπ%§êr9Ç‡^≈•ú≈í—B5û©†©¥¥PJÉ|P’7À'p^…ÄΩ,Vb÷ä¢ùá–!´në‹—nXä!ŸA\ì;ûÀ;P°í3( lïÉæ˜ §#[ØCå±•,ë4–ókm«Ç– ˘˜®,´`à5ÙÉò¶ÊèØa-»ƒTóÈ¨ÜåÊ™Ûpü`$yÍº4)~–%Úg;nπÚÓÜ√÷ ^uÜ≈R<ﬁ‡\”PÇö±µ· ÆúI∏òßæJä8'∫Ã¡‰nÄ˝è„ÍúzSÌ›¿U∞ÔmÛˆ{M¿sˇ˚·“£d—æFCo^Å≠ı=í‚Y¨ÑAìã@Cô{´	ª}5…Id”…˘˙˘üK∫$ºm@∂ M˘ØKbÇ›ÔÓâ ·°“˙CŒãY∫Èªó»ÀÏÃ_/QÂm”¡ØAwsÊóÛÃù#vˆ€Î 1C—Ó˙†qçØ+ÅL
ΩÁâB?Dö–pÊ" %¯{∞¿)‰+G˝yw§GUô_,lèSS≥”ìçó=`GU∑»Ä◊‰àº,;¸ÌZ6Ä#√√—¨ÑL¬ò-©å…`ë®X+Ù˜øÙJ·\Z√íg∏≥™Ê◊pbû£BΩ^5≤ƒ˙G^3¡xò+%ü]˝’åΩVıÀ@^º†¨˚{ä[Q∂Ótmƒ[ öZ9©L<Éî7q…Fˇ^ƒC∂Ì…oñÁŒˇ≥GŒˇ±Gx {¥ÒJ
|ûÊ¸GnÇ?U´ù¸G§CìÒÈâπ\£HﬂﬁNù≈tfiÃxt‘Zt»∑_’rV„íc’&º]1ñgd ∞∞f/b√iLN“È´ n)fÔN∑Ω*7©!q∂ùhëÛ2åÄ˛è∂5>∆\ïßG–ÓœÇ»ﬂƒÃŸπ9ıÛÇ6xjÁ™˘ﬁÆÆû@`{=Ú€ ›‚NT'˝Y≤Ü_”™còÇr÷∂€ìç_3'≥p˙ø¡w*0K°È˜ü©ŒM'm{è¬„c©á	!û.ÇW˙∏∏¨•◊{Ú ≠ÊDXö¯(⁄Ó^õ®ëf( ﬂ!Òãä¬9?F∆Ö›ÉneÕTl@úöÄÂT¯+~d›√âê+,åóûi¢™à` ‚§8ætÑKØüîÈè≠x∫)d‡b¢#=k™∫ì Ã£u˙~wí"∫≤|Î£åníe9!ôWÕ∑ró/˚ÒG%Eˇ.îÅ«päv≈+O∆Ùäh|›_c,ù‚öÚ<º∏Ë‘√@wπiV_1 7ËÃ√=6œI¶6_(N-¡+K£çl„‡Lﬁÿ<f¯Mû=›ë3·IE|”zy‘Ω~´É_\„1¥=¨ªÕ:)UΩgî´†∫uu„–[‹◊KæsS7SFqÏ¶≥Ç*@qìd{F:N‘˘PÄClxr°ùzcÍ+ØY—ﬁá‰wÿ®í·æ—´ÃNñjœ{]liM‘;6lŒıh õZ1‰à–k¡t€@˛+#{F9ΩµëÇÅ≥N‘:j`=5‹4Rºr{2a≈	|üozˇÔ˝∫	‰~‘Ûˇ√√7««’}_'il€∂m4òÿ∂ç∆Vc€∂m5çm´M€jíﬂ§œ˜}ˇπ9ó≥œ:k≠Ω˜ù|¶8#F™Ú7-€«]‹O?l!xHj,h= [NÏ√„9 áÉAJ¢xcRÛl-ZÎ˛Ø'8¢Ö_;f´Æ?¡9è†ˆ◊vê‡Tkjlë≈ƒ˜Ä]°è'≠ßßŸ€\(…W«Iå°≈9W√ﬂØàöé"0π1zei¸‰RÅÌÇï?’C2,≤⁄¬√Mˆc⁄åR«Ëª†jΩ‡ù¨z¡Î±S@Î‰NYë&‚GPçˆÌæ»|UjÎíWˇQ“p"ùß§∂^KÅ∫-A\Â¢hÄR©v2•R†-ÜïÒ;_cë£ã∫ÿÁ€MßO†-˙Ô–—7inD^ƒ%&ﬁﬂ´ó$ŸΩ(ﬂÑÑïÔæÌ’{˘
Dâ•fıvˇ‰™é∑/4œ	^XIÇú”¨•Ã,ò’C…≈èoïˆ£P`î®Q@Ta_>z—\KZêÀ∑®3B ”€ƒe7jÍ-ˆ_¶êV⁄tµôEΩ«û[ŒÔf¢I»∑f<íh‰©S$•â#ΩÀè“>ÍùŸLå‡<§∆—[‹7óœæ¸´ˇÆôsàπã7[–vïC-zÓÜôa˝îxgπów±I(œé]iFÌ[®à†¥Ä≥y˙ò±Êπw ˆÍ≥ÆC(2¨{Bﬂ±ûÌkûß‰´S&(T⁄úrXp÷mgëæ·Gx‚leÔ˚lñß$£‹fëŒ¢Éì}ÁiÚS√1t¡6z…y öc.]/Ùø˜ÅıÌVú#t)¯h,\Ÿ√ó¨ç†öPŸ°≥SúVJZ!˙Û,LìéôÕ•âå Ú{ÓÖC”‹mÑÚI¶ﬁ1éô˘l&æéôZHﬂª+¿~≥˚1u¢Ü»cÄñ¡P≥eÔV£5ˇ≤.
!Á´˙iÂìH,†›∑I¶kßÅ9PSxä•¸Ω
 í±X¿Bá(/»¬ï>ÆP∆ÄÂéQ LÅΩ0XQ-ê[’‚…{/ íôs¡~_¯EËb•ÂîãÒãÊd‚{Dp√âÓò˘œã!pHˆscÀ-W®‘·ßMóßJg¡ñBô
´∆∆)+$kîû	æ∆¬zéœ•tsÒÈáoN/uAò´ëµ£≈∞∫˛X3òC∑…h∏Ç]ó\ª
ã©·‚&°¨\bﬁî°53—≤Âz„mk`âµΩœç~%ßL∑öÃg+$3»_ÍBz]æ≥Êõaﬂê<˙ ∆ivPh•<•PÏ’óTh¯ÄÒ‹Stõi¶W[r4O∏IWe
•µÂh≤…çeu_¡ö¬%¥}ﬂ£…À[≈«ø<Õµ0@õ˛S…éz;ªÈ;‘πmt(◊ûÈM*ÊúáJ;îj:™ s’FÜ”w-ûQæ=K¥œ◊≥˚^År¶¯v·∞<÷Ø≥™ÍÖKÜÍbjœ‰-¢W◊0⁄tEï`ë≈>e?’"’ø™Yek-;Ê.)©	Íe}»√ªWáN†˜†X¶äfrWQÂWDTöJÑπ™bÃ.âGÂËÙıX∆‘…D?√”E÷∏D¯2¸∏áJüì¢IöÍ¢Êf@°‹Ê¨ˇö.äπô>˛æ9Ç¢0tO5Küvú@°î≤ñ…ﬂΩÇ.#-™.ù/˜Ã<≥ØPŒ#ïÔ"I}°ä=Å/ñO©∆RˇÓ·0ñjUﬂ‚Ç˚BVe≈ æ0åÙ€»#¬u=◊WA›rΩ÷3ÉD˝$úπí›*‰©ø	ﬂ[ÃØ(;÷-!sR&X d∫NUÌ≈Ü“ÎãÄ~¡≈‰Éb√ºƒ)óë˜Í¸ts∫?@Â~R0ùéÉhK˚D`•√ú="W&©XR:Ω4 ˛ú@œ¯§›ÁÊ.„8&[ ΩπÓúUfp3äû
ìùØkº≈≠!„Gz7¡∫y›HS˝~π[≠¨a$ﬁÃÑí≈nÃ#£ﬁ‹W¿˙ãÔÓÑÓ⁄9õµÌT ®–˜ì∂@¢∆éPu ~™Vóh˜¶˜.h2j0;◊m2j)‹ÀúùÏ<‡ã∆[∂kªHﬁ∫!êãÕ$eâå‘˘•Qâˆí¯µX(äQç=∏.Êx6ÆﬁJHõ`÷Ω’óU2«≠?iÛKÉÔ◊ΩøÄ’ﬁÏl∑¥hGÁÄÅYgRZªπÃ¥Z√«/ä	~H„∞±hCòNFm@òOæhÚòH∞â4ü3–õ@Œ-=ÔFÒ≈˛)«Ãc˘"êﬁP\í¬fŒ.£∫O=% jÓ≤*n˜%)0—r⁄Ω¿DKZ>L≈kV¨¬xhßµjçÚw£ûØAõ¯Ä!EÊ-.Ífé 'ìóº*œ™©yÕí"U«zy¡ôÊK™ﬁU“Î—ƒå+L‘Œı)BÌB4∫+≥≠àæ‡oﬁ˙D‹7+ˆ¶x‚Ç]˝.40ôazRÈãìQbÑºﬂ çÇ¯k3í‰¥„√èÏÈ˛ÙÁ@‚_!v∂A˜ﬁá%E`m·~oñ◊&JïX›Â˜\‡{25¨ﬂ Ô‰™Tíã©”W¶I<_ä¯F∞5[<€îR£„ÈT´,RÕoc &)1Cƒ¢UOœlê ÛGc'Úâ\å√B}5í‹≤¶Ü:±’˘N≈ÛYù|n$RniW>¥(1Y”çˇ©2<U\÷å-ZŸP’gX64y6F*˛Û+Á¯@•˘9Zﬁty7m¯2jºÑ¸!«È)3Dm¯’∞)©x∂¢f‘≈IMv≥˚|uaç√ﬁ«aÇ0ìîêÀ'§PUKE∏¯≤E€(¶v/⁄mÛ¿Ç+M}N∏IC2‘?S‘=‡8®\úd˝ó≥£≤åö–◊£¡€•÷O‡÷Ë-íıÉË≈Ë÷9	®{ÑIX—e∂'--TSÑÀïè‚DÀ·ï4÷$Û §zP"nÃ?Ø&v‡&_%¡¢ÓøLW/“°?Zfz(0•+3U¶(è“fçã’
Í∆)I#ñ!}¶< vê®†∞d>ÉTÂ6Uí◊F5á¡Öt™˘˘Yh™|àâ€7Æå"°[˝¥ü∆FQ†âB•A˙Ã6…jj‰J623)Z	R)«ÛDkã•^?Cü_≥jÒÔ+/£‡î◊…,%^òıB¸ê¯⁄Ï/4ó2„Ω¶Qò_}ç,'1†•⁄h÷Ï˙’.∆Æw˛˝ÑÕê‰PèÏ≥ú{º±åëÀ7ÙûÌ°ı‡ñu_AËtvq´#q ¶B¡ö-Ä·Ωë&¶œ∞A¯ÅSÛ#tºÓV§¯√,)B£æ˚Hπˆ®°^‘hS˜•∏^ﬂ{5_µDÎﬁ´∞‡WC~ò∞‡R,à◊DRæ“?\à≠q-geé5}Ÿ–Ö"|y(?pÖK.˛»=kÙ;*(ë?!=˘ﬁº1^FÃåHTsÜ‚2µº#õ pƒ∑4ö}’Ï¸ì˝™	à˙˚f‰ë»G≈hâ∏¶È¶NúƒxÀª˘¯^ûåπ~ÆSbÕ∂mS˚·"’X:ÄπÿÙ”3b75ã\c4ã+ÕÆ·™j‘s®¥‚É∞S:!∂SÙÅØni¿pac^sΩ^uY˚vãñû"nÖp^i˙>wÂE,√yO ΩÉ.Æµ∞Gª¸É°∏vÌôÊâ#ÿRﬂD…‘9≠êÇÄBnM—Y5ûï∫7º	î”8™*UlÊ%Lß≠ö É©Z≥È«ôøÎ r¿89äQYì_â éà”‰ò¢ˆ ﬂJ^.õ	Cù§]Åöﬁ h˛˚îYèò(O.ÂG∫ã†
‘êF|˛Ñ—øë l<ÜÕ´'ln@À¯¶'WËºÆ≈Ag`Ù¥¶®—•‘^∏ab©îˇÉ\#~"Ç5Ä¸VÅ5@ŸãåYIõÂVC>ù] ìı*ÌQ(U»∆¨äê∆‡¥ÉA`%g+√ä–pØtP%ø9M’Héhè$qvÈ§f∑ÍÀÉ?ßDÆÈVz˘aúä¥·ƒº˚$»gòñZÌQ0JÏX®äú-ﬂºi/åÖæ‚‰YÔ“Qè?…‚°+à@Ω0&z¬F≥c¸ÙÖ7‰ç¶qà•‘Hû–€1Gn˜8z6‡°9f#;Ú;BZÅæ∆@7~ƒ¯¢h!§.ÎÔ˜›@,8Ï}0>y¨‰Çï®*Áîx∏@†iæjÈBÄ9äèÏ∞≈z˛,ÍˇF∞ùç•∞ÇcüwìÄù`”IÌ÷òÉRá¯ CÀÜÁ≥CØá˝≠	úYUæ≤´¡ï†˛B2FêîÂÖ±±˙∫k<rrov ¨ì.0¿±J[}ü€ÏÓ÷K:Ù≈.vÚèxﬁ»R≠3¨üdÜﬁˇ1ÜÆ!R„∫H‡LúπñL¡%#•∏Ÿún∏⁄‚¯πàpp#†¢áûd	Ä¡°∏5Å©ÕíÇö∞"Q¶ï"Ö˚\ªU5IhÌn`«ÖÕ∆Î˘´∞â∂Ú¿ÿ)ÚC0êﬁˆY∫≥¨:·t¯ΩÔ9îà≈k%˜≥ ˙2·Jø;Ú#éûBS«ˇdáéÔÚicÿÙZﬁ≈	Ω˝Ó+^xÚ¥‚'ÄˇŸ√é/’¶ƒæÓˇ™û∞˜q~Yh+∫·–óRc›ÂEüìΩÙk&Qï◊Ü`E¶∆Á}ùﬁ_C Ï“z§FC†õqHˆÕCÉ÷ﬂ¿
_j_ªdëõÔô:G÷˚∑…@`ñ·ª¡6—}˛âx.=«@/W‡Ã‚]ó”Ø{QOg¬ó˙ırd÷”◊H⁄çØïØw*ÍÔa"VØwhä†ù€Ë…B_hAŸû›S¸ﬂÚ≈ÅßôÉx•÷,‚ÉnŸ§˙•åY2E∆ÅphÉ◊§7&%" iÒ˜ın»ZÍüòéﬂÄ‹˘`¯5ò?|{¢/—ˇ∏…*∏ 9§¡lOòb~€˛¨ÙÚå‰ˇ˛∫„G•6º˜õ;>ñ∂„¯LÊw1˚É√¿kæûƒï¡<»˚‰ o‚£⁄qqùo`…2rÈ∑+t1À™5y¯y≠“vÒ¥…≈MIÛ]ÛV‚¥K÷u“á£ı√8ÛSöÌ° <KƒPﬂV‡k≤éWΩ¡ï¿∆IÎ∏∫q§ıÇDoy∑…„ı%ı©éÓ˘è’^Óó»√Ÿ<ÔcËôº9£ılhˆfæ=ªHƒ˚«îıíÍ≈ÖΩy™«´0≈Î!È!ukgˇÆæ{Pé	VæÕ_∑ITnT/\Ir¥Ÿˇ∆∂ËƒÇø¢`ù¢^—¢“YkõT}¿v=ﬂ®¸H»z5R>˛(±ıèø/ƒæy&vrê‰)Lı„ür,iòÖRW§¢÷~IíÖ‚é˚◊@(!µ:˝2Iƒ|¬Éﬁáı˚∆ñ•®Á
UÄúï}WË0˘YGò0gø•‹OÍÀ:õ“…	†ß	±–ù”PíPø¯¿0~}ÉÁ¸\†_ﬁÔÎ"QyÕdÃâ·<'†ˇT¿´∞KS>;VÛe—Ç‰ST>ê9ÅÅ†ÍöèœÀGéwƒ∞V§Ënõf^˚{Ä‚ı Å¬π—Ú˘±TÁô†∑œ≥ıﬁ·“â¶u¢™©ÛÎ<_)‰Xåoêî¥∆Më1¶B+ÖYÕÃ~iEhâØ"ä@KÔ4	ª¢¥äÊ'+ËjƒÎı˘ÕÓ
–AO"¡—ˇßQƒ~0tP{)œMDî‡à_ZF†@ã3c≤]U«≤Z1íÁÀZSÄR#ÃHGK˛f˛üG˛L’¬ÃoáÕ¨ÖñY˙ú˙o|ÿœ⁄ëƒI^®≥Öq9“˝‡NÏJ¿§†ØÙ
ÆÖû?ò°ÿeYÎ pbã¯Zc°)D°–<Â‡ÅÏ!πã)äZt+8£¡ÿ$rßk◊⁄‡í'•’hõkJıA·“* k∆Æî–ìø>÷	˛·]_Öàö}•⁄≠Ñ|ÌèK˚	¿ûÀ¥_i7µÇRß,a≈kwúÆRüE1By∂Åbk¡Ï «ŒÁá¸1$≠v˚Ábä_√ÕcE`∫•BÍ‹»òSÚù4LA#ÎÚ±°Xˇ√¬÷ö"äïîùÒ–ËÛÒõ´"=Ç'[o)ø€SyÕs|ﬂ‚áÖ’~˝Äê<€4V√¿á!ﬂÂóÏZsJ»›7-)÷Ÿ!µâSû!&rë·÷NüxÛX8 uX¥HˆDbå—XÁ#¶°g)-_∆Ùoçæó˝ıÔmáN¸l‚\}ÚuËJ√kT7L‚h≤ı∂à%I'*mÀ9/s‡ﬂ≤^¸ò3tº{ff{ÏgS‡e\ã◊»fnz√J}ÒÓ$fÒDÑÃq’˝µTL@ìŸÏ÷j•ÊWéπ™…Mƒhj•‡]ÇÍ éVfßQ™í-{Ó%ô./z˜ä◊π3SæU®Á&\xkû]?êä“º3ﬂC*a˚∆Ç⁄ÃA7K#<a0/+HØ¨"%E<•,‹±‹ıK„OlnS®vK¡©Vãœõ∆¸*O)ˇ÷èªÂ˜ª»êV.Õ.ë[u‹Ô=πè∫=˙£˚S'*» ºﬁ¯!–Jøµ√QÇ¢˝Â‰Ã◊Ñ=aN#◊B/¨%˛dÔÛNƒ‰gzù›ïDiB1?Û‚|dE.çÂXeø »?^àˆgPK°¬ Käº?ﬁ°+c@&w˝%ı`«ÚUa)øsÄ†Àà,ƒ3»}˜cÜ‹o äÓ⁄…»∫·∆$cùû#Öd#èËˇzÖ‰åˆ"0Öí¡¿)¬C‘¯ •®•|éB~ÍH=sË„£ö≤⁄wRâsÇ¥âö"à3Õ≤˝Oèˆ†@éa ˇ¸åZ‰ÑÿDzr∞2 ºˆŒ¥àÿ?7]Ÿ&îó:5(î¥*z˛üN±öˇûÀ√byMÜˆKSÍS7ó[∆_"KÚ#b)3Çœ	´1®¨™:tGìóß˚µ≠"CÙÅ√ëÿ~Ì¯‹ñz5æ2√Ú-Yj¸öÙDnìZÊRÚÈ˛©jëC‰j´ı&≤|u˝x%r∞r¶^D| ÚfDﬁ≤
“,F©Hgñ$ò&%¸∏L["ÜÿÌÌ›ÚO˝ÀdÚååë≥Ÿ<˙ígˇƒRKÙµ<˙˝„À”ıü›îeÔ‰ri~—⁄â=õ	˚ÀyÉ<‹°	˛`V'çµYœm.[ﬂSß?Œ‚®C’íÉÆ4AÅV‡NsÙ‡úUhFÉ˝·m‘=ıè±t[·tv›µ±µL1¿I«$b⁄¸xfî
Ωã[{Ú»Ù2>/[‡üx˙ì•ljué∏˛Øÿ&ä„Ç@åWÛE·µˇ:∆˝ ◊L7∫z>ıq\ìõg,ÈW°Q‡“	ÆRK·ÊÀ<BÑ&ö:˙#DÎìèÛ±c$ÍÒø
∞'Áú˚ Ä¥}Ôw´>™Ò¥w6Z≥ \¿pﬁá‹&9ﬂ0ÛΩFBÏ’%Xù«˝Kö›‡äi¨≈_ RoVÁò~Âõå4Êà…€1V¥ãé8±-∫ëR›Ò¢ùÎ5¯íG7`y+7¡ïåUﬁ¨m|
ﬂé]ΩJ¬Yó·t´¢ú5πiŸ…‘túÀà¸≤¥ÓV?uúWœ–)ïù≈Öï„lÉ˙U√|ócaÅŒ? p™⁄#≥\3 M7s,ï ÏÉx®ºÛAòÙâæè§œB§pQl∂PÄä%ùÓ¡ÒâuhprvF_(˙`A>hRYÒΩµØƒê4ö¸{˛P9¥,ÿ'ı©•	˛\∂É™âÇß ≈§˜»o·%ò€b®¸˛`¸√Ã‘ò≥µbï(Oxq∫ﬂÏÊj0£L?Ô€ì=ba#•∞@‹c—µÁÓf@uÃxÁë|‚ö›`¬Xß∑ØYGµ2…&Zë]5‘Ÿıä[bJWÍı¿õ§‹lF—ÂT ¸KÜ«ñ˜Å†÷Ÿ{÷Ì™Ê∆&v—*~sÊÍ%ƒ™è2únípƒã˛Ú†Æú ?Ç°J/–;æÜ†FWæ
Â… 
s,ﬁ5ÎıºãMÒ"ë&}‡mXH(≤o}◊q¯ÕÜe—ˇù‰|/1¨•ÆIÁ™îŸ≥„Ç¿ÄM—„èh 
uk¯2/åp¿òeÿÛìB˙@
ıâSÉåf"/À¬èqˇx2àE6bºx¢£ˇ('û˝≥OÿsfRT€»∫ütÚŸxnYX©»≥N1µ≠ÂÊÍk%MPã˙XÉDØ≤'aŒ˙@	˙\ΩMáªÙ¿õ√Gô˛ß∂‰™	xÃj+22€˛]ıüe8}H}ˆè?9	–d…@gh˙<≤ªsôÙªDÀ Í+ˇl2†;=}§°|®óa$ü(bH˘qªãûº¬K˝ù-¯f)ìŸ —ïèm0%nF˛Äy§à¯~Â\¶,Eªd”kNöﬂÂuﬁr˝8§˜©¨Ë∑°‹ºƒ2$•|'À9î…·Ø41¡ tâdΩÓ¸>À–$+¶õBí‚oÍåÚ
	ÙÑ§36F_"5‰ê±?.–8ˇïn]
·"QÑå*übÿEz¥ˇ#û¢.ƒ‘ô™'bZß≠ô;D#£´NkæB≥BRÛM{û%OMéÿ«<zT7pG ˆ!Î¢£ˇ†ﬂò-˙±Îísfœ"M◊·4\´n8ã˝D¬£ˆ1á¬*s&Vií‰nÊÎÈ˙⁄DCõNúÅWé1çË∞y†ì9%Øç¬€¬$FÅø9˛`.Nr+Í]'‡çπü›ƒ¢ÉÒè&˘QêlL›Ì∞∫"KåuîìmP}ıÆ∏væ1C"…È¡√B[°8´©d¿9–“Œ∞eøg@}ˆh´~"⁄›ƒê{˛˝ˇVÿ9! –ªÙ◊À9&ë⁄A|v	£˛tÊüïÈGM:vÛQ9Ëﬁ«¸$u]Õ*j	∞EPV!ô∆(¿¯Bvx5˝„)o©$ˇoÖ!xZ0¶P‚†!È]0Ωp:qx6unP©Ìç?◊|≤–•:ÏGÍø‚4r.rL¯?‹b˘4ÙüÖÊ ë%ƒ™1ÜeÆU\¬˚„∏"ÌÄ~’N“Æfwp¥%NÃ|ÕH¥ÇûOóàoı◊∫…Æ‰∂,¯DP≠–©Dp¿˛OMƒúË_ ∆¿˙”@DÈ$øıíñ&‡⁄ïÏ3Â]é‰Îj/>¸Lπ«ß˝◊øà|÷Ôï°ƒ—>8r:r/¯∏Ê¿ø–Ú+FCAFläÛˇ\'E¸"˙,›à?XNˇY‘$∫Q‹oΩûÌ\`:.∑€Ôxk ª∏M®ØBóπ°®Z≤ΩâãS”ÅëÿπÑ∑ú$ó2ˆ»◊IÕ¢º¨π.¸çt1!~Øú-6£-eÒcâïpÑÙ∫&ePl¿#q,«§Mvc ∆:vÜD7·äqÁjÏ3„øßΩEàDqû¢1Éä˛≠dü÷$∫Çàò¡¸ {‚
N˙}|ùy`Ÿ¢0‚¥ÒôıÖπ¿dX4Ü[OS›˘∑cÛßw„‡f∂Xñ+bàù∂(ïp≠√π*,Z&¯âéSˇü`‡◊ﬂ≈£¿∑*@,÷Å∫∆ùAN—°Y˚œú…A∂k%¡6õ˛ïNü*Ç‡yÌ§±¡È[jÂ¸”¥rºOm“§àá˙ÕqìtÎ>µ§ñ˝TNGΩ:Ñåˆ˙}-{QË˝ÓµØTPñBπÿá Î∆˛¨·˚æZ˙æ˚€ïB÷ÇäŸ1≤_◊ù˝ÍΩ\~s…¥≈]î3»óS!}©˘â˛z¢ÓÕ4˝\»Ω,Gh≤»Ç«ÑFXØ˛{GÊØ;ßµˆtïÿµµ;/€)`æØd€–À¬ﬁ=yûÔOcÓ¥+¯Œ≈Á;(¶º™÷~∞Ê Sª¯r_9˜ÀÕú∫Ò®[«Ùåq4gê_rÁ8:
Ó‡aœ'/ûlKp_Ä€ì=πEí‹˚uç"Ä‰Vy:≠r≤ì„}§ÂBya˙qæ¡'≈ıƒø&C◊|ÜÙÍPF¶
ÿ&’¬–i⁄9âµÊñóÏi˝2ttπw‘[ı¥%ˇKœ¶s-A28ﬁ´dÁ⁄w§…÷LaÂãŸÃwNOÏr†?è¸ b¡˜Ïæ8{˛è[µõ ÛÈæ'WcÍ¢º≤·º∑Ñﬁ·íFU$Ôm·N®~a^úX≤£W0˝Ôj;ºe{]±Áï5Óz-eß:“˘ÍÅeµ®≠U-Á'ôﬁø‹t=¸.◊œÙÈ§≥R+kP‘9Œ≥ì†z®ÔJ@º‰éà;™ö÷ud¢ß[ÏÉ&W2+éc∞ÕW‹é˙ª:+j’5Í&Œ]—N.pJ≠Dr8≤$œ_$FŒé*õjß+;ü)¨~ÔÌMÛ¬”≈÷ûä¡ÕÑË∫ÛyÁ∫>Ú0'ÀóUyhØx8=˙b A|π3øz~≥;Eäx≥àSkAQßZÚc∑N´RoÒ/’}»zì8Ωj]ˆz<~⁄+wr|Ø–Wu€Æk¡}õËJ\o˜ﬁ©⁄—¸…ótíoır¥•PÑt∏ˇXèÌ”ÀäÌ÷g#¯7ö˘˛^À∆}Ÿ∑n˝∫;{¶€LÙ∑ËvD˛C∑∑“ﬂ[ﬂœÚŒ˙mÿWéOµKíÎq´KZìÆœˇL_ï§¶R…øöøï…œ£⁄_ù4Ó>LªjÕÅH≠h"j`√M´«ˇo˛b‹vÿy∞{€}≠◊c´˜ıó›ˆs?Kƒ¨“]=v˚.…√º ﬂb´ÔéØä=xÔã›sx5ù^õùÏørÊˆ°<kâàû¨ﬂ^V€ª@ßIÚ∂¡së|œˇ:Îún8tı-"¶L¿9ªx>ÿœvp„ªéËI™(n#m'ŸÂ17¸Cz/¿kbwÿêºBÙA‰xÚ’∏eÃ˙∫[Ê	íı±ı˙jﬂ˜XÒˆ˚Õ‰ﬁ~—Û•∂¨3æ5[–“∫Œ€ÂÈu˛ª≈≠Â Ú‰ÎÙŒÀ‘—≠|ü;ﬁ«2‹˝róápûêhÊóÀüjùí[gD±ùN/R”V˜«è~≥};ßﬁX˘k[R◊$ΩP∫[bÓ^ûçô˘›ºíap;VËeØÉ+“‹ŸÍáµêy1Îo˙Hj√néª6ä˝∏'Ûá€÷wÎP˜#⁄p÷?Lh¨Ò[ÑÙBOZ¢"¡\˝n¸xWy+øÈ NiZ··Ωt∆Tˆø#:©Èú„~∫K˜Ÿ!x^?|ùU4Œπ\œ;yÎtÚº÷∑—„k‰üˆéQd…óXfú&ƒU√e¯(U]9›‹:U°ÆÎÂãòËå;π∞´c≥åùΩ}¡]ò¯Í}w® E6{¿6étRâ6ãπ≤ e˘%NoÍ-õ≥ZÈp˜/ 8∑(BıˆMÃ∞ﬁPÄW;§5VK'?íœ[˛Ω‡êˆ«%qà˛^9·R„íóñÆ{/Ë:ˇ"Ì‹µ∏^ÂÂ∫‚·	‘ﬂ XﬂÓ¯a/€ë8¡˛R€˚˛êB|+)RŸeñ˙˛ç(€í’mŸ•oèy3#|ëö:cØRñ‹ÌÌZˇò{ü 4Vˇﬁj∂µ¸°ÀL‹ˆ}XŸN^EÀëj_^˙äÎÈ_iûÓ3Ÿu$$¿;¢˝O ∏òı£ıØö∂ºD∫/µç∞XATË_ù∏≤Ï@ŒE÷Œ©9lz˜ü›bıiY|XyfîñÚÓ|-õõ¥Ñ‹¿¶Dû{Ôl;0ˇÿﬁ÷ˇ[˛ù“d^®Í(x a	âœ=ê®D¬rˇ%–”JQüÖÀNÿﬁÜøñkdá„ûåÆ9„Mıÿı&©‡ﬂx˜2l∞í“x„≤Q^8∞áz¢rΩÙö?≈Å-.g,.5.æ€ı|K>)QÓÏÒ˘∂iÀ∞t6eU∏Â”:O|h™Ä3ÚM‘cˆ˝ISÕ5Ø"r.√Y˛t˚Ò˜}Möùpª®Jàr°åá⁄ï4‡Í≈]jÈÀ1á<X”ÚJ÷Èodâñ…˝/˛ë™"£»N´≤Ôg"¡ªºΩh˜ß¨OùöôÓ∏3~Ãú{e3…’aª∞È»ñµÊH◊‰J¸æg√Òº=≤X‹|¡i	ìÿÍÕ”“àJ,çV˘
'áVÌN`R†–0Z˘Å◊÷††¥rO„Ö‚;éE œõ¬Ä≥¡ã¢Œá~©⁄∆ãa˜*of«!≠Õ&è√–jæE~™	¢u§Ó®º⁄¢Cí∞;Qá6uëq”`b´òn
°Dáπdd`0]çµ>gaN±ÊÄ±;‰ÆJ—pß}´r—ØÃQì◊ÿnlIûÃEø¸]+±çPÓªˇ(Í“A∞öSy∂Œ}˘: ”Õ%Mk‡¡ë#¨6ª˚%ûÌ√íõfHËÕ∫ıºÑº'7:»õ…ª µó«Ü˙MãE^ó€RËπm˚•&}ü]|ÈûãIwf5„œç´ÃªıË√´k®kâT#$Xøé@NéZ˚^èß8°∑w&e∂üIL∏ÆœüÀ2{‚;…ÏdŒ§≥∫M-$zŸŒ4˚i°Eˇò32,Õ÷ªœ–ÎZß «ƒA◊.`IπÔ,µ-'Á¢€"—‚\ä◊∆àøˆ‚¶‚l.ÂëÒdﬂ©kﬂÔ‚ﬁ⁄N-píIå~∞ßÒëÖe.yc·†î˛†Ò˝-îßÉ‘ı2Úù¸5ÌÆ£˝ÁÃ}åÕ«ﬂ9¡>BâÜÔ;Íß%E„ß˛3[7óL}cô¢
˛„¯Óœ0g∑}”õn3|9≈Û›NXÑÈèÑMí?–’1	3—úJh<ﬁ‰πø‰óFÙ™náÂ◊xºÈkÏ§_úπOÈpºå+n…[G ’v7¯„mCQèÿ‘q¡†&¡≈lEq∏”æ7˙ΩNºú3ù∂È.iŸØ84§±&3,≥$∑‹vOéˆ¥øâŸdÌ˝Ûn•ßLVR˚§◊Æä9´æë †;]m¨8~Qkj’6ƒgqÕ4"‹(ÍèiÃØ≤S‘LNòµ £4C-J<ª$πÂ1â◊?Qò„^xf-)ç„Úè˜¶Eúﬁ∆Á?ÍÕ±«f.ºñì,¸“ €0d_¶∂´|´Drb;ö.≤l≤%(ß%Z⁄pè5ây™zÊ'dÏôΩÕøç¯˚eªrÓ˝à
∫H¡Ú=•›T¬ê˘‡_õy(o–kZtÆaœ<0(ˆñLÌÛ0Á™©œ∆Ú≥˜/ A®<›‹j9˝c(À{Mw…;¨0nz£ê àÀ:«Ω=ì¡\ÁøŒ˚x“°Ÿûd
	ú$SÆ	l˝6º∞ÚJ·Ê2†‡]·Œjå†zØfæ˛é@·ÄãJ∏ÿKÚÕp≠I˛,ÜÌ9óDd”ægF>˜÷Xπ+^8V¿ç∆lB\©vÂ≥—‘?t∫‘»¶NWStÜ˜¨ù ıë¿’.wÄgPÕ√¨u~7˜‰‘8äêÎº LIhW*S$™/r<=ß¨˝*6ê†úL§“–ö"t≥˙⁄9˝ùÏå€9Ÿ>ÏŸq6>Rtorû8 xË®†g…ﬂq˝FªŸ∑èr∑‘VÀ∆~Xõµ9?Œ9äîúô?ûMœO√D€8{'˘óÙ˜ıKæLÆé∏&¯ÕMΩòë˘EÙøf∂Œ∑Á¯¬PY[8[œı=.÷‚b
∑´;ªπˇxÁç2∂!¥ı}Bìıgæ1b
woÓ~éÿU∂b≈y˘â·àÙÆ4Nûí‰ãxZ{–§%Ö±ÊaÑÁåÎlJÙ]·lyqõ∂@∫U æÙM©®JÅzúÖ'ZSe ]Õ§$+™Z¶Ö‹±0+ÔJ˝â∏ËÓô#I]9R¶LyEø"√Yº°""™»˛3∫ˆ0œô…–Ô2π9±ù´3Ûz]éâÀ‚k0gDÔ˚ﬁ‰i¿ùôØäeÁÁπ•∏T<-ŸñöXÛ¬tãªÒò◊åñ—=?2I4èbè¥ì™Y f›I‚¯∆Q∫"ì∏€Ûb∆⁄Ípju› ¬=lÛ:WõetªG€/ïÑ—‚©ußz{ºÃzæSÔËTŒÚ˝ï˛ÖƒÔog∆“•≠ΩÉ˝£Ì≈Jw“7•:Qrë£Á‘ıEø ÕßØ√!i¯~˛8‚ 
'¶ò]}iÓm‚g≠ÕÌßG4ßY;¨rkòä/”4å±U>ù¿ú˚¯·‚úÙ5K}†}¡2Ávf©YÌMúZ\%]Y∫Ä=Kè1:∆&Û!S~s®&M˘A
¸¯ÆZ∑6ªv;ËËÇnv$˝÷Ñ§ïèŸ‰ÿU úáoZy∏É ˝waU„Èâ]∞ædq>ºÈ∫G2Ùü_„º˝ÊË›mÉ∂Õ=m0ÂC1èú,∫AŒv4¥0xI¢ÆYy¢jZ∫ÄU˙ ∂bv≠:’—ã∑‹ó'XÍ”öJ˙–VınVÿPQ%≈NÓzVúqY
*K„—∆¶πÙA!.%(∞°ºgB!Ã≠Ñ‡~´è^ ‹ÅZ÷‡€È^[Kk‰_Ë˜ù≠Ïb¶1¸p-yÒˇ˜g92ŒRâóotı-6˝¡äÉÑñ d ˆ'f#  )`ãqE≤∂ô#pÊjbbÔú!0È‰˜„=˜˘üêQ,1hbæ™,≤Z¿Ü@\+†DlôéÆâUÑ∫¸÷_ó˝‘'4=·√'›Xxç"˝Œh(Ä0˚]M 55õÒW˘⁄©@¸ËÍèRÖ∏ÛËi;$2Ë˚â«”»Ë-Áøq}üwJ–^ºW’ºL„÷.Éû≠Ø5§g'ıRBòz™ßKU'wøœ†ﬂıR«- FZn¨\ëﬁWW_+ºwÚr’WVŸ,#Ïñ∫n∂ËÓ}≠.ÀïkÛ|ü»}”]˛V\ŒëÏˆtüî ÏT‹tïº ¿ı„∫€åÕk˛–´V$R=≈‡oÍPﬁ÷Ô ç[°Ω_0©–&C©0ãóÓë.z1/;õêîdö8,æ£oO'ñZ∂∆]b»$Œá$K=ZvVæ˚f“ÁÂ*.Æ^0Ø™}ı˝´CY≈œ–]›Ô 9bÍ∫¸¸áS®Òº¶(YôÚ«{UiŸém¯ﬁ˜÷?Œßu‰Ÿ'q6D±¥e˚™ŒitÚ(.r(˘∂æ©˚Ú,˘’®™)Aw"ñ|∞Íﬂﬂb°›`0˚øQÇ%´ufüS∆¡iuÏ“3ÒórhägÏ¥7>0TQﬂ‚π/<¯H%eßN„XVébçÙnîa˛hCè 5K '”i(ZÓ;#»Û7å4
tr^HS•ço#ïı[∑”!PN≈Ó$'UûF2‚ËPw
{¯yP™„z5Â>ô‰·À[>,d—¿BÀ&RÏﬂ8ôπzÃÏÂ≥Höô.ÃÛpËvß›óe5=≥†+h7“m~∑GìˇUî˙ﬁ¸‰æÃﬂâ≠Æ@±≤v∑‘4ù§çs´MMY&‡•c9XXÔ‰siâuπPTŒEÿgxyòÔ¯&Sµ¸-á&2Z`aû	mû«'wâHañj:§éôE“Rî|:⁄äv¨èáìnÁ‹w PﬁnJ´’J*;¶ΩiﬂtO«ã Æ”Sò§j;Œπl–ˆ¬›GIÇëUÖ·–†_cwÆÙR‚‹¸≠[∂+¶H≈T∂˚ÖPgÂ€F96'Iåı»Ö<⁄Ny˝h%tHÜLXVh∫¯WÍ€‰h*c?Çj0NÄ	w«#4òYq˘¥ÙEx Ó«\Q~ÀaøZÕQ‡…‘¸HE¥©x.Í$p◊ÎtEKﬂÚ"¬øÇkM≠›ú∂∞%iﬁÓÔ≈Á2™1^Ä€“hØCó"ô\Ù?Y%»ôTÑÆIú∂≈„Ìj˛ˆWëjW ﬁí”pª®ù+
,ŒL§´:bü=∑†i°˙•?ÄpN∫ãMﬁÍE∫òF’ÁvûóØhZÛ5è>l¸Mﬁ©‡∆W:∑ÎÍŒîÁﬁ.~\~üZ<EÍ—éi†¸„
ÓtXDGÅ·Í@âh63.ÆÒ±Ú$¿∆B–öìÅÛﬁ¯[∑≥£l≥Øcl»ﬂÈHÎsë0(í"Í>Nˆ`˙ßÍí´Jòx◊Bt≈ı'ë˛i◊4wEP•Â®™i2· sAΩj’∆k{<kPvÍä0‚
êb’à
∑F ö	P≈Ì»	√†°0‡∫O\~dm®¿≤—ºÂ•jR‚≈+ö∏O<»MzøjU˝+z¢&P~c∆^©W«K‘™∏‰º‹uﬁ¯Ãõ…Î≤AÊqπªP{]˜’Hß„ÓJØ–xSoœf-¶•±ªA˛@øG˛ u3,Çj˘ÏN ÚÓ«à“$q¡k\ï€≥âU>8±≈Ã%Ùû‘èY˛êÜ—D|»Mm#2-ÅÉ·<ﬁïéaZX‹¡˜Œ˚ÖÓg©:8u¯9©≠uB˛û:µÊö…'+®Ÿ8!a¨Ø	Ñ≤‡ˆS§ÀøAs«ûiÚll◊(√`&öèzY›ñöê0®¿`¢éY9êà≤<UÏh±ôMıI“ÇO˘gÜ„XΩ£'ÉLN˜}®√˝9äU9_ÀÅM¥˛ØÉ+–ïeÍì?jj±ÅüsÚ'@Æ€j!L\úW&MìÜŒµ}P:"›Ê¸ÿ1¢>∂&Dy'YCõ⁄Ó7jÛf‹:OŒI)∆Ü∂ÃY0ÆtgÍ¢SΩØ”ÓÅ1Ù0ÊOä|]¥Ò°‹)œl:—°í≥o ê‹◊‘'Áa2‹“¢Ìﬂ;líMóVu¶]f∫•)\fl ôU÷|î&T•™TC˛åF&|ƒÑc√† üËÀ§áL÷
JG¶"A˝`ﬁ£◊„o®•‘ãı¬8πH¯â:â®Qoì˘XÊyΩá‚ÂI<ªir5¥–’a2•QÓ…-ºê ËÇ.¿Äè|V(°ÇNÖFåáÊ4deH◊gÙ´öäiEó,Fê"U…»Ï`˘¸S[”≠(SÑËYh,çl‹˛¶*Ø_Î©≥h—w©KΩgûOB¢c4î‚E”≤DØì“(P©ñfDÂ„§?òC∞5üè!…¨lYáQ1‹Œ¥zx0? ,≠Níj~ôcöÿ)Öc/≥OM1ù€}Sm-5®¥r5°≥s†¥¶^V?Àq$ÆzSl IŸ‹ÿ"ﬁAg*J˚”i)›yéﬁ%ÄõfÔ[± 82Ö∞∞Q˛öÚÏ≠uÂ[ôW7Pä+OAByK∂ÂYÖÎh‰*O‰⁄û±îñYÂOLmÍäã˙÷>D:À»sÓ‰⁄ÙÎ©údΩPË±…ÙﬂÚ„åbﬂÂƒ&-‰«È≈†å®ëã>©Ã“HHπe‚·Qä1_á'„ß2ßYÍçS3¿å7Q&9‰Z◊;m”≤WÖlafŒÌáb4¶ﬁRô•¸nårÑ+‡1Í¯+ÊYœ§õœë~∞ªœD#Êú/+¶^]v∞˙íE’˘Çpπ§KãﬂÍÄp°®⁄ÈauW§)Eå5"ºI9êjj’D¶_ı´a
Hú›h¶Xúùî:HC.ªwú›è–1˛Èù¸◊áj-o[1÷IÏ√À9P n (Í>€ÑÒËNCLqv¬ï$gs›5v $∏õmrô#ú‰t_I-˘´‚#ì€‚†‰∆˚MÍè”geIˆ≤¯h∫‡·êiö‡Y:X£Õ/äœXÈ£ﬂ˛·6QAåC∫,J®√_ùnv∞AπŸ ﬁtÛ∞
ôèy…Õ–,’ë$H&¶∂±TÒ:«äu©6 9.!æûÄÄèCì•©^)µ¶Q•¡nèJSUó,WM&^l´ô±œ`>+{¨ûófs⁄Pí¨#PΩö*∑§Y·AgÔâ–öêNã±˜é8A?÷⁄É›ö3_Cò
ó5íŒ>ä˝∑Diçè6/;@vÿ± ˇ´ŒèÀÑmúM6]ÅÚÍé˛Dt¬Œ{RäÅÛ›ΩÓN)f3ﬁ*_gΩÔÀÜ)∆†à:
eVµ≈têC Ä9Ú?◊K.¯ô‡¥úçv®:nã¯mR•®©õ§É4Å¨	E‰dï∫õ!hª‹Â]˘çò®<QIè…X(¥ï®π„Æ—ËF∆Ó@‘‡úä”˜@+]ÄŒ§÷ÿFRJ6u<øáı«+Ävx¸Y∞	ΩÕ√JúÚc>¡‹x,ı5|€ÊÇIÁ˝æﬁ‹3Äñt õÏ¿'Ä≤´áÆå57πXIqH
eå«É0?3â7]eé?«ÄEy€¢–°8+Æ\IQ‹‘˙¬ô©ƒ£qD<·Üˇ
ô∏ÆIÓ9he∏›‰ê„åŸPÀ0‰f©$ŸÈsìü+ #ÙçL<˚mÙDÌ´9±∂F4<Kq6íbI0F”§œF±phºålà‹
≥)’ô ,± ∂&0LÚ£Ñ
2E+2˝î≥ùo¸k@£Lºˇ"ª~8µâÎ"Ïœ“}A‘g>D-à’*ùVÊïñkÉ˛ê¯∆	ÊCmƒ∆q‰Ì´Gq≥4£˜&Æ‚Ôø≤í`èQî£Ì«vÉ)0XÕ¸6äÒuΩí´â-‹Í´E—I—i¸©@ì£d‚ÍZ1Dáπ‹ï›pnˇF•M#˝jö>A?Ùc'=!›ã'YMªë…ƒ‡+ê”1’'YoÌí"èI¥ûªÓ†-YtΩD•pL5◊’“πåµ%“I%-^È∏˜r·v)o§u«Ó@TˇLï¯ÎFé˚F•qì•[ã1„≈≈‘Ü â˘¨DÂ‘mR'ôƒXÆÏø˙‡√≤-“_b…C
˙g‰n$ë˜^ßó/T»’rL˚lˆÚAí,O"..˘0dıáÎ™L)ÿ§§øT˝±Ú∆©Ò{…Øù4v≠üƒ–È§ËEû%£ﬂ Näoÿ≈9e'ï@ß≈à…ß÷JdQp(KiI√ìµB”=Ñ∑)Á„Ÿ√8Ø„´±9Ø—ÎçqªA8Ø–ù.ﬂ‡sU'ìüÂíÃÌ—ê∆æÂQqª¬÷S˝H∫i-, ¨äµÇeü`|rÏ{4©YJA¥2:[¶D©π®∏_fÈÃi≤¬Èpπ™r¯Ht¶œ√ÄÁç¡πÍnª]–rı ÊK`a¶4)m≈¡U™— ®{ŸDD∞XJ>ÏïŒÄX	)g7#ÛËjê≤à÷	‰=-√pÚbû.&âPÓ]í·õËêà¨Á∑ièWÌÇ’Ü∑ÿjì∏ëÖu¬≈õ°ï aEQgm•≈ß!ö`´◊ÇoE˛å<{ÁÑ:˛äËc	6wesúTÿˇú‹àEûâ0§ôõÈ‡®ó.∫ÄÕ\ßj0˙ê»1*sÜC˘ónxÑ∞Õﬁ¢µ®6ìíŒFz÷TIP±-k-+áÚ¨lï´6?‡¡±}yç!)ÿ3}r⁄{hg˝Êª—‰KmUæ1[¡Æ›ñ+∆¢·Í~i_Al2Äuå^=˝%îWπ∂£^g˝h∏qmØjÂÕ…R\F˝ÏÏﬁ∫~FπÕ/"€Ã™*m4Éó á•ƒΩà2C†ˆ∆>1ﬂx@∑ß«^GN‘Z—ÏK√‘ºé2…Ö‰ƒ†Œ/ÕÙ˜≥êfa
m©ÃjõÁSÄî
ÖE…7âL°/JR°ó—∑Ω∂¿&g)Û√èw%†æÍ—oMdC™KìIyzgà)S}<„ö?œ4≥ëMıa¡*d∂§eƒ7íF∑&¯M¶>∫–ã≥ﬂî=Êœz&I≤2?T»•÷Ã“?íp
•2Ã ˜w&Ë#?A'[ ª#B˘îú¥&¨Úª˛ÚÚË«‘^¨ÚÖæ9?ù”-|36§J±,Î¢m:ÁNÑôÌâ^)™-“
˛Zk—±wÆ≈díü*Ç‰7á∑˜z¨ˆ=ìå°ø˙Ùxöä◊%iòl—Á5|
'w"∫πË¸ûrî;q˘°û!år?ñ„4£‹´ßV.´u<"§·N€Öq‡¨2§õ„Ö∑ÜVœûf⁄íŸ˝ØãŸˇÜ=G|Ú;¥ÅÚ∫mÓ”wH~˛5ØV`£¬¯@R˛:aõ€P,Z:Èêï¸%4É§_w¥r_®_81Jr,(x≥	ˇø!‘@íùÑ‡∞m÷Ã4°°¢ëÅ˚òø~"+˝√!› VôV'\,sG∞
>1•ÔKhÄÒ|f∏÷DGÎËÏfCw)âX¥:—!∆å(›Ú^Ÿu¡åÒnh5ﬁ™Tﬁï”{Ç†»–¥ı–FBtoïÂ’Nàc[rAA)ÉØ••≤÷±®XjÇ\%ôú••b.Ã>‹~	BNZï3"Bé~ú‡LæAVczN%;;ıB–yo«*<çòòU˚ü≈ìÚÄ∏[qTÎRå0Ï≈¸1ÈÕÁ÷˚Y≈ÅÜT1±‡H≠9%8â;ÓC˝Üî%ei‚gW\3∑ãÛØ¥NÁ8±z„JÈ·„£qÒR≈'$fZpÄ$WéK.…bOæ%™Öõ\zA“©,'o˘P∫©%%ÇR„!VÅ‰¸Än ‚‡Çø»`¶‚∏Ò≥–*≥®Pø3Ñª‹ño$¡8≥™¢ZÙR°ë.wáÖñíÓüLDKq∞6	f 7êÄ¡F;\||±&õy{R„rRŒT∫N%€ÁáÏoU1∆˘Y“ùw!%>˛
,(5Y&‡)-ú§xÚd•∆ÔM‚'{É kw¿©Å±˙ÆÃ*≠¨ö[ü T€ƒ*z∑7ÿú∞ﬁù˝ug)Ü'àI‰Iø"‹vn!Æ¥±®Ç)DB„D=vÍ·éõz†*Ô∞›…_ëNsõE9µyÉo¥˘óa∆CùXk’¿k≠¸z£Bï—´q  !`©%7àBÃRî¡÷t¯R≈S3D˝ˆ B3˜˙”ªÄÑÏ€«ôﬂ∏¡X˜åã@ìßPEÂã$3K-–
h≤
™2|é|uö∆òﬁôπ23XÁ∆NuËg§’’@[-pQ¬÷úzP
Ùó‹¯@9¨i∏#ãÑyv¥Ìx1).æ'l5ô(íÊg¬ùOzß?fÈ&4é+ä„É¢≤e>ˇCZvŒ_5‰—óh-_	‡IBU£ï0`˛À!ÿj@áçÆ©ƒÿS%ô2≤åÌ∞IºHà†ˆùß÷.Æ˘ îEj•™©æà•B+›ﬂö«n]tÕ"Ÿy_[3◊eÃDâê˝⁄“Ù1ﬁ6ÑöˆbÛÙç–Â_È“ #˝îÓA¨kë[`]%≈JÀµ¢â_ß∫¥BÅí©ë¢c:‹±k#]˛¶?úZxN”ò¸x#˝F÷ùœ&˙,y±±3¬&f8:Çÿñœ^¢’_I)åçbËòè|nÃüû)ˇØ€ï˚ömπ, j*òq4î¿JùB¢*ÔG
,†(π‡ L§";ÿiMòúÖCGßH~NdÉÌ’D9˜ÍÅ5¨ÿ≥ŒK>íGï‘|úŸjª∂)3…h>˙ÍëuOkà˙´®®ªËºÆW∆óVeP˘`‚M5BAï˚^Ã”,´¬*&ÇØèŒ˙ÍzÍó∏Çf*r:·#y©»t$è±’¬UhfÃ∞ÑõG÷"-†üQîÖt!±·ÒW¶ƒ±µ=ÂÈ≤2Në.–UsOI¨÷V∫-q
Áù´åt™KMY∆¢c)•pÿ¬Ë”ñ‰’‡OñLf±∏ı“¯[≠{A8êø“•Ÿv∆o=´∆V±G¨w í!OørÓ¶{]¨õéj\œuÛ:MxËsπ]Ωõò∞≈†[â∂òLÈ¿∫Æ¡ØZMóÔúyDYW'M˘J…`wœX«¿ÅxÍK3A9G†¢`ã<®«Ñ/e¸z¯\¯~ù&Ù∆êú‚¢l‡2"[—qJ´ïN∑t;˛.TC«4Oß¶≈êñ∂}øa`TqSr†q3]ÔÒ`hÙﬁFD~,^∑sØ&Õdh÷}ˇ:À1l?„n–M≤”Îæpy?ˆÿY¥Yô/π‰`§F(ZGºÛÊüfÈ˘'´hGaÛañ"Æ«πKÆo%ÕÆ3°XÀÅCW¯P&ÊÓÚ≈+ö.ÜËuﬁÚ—™‚Œ≥œ}·‰RöÆVMﬁÀ˛Ó|µÁ¸©ŸQ.Jê æÁ8ô?EéÅ∂“€õÛ,û()ƒúÓM ˝Ãó‡¸ªûVh ˝π©pÁà©¬–rv€CLukIÛΩÚÎ∞uFËoOÜô&π6=k^.9œŸÆòﬂ≠ÄÁÛ‘µn'=W…•Ç€≠3Ó©÷é◊“≠;{m*Ø“Ω≠Œö∫ï˛"ÎªÁÀ/Cë›π“BØ{Y-çH…b
/≥N}¢eKÙ¸›!Êê ïÕoÜ_Û‡ªS/›∫ßÜt&Ñ;)•VÈK`ä&fÌ£ÒÍ˛§¢5⁄€Ø◊5´.5'W5sHr4œÀoX∑πEõ´¨9…‘ˆ8/∞#å®;¸í1Àq·–Äy˙qS¨8ûhﬁΩ${ú≥“qOµU˛z RZ¯TΩP]6Çªªkpá¡aÇw◊wwww‹››!∏	ÓÓ∫CﬁÔˇw∑äbj∫gnü>˜±”°*•+@Py=£¸F˚lÀo´ïiÜ9N¬^é\°;√w~ò’Ê*≠´Å nÉéÀtø~‘∑œ¸“≤ë‡bÄúWBûL„–Á»å•}~£ÊïîA&¶9(9≠wêXp0Ùf©ﬁj±v‰@1„\	≈è‹√˛í—X9¯2©≈w‡··µ¿g˘0¯˙‰Wk¶\˛4ßXˇïHÛDπ‹¸N¶˘ò≥Âf∆Ø5o∆)+ä…ìh·nR`·V©≥"√)JÓhuÙ©ÊGß◊:hUGÓoäb˝≥∆ˆ“§_‘û€!.N›5({˝t±òzKy}w7æÊ≤wx.’ﬁ¬ÕúÜ≠Uﬁ{eVÎVApsh~tﬁ’˘¨vF‡pÑ,±Ï≥¸≠Õ√t]ı9Ø˝nÊVs§ØﬁÃ»’·‚™ÓV9eæ∞~0oF¸Ó∞ä∑£çª©u˘˚Ÿ·ì }}Ô›Î‹kkÎ≤Gü€B«}äÌüzŒGUÏ¬MÌŸ≥Â†Ω¨“◊<Øõã”j◊ı7`÷⁄·ÕL¢bgÂ∑6ø—®Û11Å5–Õ¡í¡I¬Gﬁ W^Ú˚ˆıÈâNm≥Á∆ È¡Ê6fò$ì3◊Ò0?°üìm6Êp‡âùˇï*5	›Üﬂ‡º[«˚ﬂ	Ò˙õl¸åû1(=2=Àõπ9ÔÂı.øôy
rlºz8‹z2ªÒúJ˜ZP$§—†D Ê®ü˘∆wÔ˛Ÿ®«ÊònËTäç8€d;„nxo‹z/≤„(¿uOõ/v≤H¡x≤›6˛6Áß¿”¯dê’èo1^W˘º^ÎQè Es'øV·£ó^ÕÑÖ_¥∞õña&∂/ÖO˙åÑÕâà‹πíPù&úl„…‘3zo¡Et+7Œêf\î∏1õõôLuR∆Læú‘9˛8”<Y(î(öÇ,‹±{9?º*®\"æwˇ•®òçÃßÌ∏ÓUA®“1ÔæÃÛuº˜ }[XÕ|fﬁ‡§ŒxˆN@ﬁÔl≈/—ëÀ^`ìnÔ©t≤ﬁzº©Ì^]Ä7†£¡ﬁ!›È∞C_0+ïH+ù>Y»À•ç∑Ï†æ˝Ó$›¥≤Ç-◊jï“„ÆbÊòzª=ßs⁄”w(Û˘	>uhóÑ¸¯· ˝•P¸ÈÄ<‹áVfBß◊á√T;]>'b––{Œî∏gä)¡Uﬁ*Æ⁄ÓSgPC∫˚,o®ÏˇNA∏»Sâin93wˆLzh∑∫AóXgñ˝˛ıÓQ”™”N^mc’&€É(µ}¢	î˜:ﬂﬁvˇ—à˛≤~G≈ily£LÂkkA‘⁄S*˙ﬁh~%Q√°I◊aí§∆O‰íÖÑZÒ⁄áï≥≥)|9˘?!6◊÷A ˜WKΩû˝ØÆÁŒÆ/ﬂ^ûü.É“≤¸BÃˆWÛ™πÆó¯ù⁄◊fÂ°_÷J◊©|‡∞ﬁöN¢6‰€ÌzT∑*˝Ú©â˛Lﬁ> {πküIƒ˙j÷˛2≠π÷+dÙ"|∫8m)"cööò@zâ 8OG—=l<ÌG=çªUr %Ã`Ñn?Ó8+˚»®’™p)„≈aÙ;pUÎ0¿©QGHÆ)πb∂]ùG®k:77lGˆ»kW“3.€w‰‡N%hè+dã:‰∞'‰‰'>(—gùæ`$ì
p…©∫^_≈jKá''è µÂ#Å/ ◊ù^ŒêÇà5¿’mNÂÛ›€ÛÚOﬂã™7¡≤§ºa˜ ax®C«÷◊≈∏íßi˙ƒ=ì˝∫§?◊A¸^à{TV-duul™È_—≠Ú•ª¯>èØ\?∞&ÌbûÄ\ƒ“TQ“h
A˝)Fy≤3Ö¯Öiî√b£€˙ÜÃÕ8ìr_u’jÎf7´9ıSıπ7dÿƒ™dÿ#À*3L√®VEÛ8~„X¢#÷≤¯\]◊‰\Ë~Ôä˝ÌmgÕ“¿€à£ë¶1Ü∞ãuµ‘ zÉI.∞√
¨Ífœ0îÆbˆ´‚ÀRQfi¸Êó|‘Îsµz˛Å¥‰°YElæ”Î≠∆o√Ö}Z> ‰˛ãï˙mIÒ„\.ﬂ+qbT¬$!é„µª@ﬂë‚p·ÆÊî‘2w¢·©Z#≥T≠ûis#q˛ádﬂ·ı∆P‘5ÈR◊9±„¯Ê¯¬E≈ïœ˘oÓm*ëêæ8¨éˇ«)hı+CKüË6¶ÚØçNGå8Ω~ ÆqÀÙpâ#SªfŒìØGÚ›~>Bﬂ¸>dk+¥—MõƒæãÍ|>®˙˝`7^Î‰„`™˘ˆú"#`•∆Rl¡`ˇIS´sß‚‚È7]f*q˛SÙ`˝„Nﬁï}^∑ÙÄta)}w^XÃÖ
≠¢ÚC˚ìC’‘FªFuÇ∆ôUïz‹ö‘yóqâÍ9Bk 3…2ƒ…Î/º:Õ‡ÈbF˜ÿW˛ã##_˜"≥¨è°:Êøâ{àß+§<MSlûŒﬁ.7Æ“^ì·ŒtJÎ/ıvÊŒ¨iV√Ï8ˆ\øM˝rE÷U‡º∆∏Û≤ı1 3◊µÓ€\ã^Só‹WáõfØˆáKëÁ…wê¯≈û∂≠E_|FZ?I:≈àÿ´“\Aò+˚]ˇ’rıôt1pﬁ&òAˇ+[VÃ∏Á,sÒøÇ`é¡L5„"ˇ	aıF76i.ï ,•∆⁄^ª<WúÃ¢Ìõ=1\–òΩ°Ácè˙S¢©πPˆû⁄gŒ?ÆúÂÓÜöo´)_ €ëzæ√wë"§¬∆}π,„ºLˇvY&~ô/W£M/9/ÀgÍ:»∏‡éRﬂ√[@›^RœÓ2∏~ö≥Tˆ˘‹yøïÊpπf
±ó˜£j∏µA¸‡ƒBçZjºVx›‘e/œ9˝Qo)Q‘jlGÊÌ≈åsÅﬂÈ∏ærï%·W,ßæEa·kXÓÒÄ	∞d∏lL-ƒx-Ê|jpF)K+§˙„ŸY}ãLziÍä,Ne9xâ9π≠r5≠ö´	.-ë4ˆ·∫ÕÿOi(sz8∑Gr	q=ˆy-è©@Òô§a=¨Lí	2ngtcÒœÿﬁ˘ò˘äémπÅóäØ∑˙-πôı¢QBê·¨î_nË4DDWGB˚±R)øñVó3¸Vgkœ+Y¿èSµß†XéZK∑±. ∞îíåìŒVCœ.„§ºZ‚§¥à7Lt·Ôπtàhà⁄t˛)é/hœ3/¸°~'ÛÎÉ≈¸’ËI≈zûÈ5Ã ⁄˙x“?Ú©L,∑|DéÛπÜn¶?-cwØ√CËÕ§´,µz’Æú’p≥¨Î‘–-Õ&Êﬁ!lå∂ÙlD·úŸ–-Tñxéπ77«fo
¿hœ‘«≥ÂSÅY*GY ájj[è‚8FµÙ’}ã|:ö|Ø∆™èS≈ÈU ~S´RåÔÁoOï”K…ágŸ´q“‰oAûÉy@ÌÍ∂Mu∫(qú√RO+ÏWµ¿	äìO{òÛ6H«	¶û(ú≠…ÛPXÉ_`øM)â "cûcÔÀ∂»F}…åx!¥ö” ÖN–d⁄è ìåªM≈˛∂—[ï5ﬁ∫ ˆëS’K¥Ö™±pjr‡z◊Q˝À“√Ô˝≠-A˝™ıK"›¢_;íÂGÃgGVS∂∑ƒJØ\√©™ï0˚<$çyÅ∑…∑ó3/I∑™Ç„nsT˙á›ÜÿÈÅˆ√f≈úQdy√g4¶ı≤ÿu‚(≥	˘Ø&§Ê≠ƒµmZ‘|®˚c≈%‘€ä»ˆ√Bc¸I+«~h≠ñí™mœk–¥T‡¯9x#„1X%3˛ÛW˚¡“DÀ2Á¡„¬7…Ÿ|ß‰>◊#x¨‰ãîæT(˘Èä¯Òzj∆¡5FÀò8Ë…Ò˙™ÂqN"—Üåı™´h,•Œ”âFvü•5’í¯Ìï$K¢ﬂ‘b—•0`(üo„ô·ä˛ÿ-©3o∆N¨¶ …∫k√_˙¿¿õdLÜPÜÀbv∞gF[≤t∞Ø(|a≥w–OÙÈÁ’’J⁄‰Åœè´mo^˛Ó_‡≤9ÚÛﬂﬂÃËÿ¨,¢ˆw¬˘0n$˘˛’QºNKu÷Äå4Ëõ»UÎ¢Òè@±»Ú9i
#~‰yú.ÚÏÙÙ_ì6–/˛V‰ÍesäK~ﬁ—‘^e˚iãÖ/P°:›≥ -›zÙÂÔôB .–R•?∫o6–wWrç\§A¬ €7w:õÃ2^àq∫I¿/U¢\§¶Oi0ë¸ì∫¡RtÀ]◊m©NµÕßP•2¨à®ﬁk%lÕÍèsüxr?ˆ◊#ßOwj¡˛ÆÌ◊~î/¥g∆9~∂h|©$%K0O&≥Ïì3 õªˆùíx†Ÿ6û∞°ÁOøÃD„Ì¥ì}r‹àW›≠íl}?BÍ3◊:J–%µÑ"î?ÚBc;}⁄:Z∂Ëâë˛P.G7èR\(ó pKà
f?Úr¬≈iˆæ:âÎ≈Ñrå’?≠u·ëÂ?Æ!yÔ0∞ıR)ü}Ò´•sJR˜1Øånè‹£ËÎ|„ÛéÊ≤ƒ1G∫ó˜‹ù7’kY∆ƒùk≤~y\Wïƒ{Bò¸‹%±¢ßI3Lw\ç»›≈q™@˘=∫¬ªë√ƒºﬂÛî\MH%e∏Î˘°Ãì~Ω~≠"ÃÂËµŒd∞o≤;§u⁄ß2*üH§{ÁÈ
.≥6∆O÷ìæ1ÕH¯≠÷ﬁÙÎP>ŸΩI"ø^ùúı34µ•åù:}ÚF_«LØO€®c∫ÆnÓ?ﬁ"ˆ<–◊6R˝4≥3∏·˘ÿd7eºá¯\{3ÉGΩG}F›=¨£ìïÆ•:_"¯}ﬂuŒyÔæŸ∆Wû¿˘`˙`4©„ÂŸ®√4≥bÁduè˜ÌØ^‚ü˚’1ﬂíãû+∂Í#*Í≠DAÍŒgvç&…ˆ2©osQÂæìJ%Tø±ﬂ&ıoœKÃìÆFúö\ÓiBßÃzAa◊Íxe¥2}Ω´úûÙŒP™≥Ìºá—âzÿ˘€˛TœÌÚö∑^YÛ∏ZyVFX“„øÙòVv√kÔïqﬁj”z{áWé· ?ºi']∞‡YÚDxBpxK®}§Y°˝•Tut◊„≈V f<	≥∑T„≠–ú0x¯(≈Æﬂê˛Ï≠Dﬁﬂ©4ËÎ]Eä«π£W…I&ûªuãÑqÌ{z,AúÚ—L≠Ø≈˛zÁeqôZ+‹≠Y~wµOK"ÏLœk¸N;<ÿv?≠é:{≠Á∏≠j(YÆJËiw2;2NCcj‰ì…¯PüÙ˘+fMøl6.jŒCß2	∫&◊xTI@.{—ôònd√e°E2à	SèËlqê˙1&°å|i¯ú´√¢Ÿ˜Ím3ƒ⁄e˘;ra+&≤QSÃìa*™¬ãhW*Êm.Y∂Vá!'0…ª†-Ù0`l2p\«wŸ–‰»eR⁄Ù¯Z|Dc¿WyÛ!ÔJËó:™ÙÑ+˛∞hsj·Æ|83YçúRà“b0'l√˚íhóyÑäTêFÔ˜§åÊ€#˙ÿ∞LºJd(ïÈ}n3‚”¬øéä ±v!MI†¸≥ÒúúEâ €vç„5¶Y2•öMëåÊìæ(◊’íG´∆ò¿◊ﬁÚ¸ÑoõGÎ«R˝Áå?±+¸‚n§Àsæ±uS£ç%*ï(€wW9$÷±&§—5)ØÕ∏ˆÃË;,µ>Ï≠<=π|•‘/Óáø⁄ºÂ7Îú$∂v_ØõM∫N~Hœv¸Jï≤U¿⁄:û–¯Ω•"Ì(´¥Bµ2)–ÃíD:Kî.Ìc$Ku®†Ø:Ú1∞É˜1O˙‚HOm¬˚L^Íºèü÷V‚Õörßç1Ê4À"g#ƒ≠Ü ƒÖœ.>°ñTp£≈≠‘è~gIIù ∑ë ô¨¢dDÈKeÔÇ‚l{+`@¬T„&ﬂF∆ˆ7$/Cû ‡ü|9obΩ¬GuPü
ÂB1™RÉmÔI"‚Î∑ªÔäÂ¸æ¶VÛ6ˆß‘¸°Ã—hy1Õ“BôÄ,ú—9bdòc©eÏ
e¢ts∂ñ9h‘!J9ànØ¿≈„WÌYL´=Â!œcê¥±….7ÛØGß ‘’iÒ…ÇïV¶¸$1èRy¸«S÷ÛıøCí2¢Å4Eÿj’ﬂ∑‘xcà(D©,'@*ùõ∂;sPègt¨JÚÊƒ%Yy%”F–ßó=Ω^3C)[œÂ∏!o∏X+˝‹ÌéÆgÈÚ´ﬂZñ≈‰Ê$–˙ÛŸÀÛ ÷¬$˝ıÈÃÎÖ≠©Ï’›ˆŒ°˘:Å &…«”Û˘PCÂÌ´\ûÈ ’jK‚Ÿ≤≥´Á„÷AÎ∆fo ”õ$ÛÉÌÕÈ…ˆ·u˝”¬]Âõ˝£ﬂøéÕ˘/Í¡«–ù
^oÍ∏+dÏÖÓ˛Ö˛ÁÖá:)◊J©Û∫ô –Y‰ìã´&Lπ◊ô5ß÷1†tΩ%®Ëıı˙ Ñ®ﬁU··®=≥ÕI‡ıv˚˘PÀˆÒvsugÆdÔâ◊ñïD¸Ö +U3*Æ∂6o˘ıêIõKã~4óX”bó8®¡ıjlE[˙u[¨Ì®€N*£3•ÕÎÁ„VTÇ!µ\MÈèJÍø⁄—•∞q˘¸eïÎÌÌ‹_õS5	ÌW«d◊Î	Á=«≈=5m0^"∂ö÷=1^‚ı≠ﬁæ5s{∏ñ?@7ﬂùZ[Ã¯µåˇ\U}ì‡<}Ÿ/º∑TÃhUáV«ıZõfâ¨UTÀÁ·§(%V=ª[˛„¨‰»IÒä¥ú7*∂á¡dS:∞–É˙Öw¯ÉBû„0<7_Ë0±}ìU∆:∞±°√gÕz_:·Ü)ïëNó´ÚÏë%Xòíç¥˘ûx˝n¿4{ÉœõÀwôıJ∫˘ °gãzÚÇE†>·˘M∏¨∏©ˆ><_‚âç¥´oˆ<ƒñ;çWqÅáil&≥í;x∑#mdbRBN¯F÷C5Øƒ∫˙`:@!1G≥ãnÚ∆`∫ÏSÙ‚J$RÏTvh~BÜb¯ÓñÌêﬁ’Ω¬Y6˙eycåy9Á˚l`∏U˛ñ≠0BN%gõB£[òÚGï$≈¥¶ê¶õ‡$≤n|†Ìv© <Èƒ∂êrDã>∏ë(€f“≥n4rO“–õà¯G∫)ìÄBØéó¢}ï˛Á¶µ“©lˇÏ˜Œò±∞:P¨]—MÕ”R:¸ã§àw¸&_^U∫ëÒb>¬Æ·úS&±œ•–'¬n[€ﬁ"†„Vz€∆”˝kV«ëËÎ·ÄKùáÔFÂeÎ◊îeuß¨ÿÕ6}˙EqY}Ò"ô^\÷pñ∆Ÿ˙îïBuê5¡.V"»27(oHp,DînÖy™NÖ\MuDÚDU<`Œ@—˘Å,?0≤À.c ™ZªeìÀ`†URÈ™◊J OÛE
ßX∞à·É…0-í!öˇâœ¬‘ÿ?Ö&ùVÀ#ñ
Ê·®ÇF%‹»1ó:éÅ ÊæâxK/˜Œ EéeıÓ{¡bÅ‘z{AáíOm§"¨∞Di‘séê;xd4Ö%Aü"e‚†ˇ~NI≠cWÜ˛Ø∂Ωíƒø∞Ê∑=Ã B*#Å∞dîãÃ8†H–·“„z±ø›<sµ^	+X_ÒhHE¿%´Ì∆øD}˛ ;`ÑEYHmÇ’o∂¶FDäEôE≈ÙCˇ/—ƒèÃõ™¬_Ó«ûÏ#·”'Z%≈‰ˆ∏?E‘ﬁÑJOèŸåJõî`|Ö#b0Q«åp@mj`Ï·Ó ‹øÊCÌ-≈}4˚È_	5B¿ÚΩ“å!Õ“Ç⁄√5˙◊AèJ8
eªL~Ûlg∞⁄ë∆nß∞u° D#,"€◊ÚÇÑ§ºÄÚ'˙)øîî]¶"∏P6K`‡BÕ·◊I"…ºÌ≤ù√|2ƒUjw8«¡â+*Ã%π?ßﬂ\◊ÿømû‚&3ôt;Ÿ•@œ»gÌ6:ç∂$›≥6U¶›Æ=bµ…'XD‚üt∏&ûÍ¯uë.fo"A‘}=“Œ«¬Tœgá€ö‰ÇAÌÏ≈ı°í¬ΩW$v+	Æ(∆PV *∞ Å;VΩÑò!©y]`îq1¬#[]wPévf-†"ˆ≠rä¢Ä:ä‡bKD|Êπüﬁa¡ÙgSá∆ã¢¡±ŒÈΩõ)C5Bí¥®hˇ¸<ïB˝ÜúÇÉvΩK}tN≤ œ∏Î†>2cOñÆ·ÍxﬁÜó~⁄ìw2·@ªË≠‚∂ï˜D; \`õ/Í0…?æ⁄•õ`¸„kØãc>äô;á3e%'Œú¸=ª3‹	∂°ë%“|®J8Ú9ªL¬ÿE˚›∆[¿Û~√ËÕ`Ç†Â“Ç˘+õn#(…3¡;™n,e%ò Ê≠A‘z>>˛{ÓH0K†UËj±ÿsÒ=·ã˙√˚ˆ,nπ∑;¥ª€ZJ›5hª R%‘OÏK0:~o98üÖ≥‚7?d÷%µ√©[»wìÄ≤ó˘.ˇ%<öõïB’ùÙ¢ä*5∆7?6Ñ∫>&9÷^;≈èj.|:üéR¯cç=ß(,m˜˜õ¸.|%J·Õ%%¶@Ω4Sá›H∫"5xIr·û+ØöDKqÑìw°dõ¬∆ÿìQê0•TãÜrá√~ê/™∞EÚÔ^Ãì≈üŒh[3πäÔ'~Ü(ã¯L)/≈ï\¶FExﬁëÅé»G˚éåüú{Õ¢Êx∂– 3AªÃ—YqÎp±ﬂ~	˜öeb˙ÿ#Ø™ˇ’Ÿ_*®OﬂC°˜ºGp[ØS≥¡`ùò˚Ë+@ﬂ¿™qÖHB;Í®˚/HN∞ıÄ˘ MRô^óX >À|§≥˙,KWsï^†◊¨¢’úëFLòöñe§5÷X§Î •û¸—SÒ,ä˜dËÅînÖ†®æ.ΩQ+ΩŒ\=¬!Íãn ¬(Æ-:*ö\@ÎMßµ"ÿì~.Ê√°¢…c·É“¢˛ˇ®∆èUÈ˙/ÀXm_)Ç’êå?äÁ=ÕTên§ÿ›
¸;ÛKåÎX∏y—ÅßsI\T¥he·M°∂´Ùz–nqU‚û¡]ÖÎo*Ãóâ’<´Mˆ •«lLN$,’¸eJ§>ºD™P@^dåg¡nÄ∑àm&?(§ÑôÜv'Å«à∏∑ìbó˘?%tV+·’Òb∂uO¸C∆u]8µ¥ï{˘ª¶Ó˚
Ω˚Y<˜Œ±◊?"ó˘≈⁄ßõ†¸Gºˇº‰≥À	TƒÕgEî–˚q]AÙ^‹ó^Vó≥ù›®QëüWW4·#kà›Tò.∞r?Æø◊HˆcõYÊ—&S3∫™_÷ê±≈¨âëÇ·ñÎä˙N|ÖÃdtR=Z»H%è˘®hg`>]’ˇ§)UâTCz†Ì˚y‰#3È %h§vñîh†¢±3¥É¸¢zÉˇ±Òs’ÑÇqÌªîì,K.ΩÌ«Ör‘)B†Sà˛”Jq(√π®h•l„˘KœÃ⁄—-ÊèÀ¡N'|6
’{‹—‰û˛0BtSp€¡ƒµ∆¡ä{ùmåÉo®∑óL«ön"öæOÓŒ·ùüÆ∫õ-…ën"»ı›§w,ÉQÄæ™;íw»Ûá‹ìëàü)~æãáöEËX ?ªˇœÏÖâÃﬁÚﬁÕ±ÔA.>~ãœÔ?´˚Ü%˜§wdŸ±◊ç§ïTzÏÈ≤À≠ø}Êj¶«IóıW./w[Îé4nAÁ∂ˇâıg
2'&`X(#À8 ˆ≥–◊ÜTáªﬂ¡åÙÒ'ˆ’õ 6¸µ∞oè=¥ª∏}1x√„0í<ïcBqÊ`Ï‚^˛´µ
~¶–∑(4ÊPP√÷ç\0√Î£∆{J¿çï˘0ôŒöv Ú–∏	¯{Ïª˛º´ÜI
.'-•∞o5òÓﬂ¸îJ˛¬“ò¨’_µ	ı;f˛lÃ®∑ÉM¢sõ"P∑Ã|7 Ωè—®· h0∑1HÛ¿ââ¡®Ïl« 6]F™ˇoó%8Ö’ô”M&Õ…'q(˛/¢√„Ø¿\≠C-◊{9D[„+µVº∞´ªÏd*µÚ∂´â‰3‚Hà‰”·∫@ˇ7D–N∞HÅ˘RúPÔÓØ4¸]}TB–m≠"cl&ö˛fœ¿’ÁÕç?œdcﬁ ˘ˇ…3jÙ˜•v #]`ã9PŒ˚†7ø{ì[&⁄@…ü?Ä˙d¬YkÖ&ÔΩ’¡J◊Eˇ∞ÁYœVè‘≈˚ñOˇo≥S˛∏G'‘ê˙>g“âó†ÉÅƒ6Ò,zw2Lâ¯„.ø<	Ÿë9&öeÓÕü!™"'d¢áÜñZ¯cè}"Ó◊|r√%=Q ≥ä∞üOIcë?Ââ˘xµ€ÕdÊz∂˛◊I#úÇóR¶:°9»qN$ffÄQÌÔ∏%µ)úw}>ÊÛ’}óˇ¬Êp`ç√ˇDp∞8Pm"_≤ö{Òñœ‡∂GäE”õyWÊ˝–˜œEll¶ﬂ ﬁ„˝…X±&D<ª¬¯Ÿ8<n8Ûë≥kHÜL4JÚF\–¬å	2C0æO»ªMËÙgü¯ùãˇØ…pï^øç]ÅÙ«"Xùæâ”_^œ≠E≠E%-RS|6ãÒ˘˙—-≈Ω˝$sÃ¢=,¥6µ|†÷@^‡3 ÉC	mSOrNS˜ÉÌ XLpÏ
áæõœF®˛xÁ2	O<ØÀRØúa˝®˙AΩqÒπ‰∆‘4ƒ•TÏxG˝âÆÚÜ	∏\Q3ÄEÀZÑÚi¿¥“j=$¸i=äËÑË3SU«ò,z`SÒ∫œ6∫ò8oz@ª-/Ÿ–æ)Ø¶ø˘ÈîW≈ín\ØÜÄ„ä∂bì0›Õ~Íâ¥t~v›ØWÅ\:˚%W9î¢/º¡Èït%Hê9Äáo´ÕtØË¶Èéà7D\€/‘f∞—h·o‹&i<÷@ó-Å1:´ÁJ!ÈOÏí˘x]√m6£W–ò+óOBŸ["aBáúøR"£∞°AµÅ]bxÅ§±Bá9ëUW–X˜R$à‹
6—∫.ú˘xtâˇ´íía2êA%Ü´SO9öãòör±Ñà;Z´'çaËA√kº›¥—∆∂ô?ÅGFãƒmSÀn±˘Ñ¿˚Å]ﬁ\lA`‰Æˇé%€†¨Tıª˙è÷Bà—π⁄ﬁ⁄€Uc“u<4¿˛øòhRã.j”ø[îapıΩò¬u˝?û≠ºmäøëÌú‹C4 R≤Li‡ƒ…4P¿”F∏maU~Ôu4NP¬Úõﬂ¨r/ª†;Úg∏Q[ˇ¯ø§’˘ptGs˘RlÑ_A˛A}±†°¥ı*s°|®4:q∫-RKºKîh0†ÄŸ±k∏ŸÈc¢%€Öà~≥Z"Ñ’@ƒÔÑDh—Ò[§z<+cvq@>
0LDÙŸ˛ùWEº Ÿ_/‘◊»¸)ÂóaÄ^tã,ª4ïÊÇ≠7¶Ük˛7˛nî·w
YW⁄2Ä5…†∏≥{,)I+Ωk'•ñâ®^L…IlX@ éÒæÂp‰	’|¯Ä ìê˜›IåÇu√
sVáÍΩ· ∂“Ω˙¿‡òç¡à&#Bâ‹YÍ˘hÃ:¡˘ÛO>∆(Xç™¯ßîÇ∞SÑs #x€íﬂµhßô}=ÆRc√’“ÛÁ:õO”jö“6)3∑oS€Cöí{L®íPh∆◊tò≥Ïá&à1¢±ó–?·¿€:TF∏.◊DÙ%c>V^Í4“–öœ⁄]¿Q`ûG´±ˇ°ÓÒ≠±GÖµ…bR`^D„4†]Æ±¨ŸºﬂDΩªËP¯&0Ë⁄∆/ÛOÒJö“‘bêX9◊c˚Èr-Ä°APˇ‡2rÌ]vIÑüJ“K„Ê¬:÷ŒwI‹˝ÿ|œ!iôÀ–¢˛QaXnÕkëºœ, 
ﬁPôz%À p@2Ï6 7◊¨∞˜!÷>q,è*°äOÉ5|‡_ç¥›*1#‡œ§E~t¿< aR˘¡JÿÏHÜo¢`(‰ƒ
É‹aâûœüª¸t/8
Í\oŒÄ◊ 2bj(™çp˛‹˛ø-W t˙Nõoçó*OôÕg¥ûnzÕOËZUﬁ√4¶E≠zΩ•¸6NO6NÓdo›”éˇRd31‰_Ñó∞:Ò~l–î›◊4·√:%√ÆF–swò0ò˛ed˝ﬂ≈‡‹≈ÓŒƒKÜ¢C∏–ﬁ£$ÊN#(rªÂ}¯ÃÅ\±îê±¿? Ã“P]Àx•µsÑÿ–¶Ü4$.ñ 0¶9Œ¬π¡ºoÖG¿ Ô≈‹;å28DYi≤ãh≠)¿„—8ô2PÛÉaÇπ∫¿ª6â\ôË”ÌerÏãº˘ˇ»∫◊3mHÁ2@‚êaäküNY6˜Œïò-ÜX_@¡—≥> ].RpoA±ï–—ÒµÜD ˇù•Ë@«è¿p∆yΩˇ°]ÉS˘ôÊ∫I¡tAˆˆº‰çK8ôR¿¨zØ¬(.ŸéZ¶∏Ìy!Ja;‡|^‹4ø˜råƒa¶äΩÙÈ\ˇä´x(qèõ˝k7˝ÈS`§◊e~Lú»“çÄco⁄¸à9Á-˙å3\G÷I¢íÔw≠dH˜E∆ÕòR8ÁÄ_!‚p˚E>ˆ°	H(ùt@ÃÇ+‡D,m¶öX¨Róà˛0	z∑∞∫‰^XTr«™Ñ‘WEÈ∫I˙ﬁYÂ|±<0qJŒùÄ ∞äˇ%Õy†á∆Ç%ÑÊ?Ωì…0·ú#ÕˇS√Ô“eˇWÆQ¡mïaá≠à÷“°¡(Ä´}>Ü°∑ñ∂I∫ö/ÔﬂC‹Di8ŸUH¿à:kT™Rœ•ÂPtºñC#<ÔV´Å)Ng‡“`…À'ù¯´*®Qt\¬ˇ]¶È§ﬁóïQ¶(óWú'®,ó>∆ùh_ö˚·ÔEêa2QYƒ>4üh„xg3_†Rè |zZ>o!‰a'I«5Ó*≠Ùb|Òiuª–zÀ•AsÇÿ”˝Íb^‰‡ƒ™5fStWƒ´˘ÙU⁄M-¬qe]4z∞∫µt`±˝»î4sf‚‰Ù˝LÎj–Àı‡jµ“}}}’+@ÉPÁmÁÔ<ﬂ. ´…öæó€≠ßﬂZß£ëkKöÀYIÁy—!S€ úà©4*u˘Ã≠Á»lµO´Ú†Ÿ‰»∂'
‚—∑A$∫¬∆‹Åa—∑È0Ù∞Y=ªí·Ë≤›ûß'¯És)R.C¡e&≥≠÷œÜ 81lµo»¸ÈµPÏÈø{∂'Çˇ∫Ygc#&Ròãa£2·¢5LØÛ≤Î-‹@
oÑ˛=V$¯„ò=Æ§ê∑∏ˇ‘¢LèÁôÅõºüÒ¬ßÇtgÂ˚§óå#”ï˛h¯‘¬π—„)lca1Î”J´‹›∂àúZ≈ÈxiNQÈ‹Î}ïÿ¯ku©ÿî¯SW«àì(È;UËsˆæj ”ru 5ˆìé…yˇLŸÉ˘ô´='OÛCøÏæ¯⁄Ã·SÎCπ◊Sì´´˚"(’¨≈CË£ı£ªÉÄÜZ»âókÿ“ï}áÊx“œ£Ã¶TÅ ”ƒôù<≥ùó··ÌGWÏê›áMV…]∆Éªå¯π-\=‡r§S"Lzº§Y$Ë…⁄#js) ö([»pµºg…cxÁ<7õK‹ª∏`ˆskÎÈ@„QS6M1ò}{Ü HÔ*∆¡Åﬂ´ÁÙ®Tó”
KÓDúÇÈ?^ì–;Y÷MÊ∞†–BB^Ò˜\JbﬁPí˘YÈ˚˚∫®WL;œq$ªÎØZ¶â2B% §|l<8p#Ÿc»b°∞ÒÜËŒÑk≥·æ¥’VŸ∆ë~µV v∏¶ˇ•©!l‹ZD∂âì'üÅ<’¸„¨©Ä;c◊|B≈ìœ
 ˙Ùc~wX,cVNÄ£¨)Ôw√˚•ìÉ>poíË[
Á±a±qèæ^`}*6õFﬂéKs˚ìógÈ∞J¸ﬁ€ÎÕdß€¬‹:WÔ„π.Ã√E˜SìÊ∑œó£Æ W‹~°™ìÔKÊGaLÁrìÚù¸ÌÁ_÷≥Rﬁ›∂Ó∏∞u¢l‰‰«:µ3û_ØÒØLL∞π∏änô:ÁÙè π∂‚d&:/Â&®∂ÆÓí÷]íJ[‰Ø@&/b?ØFœ≤N«ËZ“◊Êû=-_;´j˚-]π÷3Ω5<‘◊33ÂmçN[§»ZπQo—_›/ÏFtûÀuv¥5u‡‚+O»∑W¨›<ç^ÿ,†€∏;ﬁZ?GXΩú8˛|êˆ”ezO·&∫ˇ+u§‚·sÈ≈új—∫ßÜ$'KÏÍ¨´÷)bsM}⁄¿≥¶ªág3Ó˙∆	U…µ¥ÍÂÓ≈I≤áDı!∑Lcc¥_Ñ˛úQ’˛˝ÂıUıﬂﬁC«K◊RiÈó™ñ÷ß0¶"bc‚6
x¯≥ùJÀÎó·∂eb'yc÷#µƒÅªØ„c>≈Ω—ÜG{¥Õ§,Ñç"|Æ8±=»ΩÇï+j"sº÷ä"t}›kù %À)∏[ßökF‡A“¶QìwTC‡/Á|÷˝Ã§™Uø˜‡LíX≠GKsÉÁßhRQ;ˆ*oÅ ∂ç g	Ÿ–˚á|∆sn∞m2È(¿RüáíWK⁄¯
ä,œcœˇ≈F8§;πê¸îÀmﬁ†–›ŒÑ∂M∏ë™⁄w∂«∞[€uv6”¿ØÌ3}?Úlb‹£êã⁄mT•[Ì6IÓ‰qÎ™–D‚a4√ı,çˆKf∞á;•¶á, §`»wœ5Åãﬁ¡¿c›ñ°µ1(¯∞Ωâ+K'í‡±Üó0ˇõ\}Áb…àX ÌƒJz‚ÌÆÛ?Ç? ù†JÇ£¨V#X“Æ^Ô|2qÂ—D»A©â'F∞¯ênéÔº«ÒS<∫°/í‡ë°JI•PpÂ›jÆÿE'ÚÖ¨ ¸˝ˇ¢B›ùçR}vñ_6(.0§†˝°îHÚaîÿa∞¸âøØò:Öâ©Üõ£Û´0˝/é®Qù≈“Ø_\€Fíó-à¸¬†÷sGUπ≈ÇπÔ¸ìd–@Ω±Íq¥4<ì‡ã3´(TÖàVê¢úüÁ∞W0¯M∫|™§Ãà•dCu^_˚%ˇIƒÌ©àŸêR>vü:ôø“Ú!\‹ΩÇyB3ªêKgm7—∆,âI8t	øB†Œû∑‡˜tê=B/'uûÛ˙ÓA√\Zá\ëÚìœê—@ ˆw¨¿¯÷%•◊a‰”uN2ö ú¬ŸÙ¸ñÔHr‰—˜∞ÚZ:á6¸®QZÉØßQÆ4+é~EGt[Z-5ähèí£ıÛ¸az´ÜÙ∆AÅV˙jç…2+Aì˙MsÉÅÖÌŒÂﬂñ=œdØÓÕk;÷”J∂òOYäRHóÄèèŸ

π]5Õâ.˝vùÿ≠
=ß‰B‹ŒwË·6uÔìÀ‰ΩOS(Ø<∫Ñ&.Y≠tÏ…Ø⁄5¶ŸW=|WídÛπ˛—H¿ÆTé@‰)∂Õ5&+WºìÚ”¯/@~ñ¬£|)_éF™*ã {r|áhéØÙ˚kL‰F“ø‡–Ôßj>-*t'v:ÙOÍòz”k‡C¨4 |ŒüL(	ÇÅfN\2t(m¿⁄ê ˇ.:·Ö}1$º√aŒ|»pÔ !·lN¥=´Djáy+ô˜’ôåëÅ®Ÿ§§Œ> 
.9Tb@ª“dmı⁄
QçòêÉ‘å®FÔ®è¿AG»âáú^˛ê∑FD2õ!
N€!89¥âù¨8∫É©¨¬q2Ìî@$o∂R€—@˝C∆•äx^Q)∞=ß)ÃjêaKÆ°5»æœv[(¬tFáåË]∫]Ô34ò∞5
ˆk∏vÔÅ∑m¸}.≈Í˙ù˛ÛU(ùú¨p≠F)èTxÑıF¯?¯Hj˚'ËFºêL°>Å£Ï3À%2öõ_(°a˙}JÏ˝h–ëËhÙˆº}™∏÷H•;J2F–ØƒµL≈˜¡i¢≈Ω9≤ŒÁ>ƒ«∂ﬁÁ¸úœ≥∆jÔèQ}ﬁˇAÈÉ¥à˝‹œ5;∞Áq&PÄºdêK⁄ø∫ÌÔÏ˛§È™◊¸Ú	FŸ`Góå1b»∞HˇOˆm≈˙ÕJäXPAÑé‹Y∫T∆“d%ööe^Ñ+ÑÇNπW&¶ù™¯æÓ– çıâ«yrDÌA…äe}∆íE!Æ´8<.{”aë›wE≤	$sà≠h¡¬◊ÏÏı–2¶…7û™√~YAmó¶Ûg∂Soõøº£3m˝±1™¥h0(£d	Ø˚"ıõŒÍ$ñä˛S÷ö˛≠Â|‹ú;O£≈ÿ‹≥ãCc˙bY˙3y9™ÖÖØÄÈE&8˜˚“¡ù⁄ø ÑIí^KÁ”]ëä©ñ{úœ¯^èÏ^u)Û÷&ƒcìókÓÈïﬂ∆⁄ÕKùMº*Ôûô=\_ÔõÆç◊~Ÿ=ŸΩö≠=?ò?8h·Ÿ9:§$˜*>Efâ&Ì¸»Ãô†•óç3´Jå¿íWo^UYàO`bƒ“¿#˛b¥„Hº
TYæµ,©æÓ∫Í·ª…SgŒ‹Àrîü-\-{L◊‘““L]LzΩ›	ºùSÖıoÈÔÚ'/‹¨nÌå∞’nØçaûıW xΩ^Và∆;^˝˙üó6ò∞ó÷ç©3’I∆ò‘¯W≤Z~z6§ëª?ò›m' ∂û8©≤‰=Ω0U∏CŸÆHBñ˘d∂¬æ‚ÿñ…\Î*πb}H›ü£zîÂ&våC¯äÈí∑¥¶sM/£Z®PwXÇ_ñmƒ_Ü_3-Ì’Æö◊ówÎ∆˜ËrÎñv”´¬bXw!|˙cΩ„cª¶2Ëbë`«ÔS¡/˜∑aÈìèOÉ¨õ˙_~—ﬂ>”ÿçÀæﬂf∞ÉÑ–÷Œ“·é/3Ó'O<S++√º⁄R””#*+«m™u‘voﬁÿΩ*åûª+påóÓA⁄ƒmŸèÍé	ã<‡°ÛiO‹sÀÆ˚ ÎÈ"Ú"(=Ω Û	ü‹çı°]Låı°ﬁVäƒGˆ,P1b°Ëa¯^eå†O6u»	ï“m”,˚q@`≥ííXﬂƒC¢ìkíMÑåd˚Õ˝óCçdŸˇ›Æu”œÒ≤¯Z¿ÛªåX˛ìˇ¿Á∆aoë:”t[’ˇl0å·∞l˛‡JˆDYåT•Ë˚Ù~ä0Òï\Ó∞‚o6õíÇ§á&}=Á˛U‘˚3¿Èf6[D ¯:UÒVTà–±ÂÙ √t[	ïfÓøú¶Ï˚nˆJ@ƒÔG÷b÷>◊Êá´ÖπÀΩàryt√‚3M)Äç!∆CŸ»ÎSˇ=Á{¯±åv€€}\:ﬁ^{hÇ°cZ+ó
 :ÖF¸µ™Ô£¿ˇ˛w∂"˘#ÁÙcõ-@‚Æ€kËbÍ“∏åeËÓã~6æ¬pÕwın %πVj=£ê∆ëæ™k£V≤á√£ã‡d/ﬂÚ‚›ıLÉWO&	Âë¯èm—9„\ÖJﬂ,πt∑tn“T_::Uù•¨ëzÙ˚;ı≠`Ã…√2Ö“LÏ£`˘Hd®@VÜªéóˆ˙izêLÏ:∑ﬂk˚W<7?œ’Ã¶ Ÿ,/>ªfx>j∏öcæ‰HÇ;Áe'™Û{“V;Íz≈¬*k˜m9À £¸ôøUGÕy=∫|∏ùq#ÆrÏ?kÊ1ÍE$øb‹¡ÉRq@xË†‹œâ>◊]DÆ0Ωø≥∑dÌº±Cd–PŸ1‚ïf„ØãÉªKDÈ>'÷k‰€ô—}û∂6+Q≥[–QÑ“rÉ∞¡{"[èïgÁD‹ŸN5ë`%∑ËÃ(ƒ‹ä•«Âd§‡¢ß@L&CD˝±'ˆ~NlË“⁄4X®‰'nå
fùl≠0ú#óÒÓ]ÑÊ&k)√~kø9çØﬁiØMàL(4∆∑‘6¶Üt3ºK€æÂ0}j¿÷å-”Ïî\4¯
	)X¸©Ê°Ï˘‚xIÅ-¡Á¥ı˜⁄–Pï!lH«_∞¸îP} 6ß≥íÖ)éÙ>Á."êê¢y_#±`»)Ìû·”
»„Ó(@°˝-ËA∞Òﬂ∑»e3I%Ko…@-Ë˘’f≈$ø∂≠	Ã‹Ò»Äª≠1∆ˆ‡ÉMƒüª3H"dE¨l‹” ’∫N∆ûÎ ß%1˝˘˚Ï«µ˚ŒmÄ¡‘üøÇdb\ë[ø≠ÆES¢L‰™C°éëïﬂÆÆæ”V6/ÌÇÁDí˙ñ¡¡uùøﬁç>©Œó±áÕŒ˚y*˜Å…Ô≠TÎ◊l˜ol>F”=√©µ⁄uÃÿ
gù±G] ˇM&ªyÂÙ˝m@—°â≥Qˆu|¨ØXCùægˇ„7v=Pò”Fú≤á´&J–ûˆIÇÑrí0&:≈ﬁO≤1Ú¨EÓq3ˆ”AôT8”e¿`5Bƒ_H*£Tòúràfë}¨bHn;Ì_#ÏcZcpﬂQL˛±z¿∆3Ω»Œé0–z·5ﬁ˚øDÒ¢[1ß$W·0≠¯lWO‚RY.‚|0Ç„¸4{´®”ŒÏu$J?ñçiR«ÒJ±Ò«¥s√‹¸Ï8óÆÜã.ï(™÷√K?Hu®kPxˇπÊ®1mßºÌ‹>0xå∫wçªûú÷åÍìR)cà.˝a˝û˜ô™I≠câo4),àA'h›S{sù¿ñ5ù√|Ò¡‚&Xﬂw!^˛Ωg}§{)À`‚!w∂˝Ôæº∑Yr÷ƒ[ÀΩa◊≤5◊}¸ãﬂÿöô%≥πõ«mÎ*æºÂ˝GœmT˛ùäXöO+ùœl3ãC∫hª7)lÑÚ–¸NøØñÜ¸‘€;,‰˘åk9^È∞ø9¸y:0<Á‹Dvéœøñ}ˇ‚Â®dŒ˙∂t#—8y*Ô†≈gRQ¶#`|±èßÚôÇ›^2qpLÅ
rSá˜Kw≤;DbN≤°ÈÖ4Ë7É≤|¨√lÿ√Œ:f√L'çNπÚÂ∞⁄ŒC…ÚQ)Ñ£Ï◊/8
⁄˘…oÒêˆ8—÷ Ö4π„D∏É∑Á£ßìå	Ôí˝óÕí◊iµ¨iÎª6œ.üÌ4Dâ”E¬UHxÒâ6îqØÂ{5ãäIuFN<ì9>˙Ì“ ˝ÊÙŒè/@¯Ÿä,;Ω·¡d∑˛∏gtñˆ∫0MÁ8é∏Ê≤V]T5ˆ}ñ*Ä„(QÎ1£*hMö‚¨EëáóÕ4<f?|0[\∞∆JÒ—Ôtc û=b∞È◊ yí[Ö¡‘ß±ÖıÛÖﬂC'Úπ⁄Ed¿Ÿ\]Qg´£÷åè…€Å‘h˛	⁄Úœ]ª”&r0ø˝v˜ß$YÉ-åÍ*&Á%U0®ãuãF≠8mÈÖÕ*SI/*(Ã+§ñáP4òMrÓc@ã^É∫.˚∏Ï„]6–Ö~BUn÷Ú∞–ÒzX{1kßYÒƒ©YêBœ‡¡◊}áÍ:°W$[|M çœ°ÉΩi˚ëE˝˜ìﬂè…îC¢©ﬂ2rÊ·âπ∆ÄIIﬂ‡hdºﬂ^Ò÷ÃX“í·!ñí·Ò∫«OÃxÍwîB‚˚fˆ·Êâœ4í
ıeèL‹ñ≥G†‘•$xDªÒ?:MÕÁH∫Lç◊◊b	_rq}ı©¢:Ö¨˙îòñw◊¨dn|˝≈[“Ω≈‚ocDãÕÄ7=,∆Z≤ê‚VÕ‰*øÍÀsK≠É≠’2âœu#©PCæ@„›ÿ™ÿWf‚Â˘ÏSJ2∂&zpX1‹eèxÔW≤‘P∂‡òŒéö®7∂íÑÇ{≥\Y ‚DlÎ»ˇí?'
ŸﬂÃVd*ÚEÅ∑>ÌùÕ-›Wø´ö?ÂXlﬁˇ·ÎøØ¥≈Xé£RL†Íh∑h∫ÄŒåá;9)Æ.£I[ΩÌöQëUæÃñ€Áîç‰m)"ÑKÊ≈¿Sπ≈z+&‘úä´ÔNÕ⁄Á‡-≈¬∆¸…ãÖG‡4œıƒÇe&ãõµ◊ÀèqñQ¸"# eN◊‹•õ∑Àˇ[%éÄ<˜äø^SÕŒÕÏ`(¿ÅÊ„ñ9NsÙ##_p|nÉÃ”)Ñ8€å€ÿ7qƒﬂ·~{€Â|‘ïWÈ∏HÒTﬂ´¡˚nL0öãy8}ö`´	∫›•OËÛbq“L]Vblèß˙Íœh=zπz<úÀ;P·K_f·ôSÅâjrË®ÂÇ≈–¯whëΩÇy⁄≤≤í§Ü	Öu©i ÷ﬂV{“)‘eÿÁÿWDO=9dg±ÜÕı≥+)m˝© Á‚?˝€7ˇ»N‰¯Zÿ–úCπœsº¥a*3GÍTP9-ºîgR>yOU≤ä>,»·ÊAVûΩÃ√ 
≥∞@p˛™@+K	˘Lú–ƒ°∑‹GR›_ÁÒ∑|&w_CJ{∏∂:õ◊€¿«)”Xàeq{ñ5Œ¶æsŸóŒóBOéTëÅ	ˇ∆óÆî6sï©ÿ◊ÙH∏>«ÚæÑ‰0S«J»AH(=5 ¯5ˇ»ÃçÒ‘u3[Ï&KKgrÍ∂6¯fñtM˙å,aaìWT†ªˇ}§Á#¡ÿÍÖ®fPÀ|f˙≥ë˛µfQë^€ÙØfõ`èC±≠O˙—t˚·M”ÑRŸ±mi0Ÿ∫P∑∑È¨&Õ˜∂ìÕ˙&$ÖT⁄{áªﬂbı-û'gCHèõèΩ∫aP∆¸êï∞èª:≈î („˚˝"bøtr±ëïeÖ¯≤pWäxÿv∑~£òdoC˙Ya_ÊÑ”ˇ⁄QΩ˙ˆã¸¡q›bf◊ZöÓ°Kw%¿=9¯í¡ıAP+SËqb<Â≥œL5æŸ6dPÑˆ7• z˜‰b2iÛáÒ∆ó#kq»“(®*™Xd÷7Z‰iÄ4U>€©\k¯:
íUúîÿ’ŸX%√LÌ(æ˛≈?
∞ÙAÜÎCR¸´+'≤\¯˛÷Hl§Ód§Çyÿ˙bK0Úò⁄¡‹”bL}t‚s—’%˘‡òêãb`ÕCä¶è¿ÓJ:_ˆÇ¢Ø%~¸9æ∫¬»k/∂1
ê3Õ"F â:Œ‚è°,ÀÊÚ∞ˆ≈1∂∂sœ˚àLà©/1E¯∑ÙaÜﬁ3·?!d∆mÂ∫Í
ø5∫øq˙c∆Eûß˝â´§ë1µî*≥‡ñ‚o˛}ÑÁrÛq9¸/e˝9≈E´W—úvª±ÔYÔÈçı¨9ˆœö‚ß´Vû^®¡êCD·i∑6À`¿d˙(5aÖë≠‘‚ÂßN*1-údMÅàän›º™\7Œˆ
T…k≠}ºÔìÓüπ$BˆC≈+-hÙógEP√ñ¸ﬁ«#‡4◊"ˇ;—ézÑÁ…µG4lüÌõ⁄◊"ﬁ#v◊◊≠PX˝36µ"Ê”'ÙAx˚?eÙ0!ÆbÁE!d4∏>±j‰•D'¥…/3ñ¢ÆÉOŸt0«…¨◊¶ÇwU"ä+-D≈êÛ»Á•»ı´~Wì≠K@≈ó°µã≥3ˇiÇå05~K&î wtñHœ∞0«S"Ã…ˇñiz8‘¢zq®¯dÓ(5r:_ˇ‡´}≤çæ:s“˘‡sk„âöX.;ŸàbäÄˇ]#t)Äl!∏$ˆaS6r–Q[QL*s¿ëHÀBôD,;ôeJ¬K⁄[ÏÏÜ◊âQâ
¶È√Dü·˛¯7;È¬
’¶äÇkªÈƒ›±∞çF0˙∑ÎK“ÂÖô—®Ñ@j´πïÅ¿5§÷;YïOí˝Ü_iØ9ë9÷A≈i†9±UFŸÚFJ*â≤˜óGÚÖïílÛãÉ	≈[!O~W±?ò“çÔ◊ïãªÛ9c%Êqm/OYZó˛˛â∞6™≤Ω‹¿ëjx«§ M’xgPPÁ&’uÖÖÖ8fm@7oÔ+¸÷pÏUFY…ÍMC è`Y#áêh:Aˆ¬
^≈ZıÛá˛©ïTíZvjÄ¨æo¯πmS¨˛°’wâ#+ÇÜdlÑß¢≥i5Eféáæiü£F¬°äÒæ˘ '´	O•ÆVŒ3N€”nZ√NC˚áﬂ3M€ÚÀû"1Õv"ä¶+ê˛q#mŸë±iÿ≥ÌÑ€õz%KÎ˘¨*
l⁄c–ˆW˙†'€¸O∂xO$XÖ˛¡jû2BÒ3M9¨W˙ph˙:≤ò¸Xï¥É9¿∂lìíÚ|≤†€Ñ†Amf1'7Ö´I~ëBQìbÎ„~ó∂ÑíB≠µÅÇÿ—˛5«lG9º#—}\;EWÑj`’…8∂ÃÏõ#±
ÅíÎ)µO7èÀoSó∫uñÈS3äEÚ8ß=È<•Ë∂∏-eFú:yÒë€Tf“V]M'¢%\`˙ãï.XWQ?öB±ºåáì@„∑£ˆ˝“Ø≥Kt›ŒÒ	˛˚_Ÿ/}XõÓÑı®u
 h≥‚(
t√Ak∞Â¯üLê?PäèÑÏ¢Q 	‡
IG£“•¿nV)‚	öQ™rÇøP'~À§≥Msß+è¢†ø©lO^l¸6¬iO\!≥≈çäJﬂ˛\¨rK.$=\Bó˘kã)g≈Æ#bÂ‡Ôí√ÂÀªKD˛Ô6®∑Ö-O(üÒíãSˇ¿ÊÚw¡¶&∑∫ÌéΩ"Æ–ö¡“ë˘?‡r¯,˚ƒ£ÛDÉY™Q°‚ã·!LíÛ∆<›Äë”CÓÙütnì ‡ÛÏ!\æEô‰√F∑ˇWÔ◊uM“8il4∂Õ∆Fc€∂m€jlk‚4∂≠∆M„LÃwÚ}ûﬂ´øÓÃôsÔYwÔµ◊^Á3üπÉÓ∑¶ügåé¬Õ
¯5∑∑Õ9/VKåÑ7ªÂâ«`QÒO*ÅyÈÔ‡2Æ"i˘Omk°HÀÒj[2·~Ùço÷x†¸≈í¥.|[ÀX’Çî∂&™n!+w:¢ı‡í¶ŸÆmˆJ§]◊™“Æi!´Õ∂¶?£‚!˛]LP1…Ω!?Ÿ«},gWÎ Íyπ≠Éß|dMŒ%=IÄpo∏œÂòòsÖ¢‘õ ‡x máŒÒF—Åî¶æ›ÄïêóÕñ1ã9”—åYL≤#m M≤ÉÈ4J⁄‘ö
ˇ∞¡P °tÙçXB,mX¸'éis*bSN>|G¬±r„◊¨
ùSﬁÖx•Z4ôR¬µ¥˘ZfYÀ.
@HlDñô`uúúkæWz˛ùj…{”F·?€·Å¶BDL⁄‘¡[Îuç)->s7¨ïìGpzbfÓ6;aS˛[öõPS^d¡’}YEqgK»∂FB_êOYÅóíèKZ’qN—:¢ù‚íf·*éG`Pr¨‡ìõ%/ÎTΩ≤3≠‡õﬂ3fÔS5˘Ø·®°3¿ -ÈXG,ï∞¨`€2Ø‡-Cb{FùÕ∂&Xp—Ÿ˙õa˜Â‡ü¯˛ ÁJXåÉÔËTÀØÛ~]U¸≤‘ßø∏äYÿI:~ìáÏ3!Ä÷F-ú∏¡VHgƒﬁoôy´:¿ñQ?ó)F∆qù√t,S˝-∞Ò3ı0Áîµ:ò“1Y˚Zc¬ˆN‹ZòoÄ◊Í[°ı@⁄êà˙ π˘YºˇÎwZµÏ;÷˘(97‰Ó‡ﬁÃ><LWüHnàÉjÉxæëp1h™µkª“Ô/®GA–ä¡Ÿ‡÷’ÃÎÙﬁgçÓhùánùﬁº/œ^Ô”móP¬_˝∫|x‹Ô˜Üz VQ∂/ÁöO„4A[ z=(˚g5}-}úWNóZw8|F`Vík€K˘øD—•yXXSp.gp
ÿòa"øb\#êó a¸˙éV–Ã$OÚÎ;´Hd9«/W3.V?<B	jxRäQ:¡ Â	˘)ü IÒQ∏X¿∞·F  ÕqÂ%€ZÔ.€◊y ⁄ÔAx´`⁄+π
 y(g T :%¬Èˆ◊¡Ï’≠¨$Ì:â5≈ ÕÍàõT,ï3l6√äç≥¥ïæê&$ZçË¬yQ<©ô’ﬁ}ù»€–]ªa'>P{|Mˆçˆ«q◊†—Oà;_b«æ~X˜àWõe∂ø…õÿ≥‚ê‰˜ÅWË‰–∏ŸA2õ˙ÖhsËØ¸êæâ#x˛ë2óWËdü-∫B[¿)C∆ 	æ11¬!Õ¢´Dhèî;˛	*#fû]EÕäƒQ	Ùydµ¿5*∏’arˇù˙µÄ1¶|HÓòèÕáŸd⁄@-πEN '<YÇXgì_"¢âA«ıÍa≥ò˘VóÄ<>ÈMiZ.+&•è9c`>%såº‘’‘lNÇ⁄∞ïñö.MÔø£(£”ﬁdW<Î)F kJç¢”ì“ Cá,5+#{|8•¶ÿüaá ®æ?Cœ,ÁQBàGNSÜÔÕ∑‡-e”&ˆŸ<qºÑÓ•[ÓÀ´∂mS*∫,kØâ-Ó;ﬁùÆù"ÓÉ]rMmR?ﬂ’‘¥0≠ÃÀ‡Ôk˙ˇ§ÑW+—a¡OqNxÑ€pŸ∫ÚK8@/Ï1∑4¯|√·wu]wñ±}˙"é	d,€Ñlñ^ƒñmEÚ„Ù—ôá˛hò˚*b¥…òJrë˛ÛÌÕﬁˇÌG∞ØÆ<¯÷ﬂ¥¨e8&íy7Hç.+˛]d—^ïˆ3„çœ¬ﬂ‹ÿ¿r˘yz£∏ŸÈ^õÈ˛ßˇ¨≥?èâ`Àñ¸
ﬁÎm†?ácßù˘,—’Ü≥®≥™Lb∞=∫x€DÔ⁄´ x◊ﬂ˜√”™MÇÉà‚¶±ˇ∆ñ¯8 7H6vm†Ü”Q≥g√ıÖıÈÍ’¡_ﬁøyÂA~ÎπÆ¬Y˛Â~o#“w·ÓµÇ69¸˚√u¢ #êæfH∂;ªI)]–õ7a$∆ù©Ó≈7'{åäI‰“ÄÁ¿«ø/í
∑–ÒOΩ¶∫ à´ŒñcIöag‹úe§≤ãä˙J®·á¨mˆ£˛\™)≠yFaﬁœÿ¥kÀ¬4€πz	ô∏&ÏW{õ„W¶≈E,˝Wn≈¯◊c©wsˇ'©µ^˚‘[»1◊ïãF8ü˝MgìxﬁÇás™®ﬂ?àΩj≤âñ4‚ÒÒY ﬂù¨r6D‘3ÍrÇ,Îùò˝ù‘äI∫I≥
Ωàyí,3Èkä˛F—∂∫ç,ÎÆ±â*-`l4ÜtÓBü–Ø±€é`8gŸPs´⁄Frwûcs7„…kß»âŸI$nΩ≈‰˜ÇÔ4¿†è‘vÁ>√>iz‚:v‘VªW«—∑m§-5Æüßm)ã-‘´ƒì æ“·…4Gçi…ª“qÆXh®p˛iTûXƒa´P”'©ùı8√[·» ÅÎ@◊èÓ«(™&«ÿ¢mñ!a+jªªtFŸ’îWíYv‡â/•I¶ŸérOj~ß·nZHtóiZ/≠°ï÷é*¨4ç¥DΩ7«ÛÈª(∞îQ÷óK¶*∑å2 1ÆÆÕ:~|3^–ÙÁŒ%h`iêk˚£ı”- £·∞YeiY€–%Õt zÿÓxù@˜ÀÖÍ§éå“yé%∑t}t÷/¿úã_Z‡ÓéæÔ)'Ag Zùl»ñVZ^	›C∑lk|≠ukz≠≤2™FMª˘0s¨Ÿ◊¸‘ãÂÒË˛IÚ·•lc9r©Kaƒ<ûº‚_Íp…∂âá*’I…v¶«Z’CÂ‘˛Üÿæ%z&˘ﬂ‹Sõ¥MÂçg›fı=√ÂçÚ›≈œ6'˜ßØ∆√%~∫Œè´ˆå«°
i`åÿ<“°Ω≥Ô˛Ñ0¶á∫U˛€›<Ä§ZÜ∏ñÂ°•`gß˜’π—á~™NÚq›åKv ın∆âÂóÉ£_ı€ÒPÖ¯ÛËoì™ ¥ÒC#U—3Ò©ó{∆á7ävÀﬁÍî%cáC◊Á™¬5Ñæò¥î˘]UE˘ˆ¥Ó‰˜≠æ◊ô˚Ì∂˛»µls=Â€≠
”Ω©]0óˇ&ŒENÏÆ¨ÔÆ≈+∂UﬁÌw'Øn‡c ¥4-ﬂ%j˘¸‘¨‰‰ú=‹fº„|ﬁﬂ§/∂?ˇù/%~hﬁ÷√Ûﬁπ◊’ëœ£π3çÓ∆]pïr˘∂<‰÷Áıævr„›F6d>d.aN˘÷]Ìæ„ﬁÃ6¯jN|˛≈F˜E[c>°å˚¿ÚÇªÓXÄ<n7öŒuÉrdá¡Pﬁcò
¸º÷‰º«’qÿà˙—µt∫˝‹{˜££ÖëÒ8û…|ßß~>“ï”ˇ(µëüø–ª§Ò∫Õ8Æ∫r‚Í}5{fG≈Svıûáÿæ>≤|{Û„√BHoï´S◊ÕZÏ´g˛;$˛Qê⁄qB>bù◊É˘p’ˆıj‚L@Â<yŸÃ÷îqâÊπÅ*·Ñ‹üÄë◊b/ßªÛ˘dª@òûT∆(“´æ”ÀÖ∂q©kÔ!`f”˜eK æÃ·úg9≠’›ﬂ„+_Ôø£m∆/2™∑'>Ów5ÛUÂÈX˘©NhÁ°∑∑kº
·¯Ó4z∏ºÀ!êU≥ßñ§ƒ*–Zx5ÍÚÿÔW:F<Z7˛≠Ñø∫Cˆ>˚x‡ÃÊ}<®À/òr¯>çúv<ÅÌ3÷nÌô˘bΩ⁄¡Â¬ûÁ ^≈F–‚•Æ»8d•oÂº÷tlH_¶p¡ôøÏ~«õÒKõøBñÜ2]πÑ8jâWjùO%.*y]L,ÏÚ≤6‡òF‚é7 œf˘∏gÈR^kú˚∏m˚p®é©çj±„Pa`°TıXˆì	35y?^ÇHÇìÛF‰<]a¯ ¨\óç∞§J°Ê˝—˚:z·mï”æÎâÒp~MıÙÊÏz√∂◊h˝$Û±r‘&®ı¡˜Ûz≈ß*MÙﬁwî9m≠¸úv˝9@∞Â…Ñä÷yπ∆öæÉúVõ+º·_¨i√fælÆ∫Å7∞Ûúúˇä_”∫t2KEíi˜±x—A+ry~ë"f¯°ﬂ:¬∆◊F'¨µÓô Â∆ÔFR:ÍÔÑÕnÖZwÏƒ˝°4Ã…ø*(˘|^ÙS√ªí9	¡ËRè~aõqà¬¯÷\T®d°ÿl ¯≠ey[{Ur ò⁄ÔwÛ≤¶`vêg‹6uv}ñ¸∞a,ÿí:µ=ı´/f~‹F9&sª⁄ôºÍ ;4^¯˜Y≥öΩ›ûõ{ÊÊ˜¥SóyÕ’˚X¯ë»<R†æÏê€§Ù˝} ˛„≠Œ>LàÿÀ~¿d°L…£ekﬂ9-nµìm2ÒÖo'Êy€Ñ……ì–e¸ßﬂ>0>â&bœÌydYHAóΩ≥DÂ‡8%
S°bp≠8·ªFM2c%JrDÖH)„“≤÷ÁÙÑœ-¥ó¶›‡˘¶◊´#∏´•È|Åï`jËr98{T∏—ˆ„ˆ‰\ÅyJy¨^|¸húîaŒ⁄Ë]IT0ili/Q∑«K·çøRé√Û≤ûgıÖ}ˇj/I‡ﬂ√pÇ.9Zá.„€EÄqájÓÉg(∞_˙∑Æ@‡ñÍÓWO‘sƒ‰GíuÇË”v1`;ÇÔ2èu#%"PëÙó,zÑcÜÜ±^1ç¡p‘èH÷!8£"Ô™ÃÖËQ˜9?òÎ·»MvæÔÊç8?ã˘g˙Evœ$∫ƒ7Úˇ^Í«ú∑¬¯Ê7óø¿hfı<‰ıfDr;Å´ EJ`nª,Ü{Z\¸’@¨l0sØÑg»*∑Q/◊l)ë|‘˜go◊ø—o)áZ√`Rê)Ü;8 æäaÄœu«ˆ~ÚxvÔπmBùˇÑÖƒdå≥È®R…aùîµjO/õmúcw´%/√ªP*c:N'Ìq∂ü¿?¡†œSı™A¢S-›í∆QÜæ¡_=‰s<‚çñÖªÄ Ü∫ÑC,=G3hclnÑÉÂŒº8·6nñF}Ç≥èÌSO2¢…Ìÿpª  “zıÎ.Ï ”Ω ƒwàı„ÂãùvÎâ¥€í6˝-lë`4l&‹∞˜¨ﬁè=ˇ?D¡ÿ.ÜÙ⁄Ä•Åfã.ÜØ/;Ôœˆ’ˆS¥lƒﬁˆÅ≠ÑØπUWÿzΩ>éJµ∞u=„¥≤◊Qrx?´à0Nœ"∞2	5øÎÃ¨D3”O›Lˆ¨¸ﬁ}‚–ÂEë€!Ï;RÄÊÒt›N¢${7:ﬁ[i+ù1
ôTB„Tö	{≤πh
ÑÀ¢Âvø˘`ÉáÈm¸˝êÀÛ√m„ê[≠ﬁç€[qUHD.˜AÙ€˙g∆ﬁíèQWôú∑}‹_ˆcÂˆÍü	¶–<%Ôu˙K˚Ó_‰˚yıû-È	fﬁÆÕ|uáhˇ†rDd}È<zú‘%}ıœ∑øÆ•ï(°ØØ>Ñ¡¨¥è†Û”»5˛u∏2<è‡Vwà¯à•SıËO‘Œè√˜¢ó.h1¸
√àû/˚\êÕÍÓÌÉ¯Í~∫’˘KÄ˜»ÎP»∆ÙXz≥l{)"ªóê≤È(˛P˙ˆ?Øœ‚ìVª©#Â¥Jµµ≤Óˇh0naßq]ŸË	´Êm®‘•Àõ1ÉÖ@∆≤>≥}8˜†rj‰Ât"ÇO@√√Ã¿ÔíÖÑ√n@ÑÓ¯ñ◊√Ùˇñ˘j=û∞ãÜm(R›gh˝∑ûﬁcWÄOH4eWXTªÅ…òÎ!k¯:ﬁ≈˜{ıûÃ@!ªuÛ´q>0‰GaÏ'»väùã≤«÷}∞Xç ßÓ)„‡âÑäkØ|OdïG£ıZhX˛.ıòÚmGfc,gî∑,oûÿD¢™ïrî8ÆfDÈ4g>:
%u¡DõµˆÕ?Tú—y˝Â„çß≠Ò˚J^˚πµ˜∑GxíÎêÀ∆ß|±káµ‘´‡Dƒdú∫ûú‹Í5|åßê!Å™¸p¸∂]ΩùQW¨liôôI	˜«›?”:ﬁNzp:8sTÙ€`hG±OL÷JÅ∑ü_ê≥£òÎÔ›Q÷< ö°+˙gG]à˜à;–5Ã§.iî»˜1]mñ}g'&≥Mîy¨¥%&∆3XØ
˘Œ1¢ÿ»=wæ_yÓﬂ•Éíœõ≠6˙'JÄ±ùûˇÜHQªπ∞.>ˇÌì¬SjKk⁄Yf:|˘í˜´Âçäz#Ùâ
qí¿,Âs¢◊„ÕW≠b¡RŸÕc¥peô∂r*5)T§
@Ò∆\ÏTıyÏTÒ›∞Ÿ∞ôq¢ËFneÕœ/Ù%7wFy„%F-ö1ÿM.∂˚õ/„mﬁz;Ó£f-≠O'D‰tÇ“~)ıØ=2L¶Ëá®áòø^Íi`eîm÷\ëßÿÍÏÂå+9®*•R‰√–ÇˇÆÁ\U;qù'c∏+¢Áä™òŸ˘≤‰§ﬂ4›‚K%´∫)™‰ãœO8Ë….ïŸ8r&ß:)¶dà™¥ëQ⁄®‡»Î∞7‘pPí≤v©¸N‚£ƒœBçSÇoJCî◊Éjzµ‘ÿ(9nÍ”vÓCeÁ8Rûÿ”DÓ¡,É‹æ?IÎ‹'h\j∏÷	)Ï‚b“ ⁄ªÙ…ˇû¶ÎX…ª˘Bî`ΩÈ®ıG8’Õ…‘3x∫ˆ¯„A2ÇbÛhMÿçƒJë0Y–‚]W‹œ¿z¸Æóœ˝”“[Ëë∏2 ∏‹-§ˇ$˘Ωy≈…7ΩAMpº¯èLˆàwøL≠˙èÓÎÊCÁÿk‚´ ñ[J£aÖÆ˚[ájä+ıÛÀWN›x {$çûù˚£2|,¢àe˛ëÓ|y≥ƒ}7av˙}7õ?∑cv5áÒR˝:?”ﬁ∑:ˇ∑ﬁèˇ˙ﬂ`.§TC%ÈıÔÇºﬂ-Ä¨A÷:”˘Mˆv|¡î˛Ãv¿$˛~p›Òíâaw{âØbtXc9rpS%ÊK*N•œ–—L}P2'œCÜa‘Kî£.”¢«„”Ö‰”Ω∫vN˙NfãK„És«¡Ë†„˝*ê5pXÿAÓ˜NçSÚL∏MÃÄm˘ØI·ò;∂∏·ã®&⁄É\ıwüÜ◊??5	Wg<µÇ¥èÀºä‰6pÛ4\Ÿ?ﬂ%…ÔúJ&Î¸ÒÆõ£µ©ó¶ÙW·r%ì'†ÊvuË≤•™AeÓ©ÍÌ∑c£+Eôáˆ9™9∂˝¯˙±ÅC’ÂsÔjŸ¥ÂàÀ»ÒS´æOnXy£äÚ∞aÃ‚„~ïØ§mØVl5©~sy¸ùBªß√–/çwO¥é$–åòµ˜À5C+ï≈—Ç ACÜ¯Î‡”±]*ﬂı ÖÍ√†\›/ƒ~—Á
}tm¯kl›£∑œËûá˙üÔÛﬁ≠pˇÃ¡Õ1Ú´\•˘¥j]lé˚œ?sôfK·S`Hı·±s¬“çøne_õ9ñ¢ÌÈvÅö—˘…√IA¸ˇÁ£öä–O}Ã"vØŒÚ∞ÄËÜPd¢˛íâCêöio*v⁄Ö∆TÚiºQ‰q∆Ua‰ùÜPÏ"ºπii…:à1“jŒ≠÷x‹™:CçàM@yìÔ˛FÿG{UD57˛Õ„s4UØ†7"hR© ÔÈÒON'\D©≤Zc«”@…ËÛ”z:eèoñS)=≥„x2”ñì‚O÷EF„˙x©Õö&ëq÷y˙U⁄§…9ã¯{Á∫[À£ØøkÌﬁm*ÿ&ı≥©SA/s6x’ÌèK™¥rÜ4œ+°'Çl±3IÉR{ÏK=Ñı€ÿìF‘™⁄}ßŸDL2÷S"zÙÒIù…d‹ìëﬂ·HEë2àEızŸEı¸ı_Q<mM6Q∏Òˇ,£¨%qx–Îywá∆”ﬂßîü†öãë¬µà‡ûIeKàπ¨hﬂ¡ò∏w∑XvûÀyÛSˇ8Æé€\We‚ÿÓ›Taå™Q∫(x≈{ãÛ∫¶¬®À’CòÔßÂˇ¿ò¡qs°Ìn…lkûœ^ë"ùØ
eŒù˘{≥Õ$¡Vx‡Vî£ˆN≈XW{öeWW∫•FD[É’k∑<R9ì6"-£O…7Ü°GÿŸóÍ‹F;»;¯˙∑e0‹0¥Û¶>ô≠Oóµc¬à÷Ù‚Ä'ÏêÔê[™©Ï‹™ísÙm«û”\m '…ËZàÓ]›≈’YE‚œ3p¡êW[õe@\Ÿ#”Vñ1∂{V%\côJ{£≠R8µôUÌ±çóOáD;ZMÅïœ˙”ÃÕÊà§ê;9ˆìÕéBqùá'2NÆ®Ìƒ˙Á…ï…∫`ÓΩ\9(*ÖsŒòΩ√AFŸî{	ÀÔŸÒ9ﬁÀãw[e©/ú5√Ëíb!ERﬁêE™®H«Áyô/Wu/„ì™»ªyPÈ·+j<˛w(qMÑ?î$òRz„LÃü™®Œ	≈1”D,fKÛ≈”E
†πfßË√®ì˘Úd•¬ˇPMúà·çé ËMqﬂπ⁄äD•e&H∏∆YÓßTë˙ï≤NÙàªÒÉ'ïæ@˚æö@1œè(Ñ•§aﬂ¯èlÈG0√Ùÿá&!∆5øÂë„Õ{tôàxÈ4˛∫∏˚â9ºﬂ3'!Õ¡ñø∆ËhLéó’ˆ¡Yu;E≥‘ ç∫ü`h·≈;ÃcÒ =”Ä‰’yyΩYÕoU¨ÇL;≈YFπS∫Ö-TI4Tî©«3P
t{›r{ƒZòÎ3ÓﬂV–ƒÀB›ü,Ÿ\›˛s[≤Œ’€¢tG$“ÿ"ÙÃΩ´˛'œ>ßπúØ∫âŸÄMÅ|úSyHﬂ¯ÿ'ùúÛ≥%^À√îay(0Z5µ.∆πÇÖ˜"ÏÊ∑‹^!≠l§29…´Õ˘M0†HdsÌ˘bˇ˛U˜Æz≤†'ˇò÷Õ9aYwDÉ⁄Û⁄¨~« _XΩçÊ˜∞ÂN€)˝z÷˙¯~„ó^lo»˜;NÔåo”ÛhµÁ`Ë\ñ‹üË$≤Û˜}OÍiàéªPÁ<UN~∏ª»ˇ∏;Ã”Íòä6üm>ﬁ¯Ínƒk*ùá¥yyÙlu¸‰!zh≥B¯ª¥2Ö¸ZıXsë Ó…∑ïïª√æ˝KÆsµˆ≥9„bDYwüﬁ¥€a•˝›∑>ì=Ìqü]1ó∂î•ﬂ—9R»ô ï>g@€:Çé«ÛÓ∫∏„4–‚‹æØ*ômo1‹:˚Ù∆8÷]‰ÏN±x§?Âëô$êÉJøΩ`∞	ÚﬁèbS-N«˘“ë+6gÛªõ+}ÉTÇÚºhM¡©gîäÛe°ì¬1QÇ´^~]q"-Û˘ªO	•fÛ˛(€VÓS∫J›hÛåW#~f,µ!AçÖÚr†Ñ–5£hD≠fËNÎ˚çw'i´.ªÃlf;7¿ˇxdÈÎ› ¯ºø>]∏ˇ»["5B¸ú¶ﬁEFkÜ•⁄_˛0iRÙwY[≠ﬁ–Ωàñê·EêñÔƒ é¬†+„$‚µƒ‡3üM÷#‘wsì1ÑZ+pÇ
¸™sàcöS(yù¬IØ!ÃQÆ!9\÷ıÆQ∏éÇπ1ÈÎé‚˘’ﬂHsEDïÿ]à@+æ‘Ø#ÔC≤πÜ±wôH4Í(äU¬Cp•ã∫tÇ•:¸ˆy>XqÒ@ˆZQ[ıdÒg¡pÇZ≈nÌèŒ”9*∆¥Õ•©à§ï'ßƒCòC≥Ë≠!ÙTN´q]‰:¢–ˆ´⁄ø”æ≠—ë⁄[rü˙>ikô¢õˇÿ˛÷öÇÅô‹"Û2›Ú(≤®-OÕÁGgzH?ú·¯Z,$¿·.≥ 	¿]†Y’√V˚w™oVR¯/ÍALÙıŒ£aÅ¥FäKs·®ΩÚÑc;ôH¸w‚ô-–r¸§#™*B¯†D“ô"…äﬂÇR„˜∏_ˆ#«¸˘±‚¶Ñ ·Óy@2º™∞CwZZ~L.Â‡%”¸¯\Q<)bØÃÒaò9bùwÒ‹.lÁ„vã∂∆R ¯rπ6¸/M†çùögÊb£†ìÀÂé˝J’á{~vVTU#ç†{M≤îu÷›≤ﬂoΩÁrïBµó»Á\1õÃ_7øSã“yÿéΩ~jA˙uuø€˙r*òEûﬂw’’mêæ€∑t3óüÁÌËï©õfe∞j´‰\ùU”≈ÚF5ıÎ‰å∆≥ˇÀ‰mÌõ"u“UΩu1Ø≈z‚™¢´êÔ?tWÓ:F£≤Oo*ÒÀÂåìŒZÊ∑w¨|û<ç%é¶l´B«ä”_)„N8O√≥ÑüøTåØ=s€‘¬Ïkv¥pzZX^ø∑±tΩûºÂ‹ 5∑çŒûÔÔ˚⁄˛j.ÎKÿq ãO2"2éÙ¬æhÅAπc:Ûëﬁ∏j1Ä∞0ˆ8iä›M˘chıgñà-∆ï˘Ï´Ø2÷¿Ùíö÷¿VÍ˝%a∂[-ı?#Æ[>€çØ“=y¡A˜—ô€#–a¡ÚaI¥}πºç—eÈˆNØYM“œÎ’ f©øÆ41y‹% –àB∆É![¸|ëî˚Îìg=˛J◊|›Ü∂®⁄|ú;±j5ﬁ±ÔÙX<œ'8óxQªﬁLŸˆh˜mé˛'˜ﬂ^›ñÒﬂs-ô-–¯√˘√ÂÂÂ≠ïb˝»ù◊$_∑j0˛T¡Nï´£øsIˇROØ=ª√∑∑Ê\˘˘•≤´[sÎ“cEﬁÈÓÚXnA”È°Sî˜"ΩóÀÜv•c≈ ∑Õ…˛fÁ°_Æ7L∑©òÍÅ◊u^yCËKÏ~rOb.FDﬂXlÏ6ˆ¨!≤Ú⁄à€Órqæ*£9A&›ÒÇQtŒ»k‚¥ÆÔ∆¿∫˙ﬁ)BñèÂ÷wˆt`3)Î˜åîQ8Àk∑Â∏ﬁÙ§Eî ﬁ/'√ÍË∞’Ú≤YÑ∂âg‰“ˆÆ]xª5tuH=K;>ÿﬂùèø(≤4\Ω¸ÎΩ∞˙8ã‘Û≤˛Ω°Yxd‰⁄≠¡ˆ†BbÙ·L¬ﬂô◊À—¯.‡›-Ó„&˚xêÕà<„˚X\üozª‡”¥ı–⁄yx¥´∫N9î®Yu?3ùüÌŒÎ‘4^t*Ú«‹*>Y/˝®O)Æµ€–í’d¸Bf2Ö≠À>º;ó∫ø‘bÏq˜W_Y-!∫0ôBeZE∞}°Zö≤:r·ºπ§—˛◊⁄€¬áÔB—ãÕÂ[¨∑ˇFt‡Œ}Kã‘„ƒΩñ˛UˆGOÅ]Ÿ
MçlP≥ê-£ˆã?¡•ˇs£”]µn∏øo◊◊Z≥SﬂuMÀ>(ÂVÒÁ3ﬂu@{ÔvŸTâs\≈È™I›ÀRû(ÂºfRËÒ⁄ïΩ≈;æJ¢Õ R~äÃ±6Ìqßgxï-âªì»ImÈ!Ú¢fu∆W≈4ÍÉ¸*πo/∫â ùáØE¢„¶,¿Sºq8™åÃ‘˘…;≤(˛
Õ‘>Q"ÅTpßﬂke‚„VÄ“K¢∫Æñ ¥«Ò	È£À4o- ÿtÙó™!Å”“UÛÍ˚√>∑–1ä3ƒ8˝≥E-¿Ã¬öX‡—^/‡Q∏Û1‚◊”∫ÑvwÎ=‰ü‹ØΩ[z˙¯È∆XΩ#÷'Mõﬁ5û'H}èu,Îøz/‹{”5˚nÄÁZÜªCÍm©\mß∂61‰,ß∫πﬁº+ÍimèùØ*WÔU”fS›¬U	÷˘œjõü‘◊œyóS9∂Í|`Yåç◊±vøƒZ∆˚©ôwN/Nmx~%∞§∑G™Qb<ó¥Nü;Õ>+Ì¢∂∑èû“u∑G5!c©[˙˝‘∑Â–ÃΩ5kkÔ4EÎìî–Ç∑ó–Íå 8ßó◊PV8óÚ~
Zƒ™üûOv£ı≠
\F‡∑‰}x\H…kæ_pM)y	7^O‹ü—îàk„dËòrË&‡nugRÇ¿7)k¬Œ
 ∂/d”Ï…∂ßlÑ≥·‹QVPêo˝.óB‚´p+µ∫J‹Úëâ\¸ÛΩÛÈû7≤Ÿ4ô;PÊ˝jlb®ÛâÇ&†1⁄%{”»¨/§" ÷E—(ß“⁄˚ ’˛DQysíåL-.2´b‘\	!Œ /^xè˚ä]#^äˇL˙Û{ îw"≥å˝tOâ(ÕÀº1§(.ssü  ÅÄ%˛ê$§Î#◊ËoÌ‡≤µ ¢pMFAÒ¶)ﬂaïà9|ÀŒ€:ø≥».œ…£†˜∏,ﬁ«{ÑΩñ˙:‡lt‹Åw!L±∞Î_zÑ‚w∂©4fMMa˛’$ΩnF%Åö3ÈùÖÇ¨!¯L∞8ˇ	ª¥ÏãY{êâbCêd¥[¨D¬$ı
r‰∂´h˙2‡i1ª˚¨F‰·F.§néÇÜ_ ‰k≈∏Ö·•#≥∞B≥‚A<˘SV-	éJ5Ò|—cG
ÁÒ;„¸Ï~ì‰(v—g’íî©÷m_J⁄Äı#Æ»$Ù∂IMÂ7Ûi·Á˘n<≈√?Å'Ç`ÂÛ˘ÚÎ\;Ù¨
ÂΩx/b)Y¶•÷AØ*`Y¶}•®ú}Jåç*`ë9Cîó¶ò!˜H.ÙJCu¸Æ°$`cúúhJËîLYx1˙IÈeO ÑÙ(W DìÆ÷ºœ†gï!õê
É»kíñ·öTh*•c†9¿T•†Ñ4OV∞À–@í∑Ω˝Á†æ∞?b˛Ût˛¶éØÅ“âW`ïò,âOú˘≥ñËjËÜì„3ZOäØ∫ÍPäÄ† Ú_	p`Iï1ò_TéÂ IKA’[HÇã§e"“®%¯Äaa~zfÉ*œ’\&X•⁄∞A}Ωw^jwy;Ía:tˆøbàÄ˙WÇ{gò%ú30jAbN%5‡†f04.Î‰8áò∞bœ‘ôP‚°≤ò“ßs3xà%ÃÀÁ>~ÂpÜØ-§ïÑ∆†ç(>±‚2ë¯ë¨N"R]}ô∂c=÷∞‰Í)Z	`ò3≥ÎK1ÎòäI≤ä¡¸˙⁄Ò˙L‹$•“Æ·C8'4Gp@é”[P}¶™‰.D®g
[qÚ8˚≠öΩë|6πjC¶íFá7:U“dÎ*∏2Fˆ›äá§&y6é±*ì™"hHÂ¿ÿßΩPf¥`@‹Æ'WN‚Ä;`èÆöO•ñ∏mÜÅ8˝g5ëëø5∂π(ê€Vìßq¸Uâ¯÷'C≠uÒDYSR¥üE`ÉXlé†ÈClÃAÏïR∫ﬂ´Ó£^aå‡·ß˘|∏ñ,(†á∏–J´ˇ§˜}Åt0»o31”ﬁ\”{.ÎŸ6%®l3”ÏBƒø.
Òˆ¨ºäµQÖ6ü´óﬁ· ÅG9;fníúÔŸ’Â:˝`n<Ë\Cœ$«°O√ôü(ﬂ$ÿA˘õÑ$W≈°æù¶ÊhÅ7u‘3˘àÅ¶K¬ë)†õµÜZLÙ:ù:X"u56	·Uˆ-Ùµ∆ˇ@HQ1É6|∫∞U,Vó¬∞9‚â
å“Aœ^+$©°·h2Ü¬îÏ°é
§YùDba!CJ…ePC©8Fûô…N6`’ÆÁâ‡‘ÑÈÂ‘Ñ7É∞X ≈câ1R§ú„T(1¶È…÷ÊËº˙4'.ÑZx0vocí∏b⁄‚z9€¸"‹âáj»¨’BËòƒRê£gäyLò¢^fÑ0[&N!*˙|B~D7∫çY´[=I
üÄ∑bn?RB£≠ê°5Mr w«lªêdáth`|¿Ñ6›ò‰ù=l€Ñ8}û‰ "≈dÎ¬{Ù‰8oLj◊=Ÿ7ÚÄv"XUø©óÎt¸Êb˛ﬁ4f∫LÃò-Éc–bˇ‡`ïØd—Ç5>nÀt∑òÿÅ\O•m¥1√êo#qi^Odò5€NÙ¨≤dÔ≥Qnﬁ¯¬ö?ìä›Z˜d¿?∑ ï~3ÜBtãW°¡˜v,W'©h∑–áÑ0lÃ‡≥H≥p£AÑgË¡Zs˛k¶˚”;∆3{Ëä≥Hﬂ3ë W¶!HˆlüC0é°„«—ÑTÆ—!ï∂˚»qa!UBi∞#V^6sESGq8%LscôOIå∫´˙]ü….	"d¬Tµ(Õ2 ⁄Öb}¶∞2A6N»ag€1RÂgÒÙLŸ¯≥eˆé÷g‚5[±Ê˜˝ﬂu:ƒ3≥m7‰c¯ôôgøl 8p˘∑Á0ßÊg<ÌEõùqDƒjwn&¿˛Daàéß-#Ç∏é>’'•*Q	Tdh∞∆D§.+k‰j›0¥√¢d‡œj}°9re@xäıV¢WvìØuƒA%–÷,Ee»L‹‰‚|-¯ø(ô’#ìej€x8Xá+¢Hh8úc—sñîRh‘f=6¯sÿ˘ÕÂ£¶t≤9õV@˘¬⁄¬ÑíØ£Ä¶ÉC‹èQlV;˛ó'?Hπä-ö£¶+c“¿‡¬
»≤◊»œ¿?˜ì§bEòÊe:Ωät "¯yqa. ú€Öô∂f¡ãmÀçô$à˜]¬©–/. PŸÄ8ñœ4h≥ïo7ÑMùi§Ô@†@´ÇdÕÂi˜SΩ·Ì;√Y√éèß§@Émò”Œ=c4†x—%v‘¬˝'Î˙(ˇS€ƒ6fP†–*RjˆL!|*∫?∑´`
ÿ≈Ú5”≈ı"√q€≈µä∞‚Ù”bG™v
‹b'ƒá<6…‹#G0z0˜‚_ËSB†Í>W"∏ÖÄ®»°Ñ`C¨lcùF≤\6”8/ßÑ w+^ù¸˘ÊÍñÀÃ'h/4u÷4j¶ñ˙_5‰É≤ÒÁ Á4∫–!\ÿ,Ñ"$®Ò6C¥Å»î:P…˜<7íf∞≈œsÑ‡Ö†@Öà>ÂP‹ßÕ÷O⁄b2jiJÄxŸMû9i≈\ „◊	w˚À˙Ñ©5%´4ÕlÄ0dö-‚ˇË#1’éYkéSó¶àœßZ≠Á~∂ö&H»ıˆõvËYà˙]Éﬂ)˚“"L”lü¯ÛÖ UjPZ2ïîsÁæ˝∞5CI1U∏ò©£Y8ô ®:DÊπk#?ü^K,§2ü G≥2´≠ö«mk&°¶T5Û{~k£Èø^X5eÉπQ/π]ëjcÜ&
/Ñb%áˇﬁoòª€tH6ãIR¸¡@∞À»˙:`‡g[Yù%zDâb]*é¶@ñ7v≥”f‚‰C≈§)õ(!3+˚YÏ‡@≠ÔGÉ‰”g¨¶Bú≠5ËY≤$@7#≥l“•ˇ/ız¶rTïÊßÕﬁw/?-ëf≤√Ô¸œñŒrw>Œﬂê{}Ó&û≠ú›€¸⁄û_}\›Ω	tw˝{>ÿNöÀ˘tûGé„≥√_ñÓ„´¬ßˆŒÄÁ5à=œO˜◊Oño.ˆu7ÒD~˛ûk
F∂å›¬êÀåàåf¶ºΩ†…∏PÑ§ÿ˛W9Â|Œ”O›∑’qg\u?≥ ∆ŒÄ7e Õ`"òxÅdí1^µˇ4#˙0ØÙˇh@∆~6ÄZ˚3GQøút∆lãIAÌ5¯ÒÑÙüßë4‚Ì+Hl%s©{“∑¬î¥‡^>˛˚¡ˆAÓñ›Üd⁄»Â5‹*¯fl^…”	18∂Ñ¸˛™û∂%ƒpm3ì±Ÿ6¥≥!É œ  ¬¨∫wõ¬í¬l|Ω*ôÈDZ>A„4ı∫¡Du˛{5i’ªÎ?|∑ËÁ±‡∑/‘Èû¸k;∆!R•[f√E©qêh.i;7tÊM>çTÃ0…b…∂6ê©»\*¬√–‚ﬂ£æ˝ÙjJî	+@†£‘Î<©õÓΩç◊ÛG?ôíc∆h‰çø“°y√§›t°B=Ñ£•‹¯{sD◊˛6∂SWN·ﬁic5˘0⁄±X{g3P(å}¡+ëïÙπBÅ¬1FZb”.¢bˆ∂éMõ˘:>ÎÑ‚*å[õ´î√0‹ÒùP@3û√ùÈ[ìˆöEPo&˜B÷ÊDpD9
=Æ˘;Q'{‰x˝íΩ≥ë˛±±?k∏Œâä√ah◊=[ú©{ÈN”◊LîËzF”[rlt1WVÜ
Ô‘ìùW<üüúíÂ®¸O™ﬂs^{∂›
…$9∂åﬁj^îÃ≤mîF£·÷‰ô©E[5FjGèÄ'ÂäÇ„√K·CΩº⁄;›»ÎÃñÔ‘sÀiC˛Ø˜Òue¸8
¨O™å!:»:UUΩq«ΩQ3M'©ºπz1Œénô«— S€∑ﬂs›ñ´óœ/¡π+r«˛òúkÌ\ÈÇ‹Xk:ìMxOeONlIŒô3◊èÀ–F+˜‡€˜Òœe?VÑ?Æä∏F⁄rıdCu˙MÕÅ:ïÃ¥‚¶LQD<Y¥π2öQ#›y>Ø˝%eÍ+CÌyNr•M¥∞wU6
£H˚<?∂{e∏±&Ã€O—¥µªΩ--RºÈK<i‘R<…&©%wKáUPUñL∑<ªÁ0ﬁ/˝•∫GéÿW∞ÇU≠x‹#˚xnQ}t$Õ£çÿ&zﬂíi’ÒÏË¸]‹rÛ±\cfÚ\^ÿó6I5dL/Ót*ïCøsÆ·p‡ÈKêaFüIP,µ˘ü«÷‰√´˝®1Iı5ıi"Ym•È¸È∫cœ€ß∑∂Ω›äß◊˙«ÁÙ4ßÊh´JÛa¿mâøóúñÇ|‡]EnoÀ`'ÓAµ””MÖ˛Á}k£ıXÓíz∑˜—h+&Î”‡#≈øH÷,Ω-z∞ÉèôÙ∂ùªƒKlb8•ıÇë¯XﬂGæbà‘Õp˚//˝˝;$´»;0`Êﬁ\S«O?Ròñù◊ >ÙÈ<Eò÷ﬁ∆ÍÙ,|Áßjº÷"dÕ:ƒºÑÜìNœzÄ5˙≈ﬁ*õ§°i∂Ÿúõ∏úÎ[)ÖQ≤ÆÜ]ùÇ%öd3˝*æ.åf∆áuz(Ù´◊r˝ª„∂gxÑ˘Ò∞†ËVÆ3
Ú‡–’·“Ñïú€É"§lnÑtWb¨µÖÉµœâuÆ±KàÎ∂ÛÇ2ß‰Ñv·H[-4ûâ)fR∂πñqí—29L`—´¬¡ä¯ÅSGaç
‰’rÚ∞…ú˘√nCØ%tË∏πﬂÓ˛“ëKùè∏=ì!$õˆ¿JÅî|f„•EZªÜ‹wsÛßÌ˜4Ø–5-X≤Ø›ı-MyZKEC!U·ÌD¥Ÿ¬º®àí"`ıˆcÜSpùoöMRVUrW«íÎÎû~›êæÓì£P≥[ò™»ÿJ3’L?dqNr7†´õæ„¶¨jÑQøGH()÷e\)Ìç],¿,ùo.DHv±ÄC—fd\nﬁ¸∆`p¥Ç¬%ÅXvÂmc«ﬁ„ñ<Kº¬<3H‰mÛPI€7=I˝™¯6mÊa·‹ï?&‹óïOã^k`ÕÀîEâãˆ\™ÏA√–≥FµkÆíêûBß{Ÿ≠ˆñªÕC˙YÊ<‹-nÒëÅç"‘ÔA«ì˜˜÷n≥8ÑL•Ët§ª~ãEiRì¥‡öoô:ß™áQYË∂wùÊî{‘\¡‚∂7‘?+p*iD8ıŸ«=É\H12¬ï≥nuRïp[˝`“B∂∫sk¶¡îËdÂ`x∫óà)Q¬œhC≈X:s{
ı√ÕG'z_~ﬁ–è‹∆ÿo*ΩzEôDÏ∫¡YXÏ∫ÅPGﬁó|Pr€‹Lªˇ2	e«a’œ‚(MØ∂≠Wóó!ûÒœèÖ∆ôfQ3ælw^ﬁè1åP 8oÑ§.öÖœ¬»ß˛3…√Xï˛–YπpìMëàJ’APJ◊iæ	¯Ëµ◊0èôüêÓı-¯Y>Ágp¬68oÄ•ö∂yzëìR	∑9kµ`±ó?Ω…"¬©Õ^éød‚ÇŒ‹M˚bLﬂï]Ü√ù/]≈¿VH˙rì#Ä¸^$äzDàìe'4HO…A+Ë!ñj ˜≠·qLCÕÈf¸•å¢Ï’óË¬Eû)Ó!ÿWì=rä‡ï*∏≈ˆ◊1vç≈»ªJvÜy®e-Xó\hH*·…R∂nÁ08ı˙Ô~,ﬂ˛g…/øF—ÅuCO¡ü¡ø—Ë68d0—@”eO‡¨äB—jı`6=údÎΩ2ò¸XíRF‘Íèé[=0ã 	•(a‘"$/™◊ÓÒ'Ù¢°U»ùv$+BSÏÏ¢˘vÍÿ´≠ÆßÅô6[œáâ2<÷ÅÏ†.0”’t4jÕëUA=;’a¿\È~Û›†˘8ÒlÌVt j1Íu°ıá˜7py˙S}dG›æ]=ÍÚ‡„è
Êær=JΩÀbñ#∫µ‡Cµ±["øúÃΩ$«Ôôp3Ù`jj&¥“¡Wˇ1èû¸V6§ °Ó:qö?uc”•yÌ’Ñ(ˆfÊ∞8¬˙r„µ€}JP\v≥≤s6btuqhì!≠ΩÁJ3Ωù_\7ﬂ‘#âå¸0üø∏D‘k◊uoT˝úœEeﬂŸ±b*v434‰§Üıó∞.0ﬂ‹Ω§†W€Dxﬂë‚˛ë÷ƒ4È%–ÁÚÖ˛p≤*lkp√‚Òl¬§∏c§≈F0=◊4g¶
Ó§Mn,Õ‰xìV™‚µoªà˛—ö9Àö@Ç∆ıñáﬂóˇÒÍWJ5#9ûö◊‹CÑŒÕu£Yxj€Ó„÷ò°û.gCNãE`:£>úßæ¬°}t€õ·ùã&ıÛπ>eWt‰amæ¬Ç≠cL^ÇQÎÒƒúÉ∂6≠„à©[^˛Nj±:ëÁÏ},˛z˙S;ï j ûæÌ€W:˚Û≥Ö⁄∂É˛∫Ö≠okıóV›‰Å9ã8jﬁÍJbNY™gnb-•Êb‡FD–ŸóÁ˘iÏç&ƒ—ÒËïmƒ"LkTÙf“‘EäÎÁ‰5ë
Hò1¨9˜’è¥Ø8ˇxÍ·<ÉUURä…AXÏÕKPÄKæ+ëﬂH_˚a"¡•æıp
éTLÊr¥ŸVÙ¢W¶£¨Ó˛ì3ÿ5&$ÖA6À≥“∞9[œ˚˜Aá(Vä5’^õcØùù„Ù˚ØAÿ–˘≈óC8¯⁄M§=b o«†"µdèˇØl|˜õ“kÑ¶ê˚ƒÇˇ!ı’ÙG∞˛›≈`cX“G„Üôá©5èõ¶oËÀÉø‚†ò-ˇDàXœ.ˇˆ—ÇÔ´È+D*ﬁ≥g—a*†Î˛^)÷&.¬áßπ=Ûyyc §hÓè)-?A„o3â‚iéøóX˘‚!—*Û^yA_#Ä∑{h¸´_>íú’5ç€¸∆0åˇ√–…Œ±A‡;t  ñôöRΩ:î÷¬G∑£¸ZlÒ™Äl⁄÷∆µ£‹≥¬√∫æUædpÑ•dJª™ıÜ›M®#µ*µª9,`Ñï:àı≤™ÔkzëC§åb!Å?ÒÆAm„,¬Y	N%Y/z;âx8§ ‹∂£4q⁄6fÏaho≥Pê£çNMÙ<(ÖÕë<
@§«bE4w¥k®>¯éî“P-8*C=ı¢’X¶PQöˆÓ_R˙ ™π'Ü`P¥\#ÉˇNLƒ[µv∆[®ÂÌb•2âaê°†]ˇŸ$U“ÉáN)Sø@íﬁ€înŒ‡Z·’±âjÓÍñ9Ë2ƒfkãi_∏)T¯Î‡yê‘J2áz’¥,¸€$ïÚÃ—&£&z>ê‚Ü~æ»0¡◊8¥û⁄Eπ=ìú∏ ≥ŒªmÌ8–ÇmÄñ≤Á¨]‚:±u∫Û™=ßÏÆŸp∏P‚îÙ¬ª=êº{©◊ñÙ“÷uóπ–‹:i5∂õnµ®—oK∏U”[HåOáÑgSv#™(≈ŒP®V˘Á
Th-]=kä"∫+ï‡ËΩX’PvﬂÒ€ÀÃoà
ƒ8èào'=ØËﬁh+≥„[uëGJˇ%X+IŸ,6öZQŸâ¯,÷!1Düd˝TkòŸ+M√}…öı≤Ïy∞ŸÆVè6OK©6Ù’o⁄f´lHÀì£¸ ÂÉ{mÙ≥YnR™ày6£'kStt+á£tú©)'U±T2¢π–∆“∂X6Ê£˙ÈPòtó≥]£Å⁄√gõÅMò¬ueµ⁄∑ß¥ÿﬁ◊â;˘⁄◊iV…4Ûiú¿(wtg«>íDê!l;ŸZ≠Îgö”hNïı÷X¡úˆãQƒ∞HºB§.ÎˇW_ŸÖ.ß>∞≤SiÙaû0˚Ï(?0\l /5@˝òÑ¢ˇ_¢Q–íàGb†;¢‰	‰%nﬂ∑&~xÂ∞¿∏>≤Ø]Uå&ÈÇ∆ C,è1ÿäò«Ú<{°#∞FÂ?π⁄ç^©ìÕ¡@°»8agÍ'É*’¿°àªfÔŒ ôΩo˘¢√¥õâ' ßõ6˝;à~ÂŸ”õÖäˇ—´D›:çZÎN˛|»ßTË2åTK¿EØ&¶àßÓ&éÅUØCÎ·d˛4>Ñ¥Yπ⁄Ë‘ÈŒ—A¶◊"ù¢Q´û˚ÿ;çÁπ⁄ÑMÜ"ö±≤æ)3áÀ¿4vvÓoëí;=QotiV–ëQuüË·Ê?•~:,,RŸ<ûrø›¿Ã¸≤–⁄´°	æHü.V[ÊÇ‘	‰’ÿz·x—®tÑeyËº¢ˇã*_˜7TÖ¥l@`J≠P§å*®fÉN¶¡·‘òòª\‡‡)t¯ÁÁÂ<Ó™ò0æo¥⁄»>´X-(åtÏV‘úM'fıtÜ3mÁ·iù1w;o§.õã+Û∂aXò¯¬Ç‹e√ì˘Cæ@π›q+ƒ@=±Œß©¥°áÍ8êÙm´,àè°l-Ù ˘û#ﬁ∂Oì≈2®J®©tPê„¥Ó0KóõjµO#ôüÛ
ë~0}⁄Ã]∏¨˛ÂåbΩæÜçv,Â—†0CÓŒ{(cc¬À\Ü¯*«ˆR$:„iròeÜì^b∏°è’›~L?ed¨O‰-˜
æL€öpüü[ûÍ‡∞|_¡58‰OØb«ËE˛ifì≈s	ˇ≥;1◊ÉªˇGYJ‘IÖ§r¥C√zˇW¢˘'Gè<>-€€N
˛…1iË;Ê›-˜sˇ]È»åd(Ã´2ìKÌ⁄(6ís!qÙy*‹•TmìLƒó e⁄¬´ü◊y=WpkE –„÷FTÔöÁ$¯«ñ5M˜
îióI˝E‡ÿﬂõ \#ÅœA¢ãMe≠úü◊ç¥ìçdÕ<éV†DÉˇqnY≥âñ”L|GMëR?≠§˙Ï≠É%“ß#[?D¯7gÙ{ÈT®ù-/•ﬂed@Y{ç›F÷ùÔ”D.∏ƒ{À€xÓ^8k◊¯9I•t¡x	¿ik^"°KÓìicÏR±Éh¢
˙*n˘9AÖ1{D¨TÒÅBÑZRÎÒ\`Æ∑w “Ÿ˙œ°^ﬁ™)¿>x(mÑ‘ÅË9Â˛ˇnRñ	Àád⁄Êæ◊[çOzL)‰LBÇhjCoûDQâVõwb«
s˜◊Oi–âR8Ø&|t-2/¯íˇ”Z‰ÈŸ™QÙ7ù	&êxßA0[^"øî<$cP≈K(}∂›å AW≈7øFàË…xˇ=Of¸¸ﬂ~mG˛¨K[ö™9¿>•gÚÏÀπV´~=®úÊ¯êggÎG‘A≥œ)0ÙO2>)g˝•§e*kÒ%±áÂï‘¬ &≠Ï‰-ƒ›˙ƒ∑∫Ö·§∆«1rkd±\ÜÛ √ˇt‡qÃ¥ˆÑ∑}Á„Œ˝Z‹è⁄0èy‹làJ[v»Ç'˚0ZÃ-U@Eaî7cÚ≤ÃØÀ“ë-¸vΩ!¯A3=>ΩÊƒBMÅeƒÉö=‰jÔø”:ÓÔïgk_∫ø⁄æç≈8¯«‚ –ÅN~õh¸£î‘Wêœ/	Ê&æF…/Iêóè	Êﬂ@ºÆ#˝Ë©™◊U˙˚úµ£√™B¸væ:ÂÑ„uÀhà4ªÚ®Ωü+ßW¢Ê^s˚¯—ÕeŒ≥y÷r€Ü‚¢=¥Ñ/ü≥@vÖA’^ﬂãf‹†NFq‰ıñàΩ‹ìªç∂˛^œíGùL?•O/› ÔÈD≥≤çí0oÖ≠>7•íÇ^ΩäÅYÈŒù–¨Ç«nà“:B»’‹}u¥*@gªˇıÉzÈÁ°¥V~ˇSpΩYéàVzr1p?Ò"÷9IGæTÖW¿¸∑ÁD*˛ËKæY=ï‘Ä^xKvBpa≠"Oss·D˚)%Ï≈√%˘ˇvÎ~		ê◊<Êó
ÛÍ'ö˙≈··ﬁ'
„X~ã®˜EÏ%œa{lg©2u|/c«{F‹=“õ:1çbyz≤Cû≈≈k3k|X;Ùç˘¿k.4Ôªx¡)‡PaÜŒ‰CO[uÕ≤ÈÒ[6bæofLJÉ?˝∆Ãê˜ÙÒ–∆Àu%≈ÊˇbÏ≠¢‚äönQ‹››-Xp<¡Ç{Ç{‡ ∏[∞∆››!◊ ¡››ΩÅª;ﬂˇ˝„‹á3∆y ∫∑¨UªV’¨9◊h™≠2":.a≥á1èE%âñS ¡j≤U””sAòî
CèjµüÊ*æ∆„#¶vQ¿íﬂı<H≥ÿL≤õ∆n@pMÁ¡©\p≥öA!Ò∑xL{F—.pú®…çJŸô2∏Yw˜+H›~ó“!1=î—˜îß‚ÇzaèLœêeú[&∏:—ßôJî&@‡œ#[¸ ¬-7$¸•9ƒŸs¯Ÿö£öhüIç∂£è.Íß›£“?ÃÉ–Zd?∞B\1%.ÊÎÓ4OYÿÀ]}¶cË›tjI{j`‡d7‡ò:A∏iõ®º›W∏©¡7·µˆRäeñãøÒ„l;äï!¯0ˆ3‡Y 6Ç◊ÕÒ⁄Î≠ﬂöòπﬂñ–È¢´˛bQ{∏ló~)«]Ó(79·Õ—™$≤Ñ"ã/…Fv¸í$o¸m3Z‰'Tox∂\+Ÿâù:ç∑t£&g¥f<;çÛ¢BˆP∑oh<:˛∫ó≠¢"1.0ìvj%ïùî÷ﬂ8s≥´—3_$ûŸâ·hLˇç:’¨{k‘âwŸô5ºF‡‘{(ÿÆvgd‘Ñ<tök{o¯ú~{ñkK≠˚j}0¥~€‡“I∆∂[€∞cô8±óù≤uA(»^w÷øœ¡çòï•®˜°Ω5ÌLV¶} Cµ}=(¸<·ÊÈÀöRE±õº¸‹™Ï•hOzÎä^^¸˚+¬–yºQÌB£ƒp#5	ﬁûøN. CH®M÷ﬂä@^-«ç)L
˚gé}∆Z¿i÷P ﬁè‰{˙Z»âÊ‰ı ¨∞JÔà!Ù,I¯W‘‰çÇÂCcÿ`9≤¿≠…Í:ñÍﬂ|‡Ø8§ r˜Ú˚8Hp.Ÿ	Ia€˜p§ZJaì‰‘¢ŒùäÁ•YŒ˝|ÿË‹û≠J âwf°ﬁ¡}Á8§)~È{%’ˇYkb_ÉRNÆëÛsê¢‰JÄ!z‚Ìœ≈pˇ≥äpïûÕ„”º©CFØ“GAÜ(&@kiäá·“Dór¶ûÚ≤|©U∞≈Œì(˘xGÇ∑ó&´∫˘¡œ^u·ªÂ‹eJı¶√ ‚,ÒtÄ˙òﬁ÷·–£pÆË3,dÀ¡·/®¢OÆ…ºuŒò»&z—e ∞˙h˙¬„˜˝OÏ∑díC^'4™€Œ·¥´•U7C0∫ìgq©kMÂúhó"d§‚“ÏjMUj˘ßÁ)Ø˘9ë8ºﬁz1∂∂|ëj¥ï_*ò€î¶Ô°¢ãç1‘¨QÍ–ÿK$/Ùä&†jË¶ÔﬂÎn(˜_•M}.lC+Æ	t]Z…Á5ˇ‹≤ø–o√Z6QÑ˝ãGsÇÖµ¢˘›¥œG∏PòBaå;≥Wl9x!!ˇ°œ≠{_7dˇ~√9[K5‰†WÿÊè∂^˝Ö™ò˛>QmªıJúTA)DÕ!Ò÷(üQ}äFö'ræ©_–◊RÁ±ü/È<Ô ::Çåì≠¶æŒÈmØ?å™'Xº√(%®´9	ç∂–2q
O&l˘ '‚»6„ßˇà_N˚«.ñ|F_bÑÂ&,ÄÑE{9möûùz¸ÒU~ xí8ã©TŒ˝M•¶ÓP‘éˆ¸îe÷ÛBhe1˚‰¨u9ËfÅŒÊ√A£ÎRù<G‘lô$≤smuØÀ∑Ñ‰b%‚≤M<Èt°er‰ ^|æ… Õ∏›èvÊ\Àn€≈tÀy1?$Äª0?–qr£≈·≥GßQ◊¢±O#¥HD·◊?ÀÂ ™Ä–ùö>´c«DBL>ä°Ûƒ.˝‡^”%Ñè6ºΩ,√ª^¿∆)ZD¬b˘˜>4*ÕÖ_ÆÁÛ7´∞≈3òﬁ<©,+i‹N}9PehúÌ=ÛŒ≤d5çÔ~\äãT¬PKÖ0˚WS´!“gf/æU\%ˇÔ∫4∑|√√ˆ˝_@0∑|4ÈŸÔÒvx5±Üv≤±-'ÊóàòÇ:>„3Â± n†™µìÕGw
˙…¢ç‹•5£›cNl≠bˇÃúÿ2†*›ä
√<≈≠B‡•óßÒkı/»?bÄKÒñ2∏°¡’Éπ∫°ÒÂ˙›G=4›(3?Íh≤ÑŸ`~Õ™ÊÈ
ÖÜ&	5b/“Ô¯Q1YÍ†<ÿ‘∑nAÊ⁄˛WtÄ‰.?Ñ?Û˙2_ıC√è\˘◊©L=tÕ‡À¯å·ıe"5ª,?s&(ÎJcz5M^¶⁄ª⁄Î¥œ∞Èµóz™0†~ö∂€.hg¯8C÷ıÂ¿böxË$´§–†ZÅ¶ÔøZfAöBMËåÂ_Lj°ä[ÉŸöí,‰´MH ¥ÙÒ‘f∑˙x41£Ù∫[‡ÂÕ2Ù∞4ª1E<’¢1åπöÏOÍˇ“5À&\‹≠˘j8HΩaL[)ë7º|WÂûe6‰î¶%¶¨.Ù)Ç.ÔIXÏ¨Õtãì„aOÏÂÖüw‘œ»¨©.ç›L4ªdbdgÏ†LãóÒın¶l∂±Œ¡ËËÊhÆt˙®˝Ïz∂œ,ÂÖ¥ÏﬁiF,F6ì¿G–“gŒCVÏËV6/˙e«Gk95±+Lo≠…À¢t÷n†c$Ûp”ÌßØ¸ÄÇÉª“AÇ—⁄áâ∑—$˘s[>Ø¨ä˝”.e£è∑"<7KJUQ‹°◊3+ås6}∞èWWn3ZôW/_Òò;¢Ö"fœ/i|q1óòO›î7›eÊÃJ]∫:/v˚Øn¢"Äó≠Rx›y…‘J›	0«ÖŒ÷ˆ‚‰kˇ(T!n‹‚´˛^Ò~$z‹#\πe¢ËÿnÂ©)u‡I	gôqÓ,í„øÂ£M›Ã¶Y°∂¥m⁄äÔµ99t´’ü\±gL0≠π?pzfππ–p* È$-}2Úp;>\ÃN8@Ôà⁄˘˚ÉdnÈgkëkåa'ÙΩ\„K∆Q‹d©“ÿ“Èü`ëx06á3wÇbí)CDøïÔHtÏº˝[5$[Ù∑ztkél¬ÛõYÃµ{îpﬂÏˆwÆ˙MX?{æäﬂ§È⁄®òö©ºWµ<NÕæù‡Ä™~˚Ê≈ã„h¬ÜWsÚE“T/ôøoçQ~2Ô6Õ®˛>)vïï+Ô1ãè=øO⁄g«*ñ+ÉW4:Îí≠{˘¡Hœ!Ï"Ì6Õ=Iê"uKáZ<aUN°ˆ)À£„5´«"Ø*Ÿˇ9´æöÌô/˛_õt¨ÕZD>ÒRô‚9⁄´j∫ec√‚µÁ˝èΩ)Â®¿–utA+
¢j@t¬ÖÃ¨Ïd£¯ïñânÒ¡^id‡¿:∆+/SHäHZE¬å≥˝`û2¿Râ”Dˆˇóöfﬁª<…ôB^ipà/'√	xìlafLRJEªæl≠zh¢*˜ßÙºŒá!'Ôﬁv¥£•◊≤54QÚùü¡Îö¢ò∫3«øΩŒ)ΩÜä©´#3Ü·{dÓ(0ªSˆ,À∑Q–Œ“í†6>É"ƒÿ¶$dj gÀ÷Á‰!Ôó7lÈI¬p X÷a-†™H∑Fh¡{ë¬ÌT7Òí8ù∆ﬁè¢ •v™eÍ-£¶Æ”øW∏#+˜0Rkô∆®‰‚I!ûÊZı/Rz¸ö&UmﬂÈ˚{y†N≈nåò8ˇTZ_pï‰RÂMè6™ÀRòwqxúIà5ËJ⁄Ë∞v\(‡)g]ˇ=ó‚.nÄïÙïÖΩ7∫ùYA‘K⁄03⁄OòÇÑ0ºZ’(Ömp@¡/vpP 3JdRg¨¥˝Ïπ1ÜÅ¬h©Aú∏R¢·»âe¿è∑…€<Z/Ù®æLn`®å◊˘WúßJSOôXªí|¿ˇq-ÁJ:¥fÅÃÔiù4ıÓzï¸Õ≤πê1Bí8Ú¢…{Zfﬂõ-%	rœÄ¯ÃI˘]IÃË51·ƒ«ÀΩLêÕ(ÏiZ‹Î¯IVbV™∞¯;£ÊÜª¬©Ák¿ÿË≤éW»î}wV…UºIæ ~s∆¬%ÍTûy®/ÔÌ…ßı;PàÑéS˚©eùêÅï/âtF˝Örü#´Ã<˘˙√üÀªmrˆˇª≠'é[°x5´õõÃ“zN„Ç˛gÃê7Øñ|\äe‰4‘XÕnGGÒÀ%Â°ëÅl…Ÿz¿ÆF~à®“féˆ»l•√êØ4÷Ë∑∞W˘O⁄Ä¢çsú∫{®a<¡&\X„9(/ƒ¥Û÷r`5åÔ˛üˇ¬ﬁñäÏø˚ÅQ
›w0öÜŸÿ;nˆs†€¶dh¿8çïh z[@∑!åV¶YÑpA÷E√
0lÜ≥ü®Ñ∆*ÛnySÔ∏àˇÖÁr•ÍâX5‚øäí|∂\9âußgÍçÅZFØ{~©=L≥Âl∫ñµD∆*9<Q£ãcÛai<VÔsK„‹œÿn≠™Í˘ag{G5Ë=Ç–ù[©W§|Úïqú>8Ÿó´Û&ïí>ˇ9uRÍÔñúÎdå‚…HÔèÌìV"˚ƒ·èÌ`*ñ¸
s–Ä§æùSˆUAJÔ~˜ÑYù<ñN6ﬁ◊¸UÖ˚œÛ∂ç\QÔˇ¬üŒ0∑ç2]0®Ã”Ãòàf5M»0aR6ìøJ›ﬁâ“ZΩ•Ÿ‚Ên$îÃ‘|[Óﬂ1mUiØ¥Æó†Ÿøä˛√Vc“˛˛ﬂ≈•èåãÿÄz‘IRö˜Úô∏a∞˜Y;≈v=;Œ];àR?jSÚ¶àyåØç0Ùö¥j@¨–ﬁ?ﬁ≈àÕ{tÃÚÀΩo
kº˛°8mQ;o`Aóu	∆O	óÕi^’ÿ≤ΩÏP¨úå∏E¥»4îÌÎ˝‹5&{≠·Ó·›y~±*.·ôPAﬂ@êTÖÁ˝<Æo@?=Î>€’|8QY¥ª†!§ÿ•∫u‡RI0¬˘¸]Tuœ`m¡UqÕ ˛ÿ¸‹dÑ¸—lË{eÓT⁄œeˆ‰´#∫ßf]fÖîèCﬂ“JkÑéºËØW‰ù‹€2≤è€˙˙˚≈:|o'ú/6GÍ∆Âv∫û¿Z]æ7`5Ja/í§óùÂ•óç‹íÜ	—©†‹Òñ≥íwœyºªü˝ﬁ˚t]5J˘·5ÌÀ◊c>.›bfnO?ç$VHØÇmÖSú≤^Tóè≤VîºÓ/ EÜì8Î∆P’
DæΩœÁhjó=ß+TU9§lQ~Ú$~>{ıæ∫©góüø∫]7iö~ÚΩ«oïπ4ZSN≥∏&–G–µÂô[~›˘¸∂ì»wéR§ÀºJÑÃˆÀl∏WÖ[iW—∑´aº◊◊Ø∂_Oˆ>^«˙Ω‘?]æÑ‡ñ	oó∫øjµÇ?®±h››óÅΩ˘ƒ◊•…CÂGˆ«5◊®Ë åf®h(Àwﬂk5öe⁄ãV±j/æ„C±{åK˙ƒÓÙCëÀMß|“ÈÜ…„¶R◊ÜkQïá∂ÙŒ—Z”∆e˜∂n·wçhÆøçπvP2Nﬁîñ {«VÜ≤§ﬁÑ‡⁄#‚]kvÏŸ¨Ï˛⁄I%«·»Û:ÜﬁY≠BQÈF®h›òr˘u"'s ]¶@\ 
Í§R»Ô≥yO,¯”L›du8FïFv´„˜PS¿«Á,á√ËV•
&ﬁ8ì§¥6Âıôÿ_5Ì+°T∞∆øN;Eí
í[NB•RÌ+™√e
æ¿(Œ˘ø€≤W˚†6( üˇ≤⁄⁄6qÁ8ªbA⁄“^•çïu≤}ÈÆDíÖ}í˝U4Ç‡Ã/c¿üª°9Ûπò˝ò‡ús¿,∏H⁄˘ÿ¡≠?<`:bèµÜ&ÑãáÈRÛs4>lÙwåÂUö^§'„9Ò‰˙fƒ6µ…AM:Öò&
ô∞·~
ÑË≤™ﬁUÔÌ4gw ÆÊå5Æ Jyä≠¥√–âJ≥/} bôÓ!éú$Å8y“cø‘à#ˇ–P§À†fíƒü˝~7àEØF‚K-gÍé‚I T9¢œEêÁ∆y5`˘;è”¸L‘µ	f•»pπˇÊ2êÚkÂWŸ¥TäXdvÏºÉº∑ﬁe_Í'≠`ﬁ:%°K·˛¯#9 BºK≈âÚB4sÃ#i©9(:h¸ÜgôSW%SÂK$cò¬oÀ£`"∂RË£„ÂFòF0úvÌF()wnã;Ôöï»±û9wocâÔ¥2∞ÓMx–QéŸL£ˇòAÕ«∑sí®"•ª«˛I¸HoJn cä$7Döám∂£
ÔY¯z+QDf:CÖ‹Î.,Vç}yqeàº-|¬¬Ü…‹;Á/è,îÍ=JO" õµô‰Ï!„$˘—Oôg•bÍé„)ìànú¿‚'b¨;(<h©@IÑ¢ÉHåNÃI»ƒî>ªıáá˛º{¡ÑgÛ˙${”R·Ë.œJ.?ÜQå˜`ú
õKáïg•∂V⁄0ﬁ∫◊ú˛˛h9ìπ≥MqÔê!]9æl…∂\I7{z©Ã%©ÛkÌ∞VjîAˆûbRπ3x˙Çá·èﬂÕEÇàk˚vÂÄSù5o∂µ=E€’ç 3ÁÃ‘r
ßç,a≈W÷›ÂÃlQ”O«mò*)·Ù/◊’çV≈ç^'Âãbıã+ò•ºÖbÈ~?≈
Èï˚uÑàﬂÓïn¥Â‹+·ù=Ãlò£/[§d≠ÂOﬂ8ˇ´;∫‡yæ>-í{hURx∏N£0é/πV]6pG~ıÕ;D®¶‡yÑ.≠Tyàu®ëKwJ√1äÙπÀ™÷;…BßK7â∏x÷∫ÚjƒÂ"‚—¡5Œ˚!˛ˆ£—ﬁ&=ÛxÚÅ©h¡ŸãÕJ#…TLˇê∆O?Ñ« 3ëóÀ%>≈î´~]˜≠sæI> OKè3Ω)#„3ÖòuW∏«ùig|YH7±–ıD gç˘?ˇTÌlO<{>é#VûMÇàW›ˇ>U>Ç;”ƒbÍ26fıÔ¿ûWlﬁgOg•ªMÂŸ«–»Ÿça„äw∫Ê3Æ	 ‹+ÆW◊wàââ¢GYD0YûCÙ}ŸüêS¸¢Î⁄®—‚•kı5(æ˙™†Ç^_íÖ∆ÿWD¬ºœãwù(9¸ªØ$@a¨ùÚv
óŸ*Óö5üf†ÂWπ9®O√Q‚·h≈f≤ÂÊî¬µ$âLŸ∫V;§íeÊè Tâu<º^BY∂…¯naVq éA‡N†ñ‘G/hzZdÕ©™z‹i†xΩTbﬁ™Otø∑seN‘@ã5G~x∆Ô˚QÄÏVønãué÷—>Ë˚≈‹∏ß}K2cUIÅU9◊&+/}∏íW÷ÿé…VœÕ£å˙tñµﬁ^Ës{ÀÕÏ·E™¿Ö[€ƒ©	ÕM –·^($\i<ÈR¬ØÛK‘Óx⁄=±-8îåL‰4«8”n mê#›Ü(IkÖ{Wï∏o^¬•úÑü{ÒM©0	øäÏ ßÜœˇﬂÕ ‡<,âB‰ƒ1@D‹(å[∂∏ÖŒ)w’wçA2qòﬂ2oSâ„≠Üà!¿y¡øYËóñ∞J;–{¬S˚„åR	?”ñàÀ"r§üÙOìlh
71±¥M¸@¯c∏˙ñ*û@C`O=ái›;øjØm⁄8[ u˙÷ÉEÑ¸|Ÿ¬êÕÏ”Ó)Æûy‡™`Ç\/µ˝^“7Ê ¿Ú√´!ÏW¡ÖIΩPfGW CO“ô%NÄ
†z‰:	ÿDŸRL¸ÅüΩ1‚Dˆ˛ÈüœnŒv@R¸,Cdµ@˙ˇ‡?0 ˝ìÄKc¡´(–ƒ¡“4Åx)‹$»Ñ%5ÃdùÁ\÷√\ìt3/1‚nÔ\Õú_Æ Ë"¸FoßŒ≈⁄¯±ê‚Íj€F.60ïÍré¯_í"8∫‘Òª∞¡Rÿ¢Å{2çØˆê†´˜õ`LlOb7æaeå3¡'∏M9XﬁÕ◊ $£∂ØÿıΩ<ΩPkÊxÖ˚‚uÜ.‹{l¯	™∂áèQ‚RÀòÑ]ëÜ§*dπO™ZaÇùÙY`tù€Í÷Zí º2≠6ºæGË™ß	–@üÿÕY ·≥Ωnfcã>ú!ÓPIUÎúµ‘“˜ü!ªd[k1»y∏=É‹ØUÕ‹√ D@¿…x %Áêí éÇπ…9"XV÷& GY*¸˝}(ÜtgRò>ˇÇΩHçnã˜‚“@ll–‰2A®È-£ïDŸ\8DØR´9H~1ƒÄ(!T5Õts¢ê[¬”D»î4ƒê†Ñi÷)Á|HìéÛ-CØ°˘_6UK˜AËÁglp27`YáK*ÁÿlY7ßΩ@I¢3jO8∞¿J¿üºÎØXú\í¢\ìÏzΩ-ÛT§T:V˙¯®µÊö®5m!3b¨38•.Ò ⁄É«˝J‘ƒ”Ñ¯Ÿ¡:ıµsÿﬁ¢ŒÂV~Ã‚ …√˘ÒPclËU‰∆∫·vFsn±∏˝˙Ò∆fˆ¿u’˝Òp≥VÒ5J√[0{ O)¢ì¨æÛ®=/€ı)OUˆı≤ì≈˛√õµﬂgK‹≥áç[´;}àÆé¬ªÚM
0Cˇ/ª?3èˇ›˚yRV˘˚ˇ∏˜Û:· ˇÎ\É[Ω\sdQë>.∫û∂„{ë¥cŒ!®!SﬁÀﬁ=¥./^âÅ√õΩù˚S!Ú≤Ñõ1ˆ‚öIg√Ô-a¯ÀÏ ¥*áw‡#€‹ÙÙ±ú~ÆèáE∂æœﬂXZqy«¿Ñ¢ª]_kÔ0n∫Wfø ï¨Íº8j˜ÀV¸À0$√“AÒ}â%Û[xÖGÍ'ªGè≠˝l#ó•ºoﬂ˝Uå‹Ø»¢R∫à5Slg"æq€ı9Ñ‹‡wp≠°È›}€H®$¸sÛS∫ã¯◊4√õ.”ÑÉ±ÍV«¶≥±ÿµtw>≤ˆ™I^ÿ*UoJ[ká‚ó|Ãó=– a/µUÌ9á‚ÈîÙ‹Tö}ÊÃ˚Ær°›≥rUIˆqKíÔã≤ˆ‡Hwõ÷|Àäˇ†!}|.—∆ºã±YÀæ‚è˜oÏ˛.ŸgêtG"ßË.ò!|˛imrœ˘nÈ/Àé≠ﬁØ∞œ´Ûõ.È“π9âØÕu⁄\yß3˛¥Ki%t§3(E¨Áˆ¥⁄Aö4 Y\π0»ı;ßc⁄º6£∆≈Å©ûc<∫&If∫¿ˇ˝7ÓIlÖoˇ˛=`æa‡Ï
Œ3Óˆëo,S8˛·ºh„;Bn"4º4yÌ¡xj’7Z{ÖoU@g˜i3:‰ôsMàGÙmîQ]Ñ¬~?O˚˘9˙7¨Ω<~ia%à8 ^~\ªÿ"¨€ŸtÓ‘%ÈÎ´}äﬁ+tú[•≈T≤œ¿Gñß§œ≤æ:÷•&N˚ÏôfUT^Õ6è:¸u∏t“Ω:;9i‘Í›i’Ô∫ß?‹~˚Ã˛É—p
3–ØπÜÚ\v52¥†w”Ö“´j'–[7ù-Cò≤U˜iolˇfv©Œá∑ÉÕp•2ô2¸≤≠!◊ãı‹£«æE‚ ≈<4ûác›Sπxù]«´M>‹›uæŒ¥
$Ò˛”§Û-É"y•±¬'7⁄◊º˜‚:…ÈÛ…§–"ÖeC(YÙGT0√\∏ õ’Xåd
Ç©no-üÀÉVÇ˘MÀ£:“µπ≥K5£‰ùÀYﬁ'uÔqJÒ#¯víxa~¯BXªOüåûÁ`öù!1t∑ªÜeñ¢e}§*¶·&ÜN"N

!ÆπÍù¸=ØÃe<ÑÌ¡≤çP¿úzﬂ›œx°‘ã°†u~N.ËƒS0∂ìud&k;R≥$ehwøˆ/n%RﬁÌŸ»4àÆ†…ÅŒ¶äevNe≈°◊O≈œ§#aäJ†KöXhº)ìÖ_ßïXIµ.ü¢KúXNÂ˛M∏z^O€8"pd
/≈ÚÓ ﬂ€ôΩÍ¯ºgÙÍ‚´.6Ëx’ga¡gÄ_g’‚b>2À¸v‰‡c'ìsë∂¿ëw¡¢˚ÎK7-Æ√›Í≈öﬂÎ⁄´P Ï^Ê¨yeÊŒØı‰¶g≠™wMèb◊ÔŒ.,|^üÔ∆Ô]¿W˜£Ç]B™ØdAeCm=¶Ô‘_Ôæ‹œ](û)ç3$‘ºúK)€VU!ˆvE)≠	Ù&¸Yø>kÌysøÌƒ˚$´Á¸∏√ﬂ‰<;¥3„ û~†˚ú∂^aŒGΩª‡„πâŸö∆%ª∑':¶—üqeÍ£1e^¥h>ÁÂØÃQ?uhRïSXçW¨¥RÜ«§œ^Gêµﬁ;	˘ÍÕ}íE?9x:r—WZ€ªzòÒX ﬂ8,ÒΩÙπﬁÄH¢„Ô{S∫ﬁö{‚-óﬁ:Û2Ï>,>TÎÆˇTc+·ºØ}ÏvòE4ùó‹|rO§¿`O¨>K∑ø_yXÿ1ıèÃ{peØG¨BL°µ¯ÍtÈtû˜Y¢oi¬,â5,>ö˛(∏ßÛMA¢êwÛ7Óóá=Ö⁄∏x[µ£çfƒmîeéßB“Ò’ÃÏHÜ†°∏â(œ––ØV¬MÓ}˜Í∆Ù}6ﬁ{91(ŒöyÌ%Ë⁄wÙJ]ë©≥9üù-ıÑ9?Ã]<<‹_W8sí`(ÖËjÑ∑ÛÔE±öÿÖﬂ¥¥NbóTv¯íÔ¢ı†‹3J√J"•Ë6∑tâò™œNÌCÍKêà@éßØÿü\Ñ‡Uì÷ºö{ß5õ¡ff,µ∞èl¸Æﬁ8áÂ~…ÁÉÜ©´Vƒ°ŒjJ’+6+bï⁄@Í+” ¸mz"Ë∫üÇn∑`â6∑ü3∆5„&DıGp„h⁄àiR7L#N	Ûµ∆¥ rF·cˇœåu4 VìÍP∫@◊Ù`’†ˇçÅå[¯ ∑Ïnù<3ˇ∂Ê-‡ﬁQ∞∫ ±Ji`ÊÃ[‡˝,X›ñL˝ã:hÖÒÎ_ÀÄ‰.ê|öª©æÑî9G!‹∏ ¨ô8Yª…¿kì˙ØËWÊª†Pç öN"‰±QÎ®bÉ%E¸‘´t¶Æ-£†~æot‚ :4é˛~ˇVﬁ¸%'ms±8ÁËµi=yJ˛JÇ&¯‘cøôb˘h>BÙ^\ò?ûÖ„äe~Df¬qõjc4Ÿ3*vÜ‰$BœCÁŒæŸhÓ^£‡èˇúÌáßa @¢…√Å⁄˘
÷≤Ï˛˜ç≈åNŒœ1Ën‡Å¨•†·o»Õ·,öWø{@‡ËqîÑπ8  NMÈµ{ˆ–;‰Ét6LK≈?∫ƒYr–=(ö¢9M·◊S; √$ñáﬂSœ£≥ Î“IæÎå¬∫Ä3ÉOú≈⁄Rı'ñåÛƒ-Ãd A§eÏgéXf?®(à~‘*1iÂæW~‘
>\¿No°Ä≈≤ÂzTÇ8“l˚–dåáø[≈§”CtÓ{µÑÿ0‘„–å‰?Öˇ˛2n‘
K√º
ƒïá”l‹õÒó˛‘ˆGñ»ø,ŒÃØëv;Wbåªh∫3•Ub>‹m¢r‹ù√¢…„S^ıô~¥íLÔPÑºARıŸ≤˝ÍDDö∞ûΩ}J"y#πŒyû2?ˇÉ·«ô◊√ÚKWùƒÙ\V›Èö’—´uÂŸî/π‹ÓõÖ©c— Zm6}Ä[®—daKC ˚gˆ∑g :oâgåÏw›q ·+◊b«	`Æ÷$∏ä¿N⁄+»_lw¨∂	êÑ˚˝of.f |–>¿ôA¢e◊byƒoÙ—q;§b˚hÎÏπòra¸ns5∆kBËq5f7¨"Î€£óÿOæx·ŸÂßú¨πOm^OC∏Àˆ™"wJq…ûHnæm“≥_…
ÔH|kóÿJ	‚9ñ¯øNÍ1Õp‚ˇvπƒ&YuÔNéhpT˚ÏŸø·⁄Î8TNËäös‘PeDú”≈n3óÆ”¢Yag^Á›ÒRù6·ßuÂ‰ôi$¨∫Y4~KªVˇ¨ÛÒD˘¨Y!cMÒ|Ω€YË(¶¥\Æ—~XÕn’9Ó;mﬂºÁijÄs$è5*‹ÿZÓ”™P{´îÅ{dò/¨>EcVIHIv®õ?z"ΩÎöôk≠ïÛ≠tRÈyøﬁé
9ÿÌW˛ôáv2Qïst∞ı†„ ®±ºﬂhd ﬂ…hˇº9l∆_"‘óN<-ÔõûäÉPŒzfÓó≠®UZ˚	7Î0«ø√&˚ÈQ`,:“µ DàlaFÿI†ÿÉ êÈ˙ç#Û\éé∫cGËˇJ %ö°˝‘:ÎÇF¿AkWU&´ø
–„1ûqMÔöÙOÀÓ¢ÇS–ƒ
kpﬁ{K¿Ãï06a‘-!<a4üKÏ∑‹]zx@ïb˜cQÒ√Ãë.Àîè6UÕÉêümìΩ¿Õ/ÿ4‡˜˚7ìu*µ¢Ä‰'ı\ŒZF≈®*°?˛Ê?6ÿ∞q$t*∞úπúD~S˛Æ¢B`∆¬˘“ºÖb„±mà0Äjº¸¢+JÂ>¢3å©z2ú÷)Ãíc+·. L«ã0rêË=◊ßVwJ‡†"Ù07BTŸŒ§?Ω¶Ä/”◊<dY98)$‡Ó¨ãõ`Ò]ÑC$ı∏¥Hˇ·Hÿq^Àí3í``b~Õˆi*3÷*("#9:'n™O96Ø¸ÍS—ØÛ…ı>$¥´¨ 0òπ§àÇ∆©¯Ô˝(éÔÄ_‰¨I¢Íå‹Äümo9ƒ7Qo˛˙é∫:r	º¶‚ÀVq® t¡åDvÕü"©DÔ0Ω2'±«y°åFC1!‘*`ê5Ë¶≤;V!|*âñÿwÒD›·\!ÄJdŒÄÿfÓÑäØ`kÙ+ë;∫M"Ÿ˛Y]˚nˇ_j\g<À¿ƒò~Eüù¡O9\rîû‰¬/œr6dßoé≥J	Î…êî5œK|]X˝RBJn‹ö,)<v”´Æ»£U—Ô⁄ï0Ó≠’'ÙD<6zÈŒÔD?∏Ó¸Çb⁄¸s`[\¸Ks¯˙3l¡É–´x	©ΩÖﬂaÄZ,~xÎŸ[n%’O≠cŸ4›Óœ~˙q[+¥yôß∆q[B•ÉéGalœŸçÉ´|—LN˙bo1fØ?∫ÆlÖì˘˘ÿÆUÒ.Ôl;ê`úåyΩ6gûë
»qnÓ¶≈ëª#n≈IGwâÚ€≠TÂÏ≠øµ& ÷7d˛xùHbù·:€'£ƒ˚æk◊y„€lc°Ï∂!ı¶∞´‡˛SÔj7F‹¸«E’Cåπcs«¸ƒ<™ˆñ*´“5„ˆ,L7˘´õßaózç^ﬂ)U´À¬‡—(Óu|EW:ª9Õ£ï“;U€·„µ3 }¯µüMù›KÃØ√¸À≈ﬂT5SM∞´‘Iü$–ò{Ü1WˇÆkÂ¨ˇ~ñ¥r\0ï@´R0Î3"ÎeÛ∂Dﬁ$ı°¶»˛´-ræÁf‚jsÎ#ûrIk[è◊‚ò˘LG¥JÉ‰§ÍÁr≤–ö?£;ó∏¡^®x∫Ç∏˛ÓÂÌ;‚CΩÒmÕÙïÎ†‰naïﬁòÕëÄ)|ûßÚÔd@Ö£c%Úz6ÒwKÉjáï ù£IÄá:·Ç˛Üí˘√ç F¢Yt8ﬂp§\}Øi9ëáë)9@Ú˚©úàäzY≥Ä#˝¡úv’÷∫0Á™ñPM›˛∏ë%…N ûÁ<B≥‰Ñèö¬©õ™√ÄVÄÛì£ïàåà
7¨5'Û@ç†Ë¥‰¶É‚˜b;>∑Kc|Iﬁ6€$‡*ØÁ,ûIùJ
°T«ª†yŸ£|””ŸEÏß|˝Ç	PC‚±1êG<ÏùAØ¯ë†öT§Ù˛A	õÏ(T;‚d(&øÛòÍh jÕ>@ 6O€Ê%l˝”∫	ºπT>‹âË}qOÏ9[[z	oŸºÍËq†◊@Ä€iÒ¥qzè,Ä|N,rà‹mÊC™ ≤YdÙ°Lõ˚X6ï›ox€≠X/Î&¡(«ˇ´Gú‡(yIúb%∂+ ˝PIu%-ﬁhæ¢=#ÏÌYOôóuD€ÙMæ9¸≥¶=)<‹éªã&àO€ø8ÃéG˚K–›QKê€ôii∑Ì†Y<=À`¶ã•)âºy–3‰Q®À>¡ #O6¿ å√:hò∏üt5áÿ^/uÅıâ;é≠VÃ9HˇCÄ§§⁄.O?≥1∏@û€Y›N@ö	K~ N; ãó)B0ìƒóﬂü†)äç6n@ï˛Ò˙Èó®1@ò~l€ ±C¯Rgµz‹A πÛˆH–á"∞≤!u~K$ G_B¨X°∂ pÖÚŒfæzP*NIP”âRä”Ú˘ÉŒêâG$ôÖâ®£nP·$∂2ÚdsóE‘¨ v≤A˜—ÉµxM›ƒ(∆¢â6∞Üü‹ø¿&ì¯≈‚"öπ9ÚÉ“ÿL‚_ÇÿÈ˘õ¸≤÷zÜ%—*´3©•ëáÍ4èˆÈ:¬GïU˝ÒH∂ı¿≤läÆfKΩàÆ¶˜Ë≈Q¡@°Ú8»A!ûÄ-ÀcCÆ«·ìMW9¬±Äd»Á√uˇz¡y2òÒ˜q™»˛nÀKπóöˇÙ!Å]ú;â˝$;˛∂ IŸÉ⁄>é±Á∞}û• ÔÈÓ”}uêÀ;L?´8˜qVA`LÄQåö¿«Åx]pƒ{(HºGÇ‰ü®ç@ø≥–ç˙`i|i·‰·@õqﬁÒ˛ƒﬂÌÑÇ‰f#MçX]⁄ìÇ7¶`÷ò≠ @˘x^∫O	fö≠?Ú¶:HA£-∫J ¿öÉ]…%ÅÑcìcåÖ¶Cto?”iypc|ﬂÙß$Pò∏ã4##°nh˚Xk/7’á˘“U–µï1õêÂ"¬öﬁΩÚ
≥/ó)b‚”üë`ﬂr…TEfç[Ú±Ö√◊Z]ﬂ¨‰`\·ëŸÎÓÁc}ËóÕsG;Âì~¸+ç7E›+kjÖåœ≥˝ûØz˛™ﬂ}\SûSX›m*)‚?ŸgŒ÷Íj(ˆ]œc3œ'8=_€Yp9}ÒÈ–òé°åÿQ‡Ì8.€4o1Ù3kß|-XX1“ıSJ?»ﬂ|«›ó›∂n†‘IØõÛ(yæÌS, ËÃﬁÛ &+vÙ∫˚äcæ%jPN~Ê˛ç#¶ÿòípôdﬂõcÆ∫’—Ôƒ‡≠[ìIyÛ3È8$WÏòWπ£˛çäﬂŒQÕf–$≥LÚB-@uÆ/ÖÊ{aÑí9èìÙ~Ç≤˛»R!R¬‹A÷zŸÄùH≠⁄?‹Æü™Ó… !±új≥–$uXò˙ı’d∂“ã$ãh( 4≥J˛pMÄm∆p.≠\z$±¥¯O¯F˚è/ÚtÔîÿ#?vªÁãõÏgπ@O∫πZ1jÌáà7¿TˆÑÍ7”M©B§†˙7û≠∆Qz#w8£ã~ˇòØÏ5ÿ…ÛìàÁûf.¶\ ◊	é•Môˇºñerû@∫ÂÃïñ%U{C¿{ÑfËÜnúb/ÚÊ
ê!ë˜Ú¬Hd˜ÆQ
úÇñ£#Ú∑	 ©øº∏Z	0E§ê≥û1÷ä•ª,åÇù{—ã„›–"'F≤ZD÷ß∞(åp˚÷-„Ö≈á˘áÏÊ«áPh∑kwœ¡’9y…à´¯}ÇˆA—ö˘›kHÇ6‘ˆy-ÎF¸±‹8”ü¡∆b˘E¶ıù1t
QTÏ8≤Ë!L*4oæ¬p¡2˝7∏“A	q3ôÇ4‚L∂Íû9:hÄÃÑD*!˘gz…+≠±©˚Ì˛⁄Ïúw÷vÏ~VÉ”o<f>êáŒ“µùor‹&B•?Ã•≈C∫€∏ufB‡êÿ]ÊPM¶\–ñã-Lk›∆BMLàÅs®t[ >Ö⁄/ﬂÕ¿““ûM⁄ÕﬂØëc†ÁiÄàìi«–€:◊Ì˛|3
∆5”¸˝mº•‘ZæËD·π≠
£ÖÖ»ù%qÃÏwO÷îÛ®iœaË≈åøI9ÆúÁLÅáDü„B‰0(%Ã€—∏$Ñôˆ'ÎÍ…ê'ÑØˇÄ5<R™˛ÈõQê˘À¬[àV"–ÀªX¯·B¥oŒπÎí%ıÈ'~…˛/˚å/ ò›NﬁWvD»ïnÂ±dâ=Às∆ªFF3˛$B9›_®ƒﬂp!@ Ü¬¡˜I„//'‡™ÚkQU∫ÜôÚ1Œ;|]ÃTö'n¬^≈¨ÒÄqf^2$·ıÃ˛µän˝“‡ëk∞,Â3√∆J6Î?^›ÿ† ò¨ˇ“F ‘,$S]îyƒ7ªG´çw≥À%∞SîÓv]<˜j?Êçö’¥ï
–¨SøßkyuaXˇM´”ìıÄØa*nÖbnè≥ÙE…Fs˚øÌ"4 %uöd&¸⁄àè›Ï9ø⁄n=å‚Ë[{jà„√M] Jy–ÆÀá
∞Kpuƒ°ŸRÂ
%ìﬂ89uöÍø·î≥[/9R.¿  p„X¡˝ñÀñÀ/dp>]{!Ú#Yôg∆„ˆW≥◊û?≠Ôù\∏Hî?û]=x/∫€ÛüÌıçf≤Ò7çÙ¡∆DÁ}ª>ÿe0bÀ|4 ‘Ëdèp˙î,:È´ZŒÂ§À>˚©2§˜œŒéo<û`“–)˜|-Õ¬]9;∆1˜| Iˆvàd,j}*Ÿ-1è1ı∫·é#6§`ÄÖëq˜_aˇÛqı%{2Ç£:v~^WQmò«»˛_5yø7`æ´ò∏K“R“∏”6ˇ$5¸ÚùÁ¨wîvtUﬂ}°fg÷ÔÓenU∆ôì)¨LÙµ!Êâeø’YΩtW”´ iòjõﬁ#´~ˆ—ñ‘øàøôñ±u⁄üwËÙâênÅ'%Í∑|≈rŒÌ™Õ/¡G<£√ù‡ ¯®^zÃ^+—á“ÿ=‹	#‚™r7wÄ1˙ÁHØRhµÈÿåS¨/q∆mòı∏ˆ*è¨^nrLå^ eÄ•íTYÆ ir]™'nr‡≈À(Çœáœ¢b€òh>ΩÄÁõ= ?¸ªÑ·õ}°˚¶ûºbiÏwOá÷ç˙JÑ#:<]?ÍXÆ^ÓÁB)t o^üÔƒ^£›_E[[;õSç⁄#ÿﬂÊ%è‹	øﬁá
>,ºûlÔﬁﬁO÷iŒøÌs-ä-ø˙æ2y>ÏvÉ_È~∂äzr
ÆÆÒæ>Xﬂe?≠•u	âÆ6Ωﬁ_0æúﬂòﬁ-uÙÓ˝9ÌY›>°ÃKô≥∏Z€õ‘,MO_Éü”G¨»:~f+ÓNƒoúUöO◊y∞ÊΩòø~≈¥`Ω÷õX lÁ{˘rv~œ¥ËwqπsÒªÿ©ôR$˚}’Z{Ü∑àG·Gå¨èùu ~Î-fëÔû±"›⁄&Ïªû/	ˆŒ*C-ëπiíßÎF‹S˛pô¯>^πpFà›÷‡˛©€®Ú”MÌ˘“yµπ@ËË]%^ »\ü›~„@»Ëˆ≠ùˇ,;≠«âOÔΩC˚ÑVóW–ïŒ¶Ô·KO‚Zl‘¶òÏ ìÎΩ˜Â·√À›ö{¸	ÒP¥Wá˝w/Ò a˝OµKŸ˚}#A[Cú/ÀûåC[d?púWå∂B–≠∆OsjøH{⁄∑ù‰\∆U»=ü-Â1O◊Ñ•õ˙(“[TÒá˜Ûˇ˝åÔgB+£(õœ[™G^Á2∞^ ùA?ñ<ÓV&=^≥æ`]n+l—ˆ˜*j‹Ì†◊¢Õk≠¶g¡˛õ°]ññÌïmìßΩû Ñˇ[{Yã∂ÙèëóQ|Ôñ–'l«¬ÍWwNw[Ã“◊~âµ/.â§∂˚⁄Ò‘‘Ùö˚§æm}À—Uù7çˆgÌ)Ã„s%ây|ˆ"∂G6ñv—ÕaÏ”¨ñë¥˘d;óeY‡•ÿúîX3ˆ’¶˜≤Ñ≈ì‘Ôˆçø∑|-~uÊYÜŸ¨Ñªvsååu}õ'7ÊS  E™™Ø/≤ó=ÓÎÏ¡\¬^…Buröféæ≤”∂åÚ«‰‘§Ù‹UÚöbYŒbCcK FÌô S]9—6Tã√Cvøw›ù;I'e6,£¢iø~7Äª™p«nÔ±‚>[Ï®úÒ¡ÃlU2ô¨ê6“Pë?€àVßmi¥uFg¥÷º)˜˚ò¡ºå 9ÈË∫ï¥;ù{Ãô(Ôô„Ò~¢iÏﬁØV Lï˘å”+ƒ\=ÏbªE ÑvH-ä≈ Æk£∂·»mç‡0ê–À	Ï.'æiáë>ú-e
7ΩQÌßãg- ˝◊˝≤Â\Â:.¬ÓÇ”ß˛Ÿ≈ãx∫g≥Z(;Ìô¨±/„∞ÇÇé}l©7≥…d›e Kı‚8mL¸ç	÷Aƒ6á•3|à˙≠LXåx@]Ìç ªÿ¨Ú§Â∑ÔªZR›¯DÒw2ëÂs∞I,?ÍÔåwΩlCJπ∞U2Uëı3wΩ¥Îg&˚‰7›=hETZ}S¯ßÄ+õ_
Í¬Í
„∆vÑîDy˚PöÃzS$]sê^≤≥–≠<ﬂÈ◊˜áœ®Mˇi8®‡“ÀF ≠©y^+±[˘…Ù>Jt ¿l8´∫∂ë(√± ŒÌ/Iôz‚ΩÏœK§∫≤hã¿Aw*!›s#±0>@¡s◊∆PO†⁄´äÄjæ)c§0G_ò@ïô1"D3_îMj°ÏéÙÖ)9∫°«˘π@â;P{¥á´*›Ûï‹⁄pâ\6˘ıŒ®π∞JÛ¶)“òãPIŸ¿=<]÷M1›˛Ùi«ª†ÒY~¿ENg∆î¿Ë~@
RÀàq’ß∆ó‰U
Ü4ıΩÉ˚ãœíZŸE;ù≥´UFmı¥\Õ¸¯ã\©∞#—ñëÄÂ«ıUU¨ÉOõÀÅ3+Æòê∏`)iâ∆ê±˘H‡éøclÚTÓ8‰*5Å–⁄úüUÊÑÂ1˚«?¯„_sÅ¢e¸æâÚò“¢{ö_“2˙PÇtïúy=∂˙w˝oœP•{<ÙËk«7®W4∂<”†p<÷≈•—çjX˙ΩÏ|∏w·B(êäA#ƒå:uè«}ı™¡(VÔa˝Å€ÄP,◊3µ˚aô›∫C‚ÛC∫¨fŸ>kóÁﬂ›’oüû≤öO~]b™ÊÔå]ï≤OWuÆ@[Lˇ∫§ÃN7ße{§ﬁoÔz∑iõ1≈◊˛ÕÜæ¥ç{ÁÔOÑïwuÁu«º£˝„>á‚#ﬂ◊∞·`+d,lgÈ*0äÏNÀ°I›x˜≥mLº¿kí^*¨Ë…ô‡hH:à§†ø0˙ıÄé∑´(Í—ÃrÎ √÷)≈üØ
Óå°Ò∏ºAïQ§∞©Ø9¬≈G¿Uhold0Æ»≈}™óTl·fA.à…‘;y<ê-TNÑ±l¬hß·A(îåj≥£+Ñ!#,¯3°(XQv¡1D»˙¥$gÅÉÛJ!['fÍÄß∫<yÚÌ“˚Kb1ò5´ëv>Ù" ¡Ô{è¸Ê°lÀÁÌ“*∫≠Ñ≈'ì§ËÜ≠&Â`Wuc¸Kﬂz´Fb®IëZrÙtt®GãÇªGGUœª˜Óô;g^˝–PVfYZ´û´ö0PßÔR°åçÙ}I<™˚†¸gl©:‚hõ´x:Ã>€àŒ≥r3Œ%Ew(mı∆\	G•Ó9™—≥wÂzHqÚç€w<x•ôﬁÒ¯–ºŸ^qÆ¸≈Oü∂∂øΩyê§(;?
µ{C^P_áè	>û\ˇãˆR'Çe⁄„∏£∑$`ıÔ∫‘ºzß∫‡<Ø¯@fL¢QVÍ¨ŸÛìÄŸπ´-òÊd“µÿ‰ÊZ◊jÅ˘∑]E~LŸáûqò¡&
qjÏáœ¡êı∫Ì◊Â EdF µâxjÁ¿€I!πŒB%1ß“b√ê†LAæıaõUªßÌP¥|2p'Á‘åèˆgƒ]øèdâµÀpq+ÅBÓ=Ó∆/sF} d’∏≈†ÔwCm·àï¿¯y|˛éÔfπ›
ﬁåâ†KûÑmÜ4è§a°+üÃ•a KJãÑP(:ùP,Õ˘Ëë∆·íXtfM,+∏\ß¬œA≠Í±ö©¸é™Âgı;˜~|ù Å_‹qO≈GØ+Øjj∫lëRî`√=
»òô ¬ã_4÷{©»ò	ˆ˜z›ãâ&êé‘úYúÊ´8âCá=À®™Ÿ/'jï…◊U¨6	J
8tt©JB◊UjåªWGªÑ¯õ.π⁄uÌyæOΩ'gZpg–ƒ‚ò“F§V&ı.üûÄ6âvi U·Ö¢Ñ»|-&‚†ìˇÈ–™	ÖœÇ¥MS&†.Æ˛?èï∏©¬iI/xÛx2-éTÿê∆£IM=À2izÕ–?9êHJËb%:Ï◊É„$ˇ”ÛôÆ3¶SR à2Ö¨p¥üQ ∆cp	 ·ﬁm3õ`ÖÅ\|3™çÂûmü`·	l˜Ê|PCÆÌÚå y êïÏQâ˛/elÓ'û{∆`˚^˛#—;ãÂá@ØÑ§ä˜,&è»Å¢#ØèÆª˝?%˙dûäO”aI@òÆıÍ6˛˛APkß¶ÒKë0ËEöÏ⁄XŒ›1âsÄ—'?±IÊ‚2ÈC¿Ü~Ï~ŒäL√–*Ãy8PÆ~ôß†&
∆_ÙˆD(ª¡wYw†cM/¯Îÿ˜rwG†:ûiíºö¸2°∫@≠Up%”íπ≥´L¨x-©!∑ÓeÚè>9/-©A(äLòzèß¿≥¶*7Îhºøy+du%ˆa'Ωôç)∂∑,èI-ˇ;√Ç`[u ·ùÒèÑ(ﬂ*TºãÍ°dR^7(ZBÉn|} ôéÙ>ˇÇ∞W∂QGï~ßÑ¬ÄªÈDp	ÄX±$Aj˝TzÇ©Ø2üUÓJjÑH¬≈ÿ’“Oe˛@≈OvC¯NÂﬂF*Ä÷—zZ,˛†ºÍ•˘á„õjΩÜ‡_WDìQà™p¶´t.ñ%YSG´´=c"¿CÍ› û4∆ª© W«‘|Ã˛x~-±Bö&ƒÒ˙…‰_{ˆN—ˇ¯˜«∂‚‘Ÿ[ê<¥0‹ÛóŸÄx`U~ı†Ã˘‡˝èèßFfÊ°«^Å_3sœÇ˛3⁄‰*iÅ:˙í—ºï”L,œó°Ã˙ElñH—ﬁê^¬VX,ì∏àÙ¿¢‹Jê_R°g5⁄W“‚H	>†ö9¡~ JöêÎ≠± VtoW≥∂ eáQπq¿1  AˇgYœ¡jï”Ëé%•«êÜ⁄‘˘˝∫*t®ãœ/o‘¢‘wÑ¢jßﬁ˙ˇr]ÙßIR◊¿3
«_äpÆbƒPhV⁄”&Gxq´Ä2˝≠4Úﬂ◊”–•E˚â©@⁄∫&ñmÈCö‡¬pD’K£ˇzÑ‹L’õ·ò9æ≈äLMd imˇPT#&¸ÉÏlbLÈK–üπläÔáÇ"§_Ç®ƒπÛô*Qˆ‡î<ïBÉÌø¨Ì
O2#Á∂? î˜¸8¸˚ûÀZ’DÖ&s•≈ºçÇ«ü}I˙‚G píqà∫¡b,¢>*s≥Œû’ÔŸ∞†\ÌÑ(∫¡]?7!¸ƒTùlÊbß1(◊®UtZŸ\ÿ!≥9íNÓCÊ„x%üﬁÍeÛg¡Êµ∏iuqÓÑûhOZ·»j§!√âØ≥"ºÍi@¬∆=`’ºh2•Y&˜áÕl’Ù¯üjÃnƒV048\t'©>@:Á‘a˙{oÇ‡h‡Ø∫ﬁ◊˝„!”»ê¸˚2¿àÚgxv]Ñ˛„
éHÇhUÈﬁz1Û4Ωˇ° ”N´√ü¿ÊS`N4v8@!h¢ÛeºóëƒÏı{.¬®Ù‹YV÷iZ}Á≥·•K≈¶∂pŸ,GŒÊêVùÑÛ˚ÄüáÒ·˙÷Ï"ô_Ú”˘–õ`ıByÿ‡(¶»Œ¬€HÔIæ´ü¶⁄Ñb√<=ÛxÖÚ|Âπ1¢∞∫pú—ˆÁë6zxÜÙƒ¶x$ÊÅ˚‚‡πQÚµ√Qˆ˘<≈ÚœKÌªÕ<ÖæGTwCoˇ`é˛Ôõç‚Ëlﬂl©â∫BI{´‹e©¢ÜòvN±UQ?·≈b∞&rÓ8,Rü©ˇXc-Õ_Ñ$Œ˛≠M/§’!d[,?¸’˙ç∑å¶3Í≈‹√¡Dü/uUÂÔàBãGC$5=¥F«è‡h¨?ì9kòràÍ•∆È˜FIü’+◊±CÎ·BhbPÛÒÒ_g¨≈„¢ï˝PUTÍç©∑ãm¸øìò_§H°˙ôë%^ï¿¶±"1ıîZuOaÖá˚É‡ Ã£o2’àÉà¸Ÿ49~l*01ôëøT*âî†ÀòxFÔVyÜÉ/àîh¸¬ëøâ±&†V˛ÖdXå=˛w±Ò,ú™F2ú∫≈Ø{mŸNY)A≠Ìæ±ØÆûÜ dã¥òµ›‰Å Ëìß_æ,E√∞BX∏ßCH4˙â≤9 ı{]!∆í§íè∞/¿ââﬁQIâﬁ¡~bhqÁä¡Ò^=Ä7ìö/Í@∆éÖß–9¨º=è„î˘∆_3Õh∫E> z %d8ı	Í`eö8<ïJœfj7ENË¸){úm9ñ;SÇÔ≈≈~åö¿ÚT2{<˜ÕI_6ΩÒ`]9¥Ó}Ωp”Ó
MtG_d‡æ4‚xUlÕ-•a(<Ã|ﬁN˝˙˛É
6DùxœãùCEÚ},<j.4“·ÍùIè§"∂ ∞–èôEu‚ tA]≠r™Øo4æŒÈ©ºQÙ7>•d’F⁄âìPQx2£GΩÒJ≤˜ˇ±s›aM%_{-¢bc]¿v-à
	È!à&êMÇ
àxIn rc
.*´†Ë⁄E≈Æ äÂ'*ÍÆçUƒ^QÏ(6Ï(à‚™ãÌõõÑö†ﬂ?ãœc` ôπÁú˜ùsfÊÊÏ+Æ›#ÔY∑˛ˆ≤ªïÓM2ˇ¸-{èßy6î˝Æ9$%Øœú”°§–¯ Çm-⁄ıZÿ‹‚Òî¸ÛÆA[&øà∑‡(èºΩÚòƒ§´1qª˜*8ª&1g◊°”VÏ∂–R=¡ ôeùˇ©’•ò∏E/avGÌP§mo«GkÇ∫ÿâFŒSnŒ∂øﬁß]ª«=È3æÃr xû˛lÁ’ò≈[k,nX>XhΩ•O«•ê≥:9\≤>=cÛ¨NÅY˝f=ZZfﬂŒå-±µW˛vãeµaV≥è?∂]˙)°¿•ãÀñ∆!âdqé¡ãM√“≥6€µ
eﬂZ‹a^f´∂>r…~>ú‘Röf—Ã'©pÁÜ.Û∫ıôÊ¸L˙%∆‚\,#2&©–ım+)¡Í¨˝Ù!]~Ÿ36 
◊ô%<B8Jh%]õq<Dí,WåÛŸ«≥˙cﬂñ?5ÊÅ˝ÙmåÆË¡ø»å;nîyñ]ﬂµw ŒÃ~˝:{aˆ∂QGîª÷xm.è§•oÃXMøê|%Áˆø'¶0øÊﬂΩ∏#˘ﬂÄ´ˆóí£ù_µpÌ6R5ı~‹©ëÀ{n:w ßyÚπm‚‚ôœ¥≈Äh‚\ìüáNà"ÌõÍˆ˘√ﬁãó?|ôËøäœ¯ÚÈaÊ˚ïÕhü£⁄g¨ç*) –Q›^¸~;ÍΩÛêíìoOﬁΩı˛JŒ„3o]æË'Du‹;¥:dÃ ë!Öû#ããœù»õ˘@˜Ó "Ìø˘˛›◊O!≈è]üynç>~~ﬁ g◊ˇ{ag◊¡{Z»æ∏˙N≤zp—£ÉC˘}gÂl=˙…>wøùLúf?rBÁô“w'ÜkFæ€2¡-}|Ó·{£-ü∆l˝”°01E~øÛ¬¢O≤ÛJ4OKÌ˜n‹}UÓ–ó/ˆ˚ƒ˛ëÓå8•ãÀì7[¸CZs-÷‚AN¶{ÎwÙÀf
'≥∞¿;Yó[ãTÖ˙—ÕŸ>kˆ¨E8y[û{obÌ∏,t?≈≥ºñ~kÕÏC{¶µÍyt”A◊-ÚÖ≠û]/0~á«’‡™€^~O∞π∑^¥c´„Ä≈≠:MKHêL√µY∂∂ÀÄÊ”„√Wˆ«Y˜Nayµèûﬁc“9«Coªóå∏–G9 †/ó{uŒπîé-˜:jû<|©~øzÂÁ≠1≈+G=Xë$ú_¸^riìnIÅS«k´ûß‡ﬂ¨ı€≥ŒS÷∑Y8—/ÓÇ¸Ñ«ﬁ>G-zZt‘:t∏ıKûßó¸üÕ.]ˆBøhó¡ô˝¸÷Ë‘F£‚*°ŒˆAÀGıé≤ﬁÆKâÜySSùüﬂÎÔüõõ«ùÕ?Ä§p®oñ%Ï}Óœ;∏&Ô‹±p˜‚8ÍÇ=v€z›ür≥oQ‡Ogˇ˙)†’•æÒ.>GV'[1‚ˆ§oÛYö‡≥7u£Víê*ÂfŒx8(∆˙Ôu]ÉÆeŸ∂†Êá¸É∏˚#_g¨∂€¶¶Hø™|˙0≥_ä‡ﬂQmìŒ0ë7k/˙à<–s—°Qø5kûÏ¶Û.^9›° µΩhpHãò	B∆ÑM":∞{v+†ºévº>o1dèzÔ€Ω^Û'ıPä>ùæüsﬂøïê∂‰Uë¸Ó†}'Ô‹–qwrgıº∏ë∫9]≈“¯íí˝	’„À3æ∞ù2—ŒC’˜NYyHà}ıπhàt∑UÊÕâŸ˜ØÎ7txòÎ§jπxÔr¨◊üü92{oHÔ®È◊«ñ’ÊnM˚YóπÁ£øäw4èΩˆË¿j‘ÌPV‹|÷–}nõ{
o«lnw2ìu›ûEFO';C˚,ı¢|»ÈwQ˛‹=W0xjŒ>AlN˜iSSÁ›\·˛ívXeW—ûˆÀ¯≥∑¶<mY8´√Û˘wfªµHö∞Ÿ!®ó˚ò5 óøv8ªÎ»]∑P€Åøπu~K∆Ü√ãÓ«€ôz"Xv±7j˜°Ë¡Dœ∏°ΩwècÌWæpæÁ˛È97sﬁÔ©¥	„È˘∏WÁNNwø—ÅK|0Û‘Èáπsè˘Ω„∂Wæ˝˜’◊/ü;8ES‰Î÷∑àà…%h8g?‹ÿ>8∆5ÏÓ†nGãˇû—&˜ı w˙ÇWSu33NÓkı;!¶Àºá_"	ÔΩ’#g@,ªıV´“öît‹|o·_nâŸøf%ﬁ’≈vå…ù#åøıØ∫π∑ZúxLTúW&PGNeG,m˘u ÄÖ_^áŒù8ŒW∂Tó9Œ}LªSâ√|ó§,læ3Ik{){Ìülãˇ»èûmÎXËË4m≈Ûyß§=[ˇ/Ÿ˛Ì¢¬'Çè›W	⁄&K∆?í<ÁÁÈ}äÖ©Èè
ù…[¨åÈÎ6iÄõ∑´#¯∞∏ˇËc¶≈˛©3ÏV0Æc˘QS∞û/Ω»…é¥îî|°¨∏CÕÕ[·“˜ÆŒfú„yVøAs˜⁄l‹ÿ-•ÖbTI˚PÂË†w√vohô -8Mæv¯j∂„◊*cfp@ñ‹ÓöÂSÓ⁄˜s&˘-ÎÓ8'˜nAJ_ælÈ_EÛÙÕó∑REøâ/‚Ù7Y∫ÍÌÒ')Gó*HŸuA'?ènaìﬁ∂ß‘1iª{íïµã≥”ñ:∏˚í‹ºõé¬∑IÒÏ´=ù«_JRüŒö¯$ËEÜU»˙¨iIøo_¬vL◊Û≠⁄ºÛk7ó.≤Nò“gÂ∆Îñz8^ÒèØ⁄Ë0u˛ù3yƒåUYÔ≤ˇ=À:bGò£Ï∏í—ÌıãÂß&5KÔq·…í÷Üª©Ì ΩÚpCã=SOúgëéöÙèµ~Úù˜w¥W3Xqâ¥›;Ò/æ<ßÍ˙˚°Ø7£-ÔegmÓz7am≥‡Ê°m_,Ø&~º;˝i⁄#Î·≤sS;3ÌÏŒ¨Ì|4ÏÏõÙï/>¨>Û$¡fp\â`ﬂçßRc˛1lÃÌ√”n_d:ßΩ:¯Eb{|D⁄∞ùs}ïî˝˘∑áﬁún≥€œØÎ;∑Å—€F;ÛÊÖnÊD\˘Áˆ ÕÎì]/Üœßé~|ﬂ€∑˜æ÷úÌ/>⁄ås…8lìê¥ˆÿ…πkÜ5˜Á”ÒΩ∫Œ±LÏ«…Ô!æ‘æoxa:,WáMgçKk≥#«b˛vá≈ñT«nñ.◊‹vπ˙|uèºDD∂|◊°ÌˆùÕ∫ë”´∑€“ní›n∂¨ùÙá€ûÜ}æíïïÙ∫›:}üÿ˘˜éºË˝8Ào∞Ê’Üï≈á&’;=˙+‘B˚u}⁄£≠π‹±˘%_Æ€ﬁ;…ÚNºŸF>6ns°ÀeüÎƒ˝≥}fÍ›e%cÏ√üzÏÍıblè]Ko⁄ûÈC”u;›«}ùÕõ´ª£Z.YΩ&uÙœ«Œ°^Îp™œäV¡‘sè:B{,rèªL˛„œºŒ/∫Õ=ŸÚ}€ â(›ogˇÇù"˙∆∂€Íü0(∂´¸ØA±ôæù$†úf;~‰
wçŸ”≠◊Ç3˚(—ˇ`†dÒjﬂÒ°8b˚å∂ªπ‹~ó,„∑œKÌtzÑWrá›	”K†›)äQ~¯
Ÿ‹≥◊êE8aÓ∞k/¡]ª"•_ÑÀ≤qy7•|ı¨≈\«tNÃ¡»≥a)ˆûåΩi∂ O]ÓÂ,?1v•›êÅ1«Ÿ/xj¬⁄º†Q‘¸≈ªéÊ$éã}Ÿ£y™ËÙÁ%Ï≠⁄nÈÔ>–m¿˚û˚ÿäYbìÌE⁄_Îër˘ÄMQ't£Ì¿3^ó ÎË’ı[∆QÚ”.ÿÊˇ<¨Û¡¬ñŒõ«ºtò´Ï∑‡uﬁ¬`:“›!}G_áÊ“ÇÓ≥NÏÄvÚ‹◊˘k^\:^y˝≥≈©ªBØ9ZÛ“aºBÓFÀ∞û»ˇF˝:Ò1“¿ÂÖá‰Œ;C2º.Ì¯E˝~“Úı	‹â˜∆¿Œ±°wloÕÒ˜$À52„£è»ª∂Ω<;˝7µˇòÇÉc~ÊzÊŸò#€¢_î(7Ωi©òµ<L:∂O¸¸;˚x7ú‚ñÕ°Æx@íøÚ6g±µ©¨v®éπE÷ıÃˇÓ∞|‹ShWP·|·5Ÿ˚8i ˚¯Ì1Òí˘À⁄Æö#Í±<xø ˜»9<€YÑÓ∏Ï"2íu~Ò~óÔ¥ìøÓÈR¿≤óêÓπZ{–ÖΩé˘h[¸‘È†eFâ@¢·â*!ëXdã@≈ìiƒ¿`(àÔÁÂ≠âÉºJ¬#™HH
kRXáBRT£At:8QÈH°Ç¥à&—‡«i≠Õã§3ÀD%ÆöâÌ!ç^•R®¬ TÖÎtjñ´+o¯«"Ñ∫e<‚˘Úy~ê–ü>Ÿ€_‚'`Kx´à„√Í¯~	k\ÉD°Lbêõ3úÎÎ	q¯\∂Øø0ÍïäI
R¢:ù<yÑZâË`åáDäX à¶:+¯∫«¿fÌ≈ÛÂ~˚ú@©í<[∫∏æ?à'˙â%l†_‰…Üƒ˛B∂[ÃÖÿ|æ{&ΩFπrπÒÉ<π˛‡ìc0;fkÃÚ*π"LØÅ')P<B+—0í¡êXØÜCa-ı◊¡°àR	CN¶Í-p`g≠” <ﬁ¨Çx*ëZm`qîJäπáåè gQ"ZHÆA# á#Át2414p™y&√ú„ M˘z≤Eûº¿@É ∏@e£æ WÉ∫òx"µ≤3r¸B>W¬ñ4R.ïI®Ñ¡ ó√gã≈@':Ä$R°5X@°¬º∏Ë$#0UËïaYM2ãL¡”àÑ¶∏I$â÷ Ø.´± /ïHˇé Ø>F„ é…£Wì◊xÄõ‰“i?‡∆ÅÈ4 w∏qùÿÑ «dû•Sö‡@.ïàß1+Õµ~?uã*J\íj“.$ÊäFpE¿øÅØ@Æ∞Z·äjdàF.·ÚFp={’-èàáºÙJ%‰Å ¢ ®tPhf!¿
*ölAΩUh“õıñ Z‰éjuΩ]∞r¢D‰®
≈Íà$2ÖJ£3òc  ¨.¸$a?Ω2¨Ωö» Z ¥Ù∞Lc#<*£ò0
â (!®=Àz®5»§Iòtœdñ9*ùBáI"ñÍ‡0•¬ \–€P˛∂é˛ŒÜ#·â√Çƒâ¸ÄôÚ÷ŒÉÇå6É(‰À¿≥M–≠ClçN!Eï($ k#`¨åhZùÅ°Uà*’)c–T£ZÖ¬Dìù™h∂aZ5£—j⁄¨¨I≥˙M#7ô˛*àjº„Wñ˜méë„˙J$ñFÖÏƒ4˛òÉ¿pÖ¨LR GÜB√Ùë`rz-4B#i,¯uB†IMH•“$j–p√¥€@(kÑïFi2=V’P®(Ø¡P ì†M¢9`ï4"LïBá4Ûªò[å‰xL&ƒ ÊW%8Bmp4!^ áÜ£j33"‘w6‚zÄ∞	ùáI%¸í*≠C’ïZÖVQfm∏◊à;fÂ§≠q™c6)Ó* k0Ó|QàÁŸ‹UB¶«“h¿÷H±.*¯˚áXMh2ûlı£÷ó˙*∞â¢)|4jì©™Ç®∆ªreyvÂ —ñA~ÿ@ˇ_I$xFÃ∏•A÷¬–èZx*LQ¨Fd&7Î`ï&Ê≠ÔÄ∏:ÿ§^Eßñã"·1:óÈ•:-∂•ƒÅ5:V›Ωp8ú°)ƒ”!P"VPw/Cc4t"’ôâ˝àU◊Ûvmà4§È‘Ú2¶1L,‘ﬂ(~ÄI<‘_k¥àÇµ¶íuK?øöfı/ùêH¨$çXI÷Uç	ÿéœ◊∞Ç–O$©Ê6uÀ7-—JDk÷4P _W∂TfT√ºÛf.±.£”†ëÿV¶V_∂õ§y¿°Xö¨©ÖH4WR√Öíh`≠— ’Ë&ÇN:XcG&•Ü aòà#»âLÖ*ï„ò°2
éJ¢Àe°à\*eVôé S-/Ö˙óMœ`N9™œÇjHÉHıjDf Ç˙“Òf7E´h™ﬁê,S~›2´†åT hµ†¨ƒUÖ¥jC	Æî–kGIeÑ‘Ë”Ù¢ÉPIMázùË0ßdÛ¯ ◊cÓMÊ[∂…Ç¸≈û◊_q¸|A(!Ê˘˘B∆`kT£S®`%h4M¥ñ¢*Áä`¿+œ†“Ie ˝@»›Ò≤µ’É† KØíÍ@{Vµ •Óâa¶Ò3bÛ˘áÕÁ¯ÛŸ091‘¡Ê˚s≈5ÌﬂVÉÉt®V"!j8‡8D™T`#p;* Ê˙Ùó¢ c)=∂	—kÅΩËıÈhx“m∏B≠V®¬∞éPmôK Ô•‘x”CØG?‰7i8¨
C™ÿ™°#"zç…§ıË	î$W  `Ω†˛TCHa( ®PÇ¯ -$»Ê≈1»ÑäqÓFêÑÅøÙ¿CÄÂ‘
B÷d∞ŒxQ~˙ÜàPH·é:Ck!?ë'»?∞≥√Ÿõ?Ç-‚÷ì*J6-6=å)ITW√Î‚ï∂6≤Ì∑«’∏ú¯[ı∞rÖ@qÕ, Ú√…‰§“ 
tÚEÉ°)êÈ∑ﬁU+E·J´~b|L&3/6’X.GuÜâW\VB ñVì8√¢jà3Â’–Ü5•ªÎÀaT⁄ÇR•E9`CÀ´± ≈*0/≈*	.6Ãt6’3](‰“ß(˜oÉXöïf¨RhC@ÆàD∞Â∞Rã ±√I‘ÿ™@ñı_N‘òú»d"ΩUÖHQRI©∆bôB~SÈ v°LÂ∫(µπÊë∞R_Z^S8S◊^Çk]àôƒ⁄∏HƒÛ6Qê;FÆtpY:™(s3£≠å;|$Ç…‡usT],U;O5ñ©∆Uu≤UÕ|Uï±¿Yu≥V}x´NÊ™ãªÍbØZ˘´f3œaÊX¨újdó*TR°∏^W[4ú¸™R≠©8⁄•∂1˚∏¢6¨Ú•É>ÉKµ´A@‡&ÅuW5GKT*ï¡t&X=»¿j’Leñ2À+TpÑ˘ä*¨iû7+◊T%`X)èÉÕ5¿“£ﬂÜ¿r`Ø£∞Rb∆î\7À}#9◊èü±ÀX÷É*≠!€Å¥z©—jÂ`äQÿ¶YYÍdLrúå7djD+
7∆∫
cîåB∞D±0∂ÂçÖºÜN¶k_ÿf∑)∆Ekäq)xô⁄‡èÄ'ìÕ¶x¥*˘ObTÀÔ∞ôÎA|è±πJ0KöÕÒæmn5&üıI=5HŸ‰8zÉ
s‰Uj¿ 5ÃíV·Vö7ﬂœÉÕáƒ><°–∏QÄ%§•35XáÚ2≤µ¡ÉMQ≤Kùﬁ8gäµ—/ÿr9"s∆Z∫àMÕjH	±È0ÍÔÂuã0ÄÃÜq¯<ÆØÑ[SüÚ√ûRØgÀ"**öäˇRûˇRû¶<5§!Ê¬Ñz&BfäÜfG’√É™)èôT∆\XPÔ‘®ZHP!Âix0`6®#w™4 u™5´}˘ØsÒ7õïUÊ&=†&√>j›Ma√íÜèÄµÅ-◊è˝æôt+_AØxjÚ9á+ÆqÙ¶W<ı]ˇjˇBà´T ˛≠æÜmhVß\ÛrâÜô∞f¢BéÌ®!f%ac!ÀVæ\èHáÇ'æﬂL®_,“à@§“¨æuâ'‘πƒ™.Ò’ë(ÿK(L2ΩíQwÒﬂ(íZ—æ˘‚5YÉ{ÒøöƒÔpÒﬂ4FÂ◊qÒüÇΩ¶¬§6˘≈
ˆJ	°"‘≈„¿ﬁeiÚãˇÜà∫9«˘÷˙ôtπ≤Òü¬"RÒJ9]2vaõoﬁ\”·U©FÎÓ˛„¨¶Iﬂ”ä`fÖW-ÇÿBûQj”ç0Z≈TXâ¬2∞RPhDT⁄§ ÿë ⁄·àRmHß!*âQMßT`jûŒ†5-E2‰&†≈Í≤Kã’%6=-öüı∑”"&Düj”b©‹˛>îi` ˜{ 8ìBjBZƒdbÔ6ı˚PT:ãHƒì®§Ô~ì¿ˇ   ˇˇ 	ZVÙ